日期,26日平均气温
2013-09-30,17.8275
2013-10-01,18.4125
2013-10-02,19.02875
2013-10-03,19.455
2013-10-04,19.995
2013-10-05,20.4425
2013-10-06,20.28125
2013-10-07,19.49875
2013-10-08,18.9625
2013-10-09,18.33625
2013-10-10,17.68625
2013-10-11,17.00375
2013-10-12,16.39875
2013-10-13,15.79
2013-10-14,15.2625
2013-10-15,15.6525
2013-10-16,15.91
2013-10-17,15.44875
2013-10-18,14.895
2013-10-19,14.0275
2013-10-20,13.03875
2013-10-21,12.32125
2013-10-22,11.4575
2013-10-23,10.225
2013-10-24,8.81125
2013-10-25,7.8725
2013-10-26,7.17875
2013-10-27,6.93125
2013-10-28,6.74
2013-10-29,6.385
2013-10-30,7.15875
2013-10-31,8.5275
2013-11-01,9.565
2013-11-02,10.295
2013-11-03,10.405
2013-11-04,10.53875
2013-11-05,10.94875
2013-11-06,11.45375
2013-11-07,10.59125
2013-11-08,9.09875
2013-11-09,8.58125
2013-11-10,8.4175
2013-11-11,8.31625
2013-11-12,7.395
2013-11-13,5.7475
2013-11-14,4.435
2013-11-15,4.42
2013-11-16,4.95375
2013-11-17,5.8475
2013-11-18,6.0125
2013-11-19,5.675
2013-11-20,5.89625
2013-11-21,7.13125
2013-11-22,7.96375
2013-11-23,7.265
2013-11-24,5.51875
2013-11-25,3.22
2013-11-26,2.04625
2013-11-27,1.2875
2013-11-28,0.50375
2013-11-29,-0.7575
2013-11-30,-1.71625
2013-12-01,-1.2675
2013-12-02,-0.0662500000000003
2013-12-03,1.22
2013-12-04,2.61875
2013-12-05,4.0525
2013-12-06,4.11625
2013-12-07,3.55625
2013-12-08,2.70625
2013-12-09,1.85375
2013-12-10,0.47125
2013-12-11,-1.25375
2013-12-12,-3.8425
2013-12-13,-5.505
2013-12-14,-5.15
2013-12-15,-4.87125
2013-12-16,-4.76
2013-12-17,-4.8675
2013-12-18,-4.53
2013-12-19,-3.2075
2013-12-20,-0.651250000000001
2013-12-21,1.1125
2013-12-22,2.07625
2013-12-23,2.4825
2013-12-24,2.03625
2013-12-25,1.86625
2013-12-26,2.2175
2013-12-27,1.84375
2013-12-28,0.9675
2013-12-29,0.255
2013-12-30,-1.20625
2013-12-31,-1.68625
2014-01-01,-0.8725
2014-01-02,-0.83
2014-01-03,-2.3925
2014-01-04,-3.12875
2014-01-05,-3.565
2014-01-06,-6.135
2014-01-07,-8.19
2014-01-08,-8.8675
2014-01-09,-9.43
2014-01-10,-8.6325
2014-01-11,-6.23875
2014-01-12,-5.4475
2014-01-13,-4.62625
2014-01-14,-2.205
2014-01-15,0.0275
2014-01-16,0.8
2014-01-17,0.98375
2014-01-18,-0.21625
2014-01-19,-1.4
2014-01-20,-1.4
2014-01-21,-3.0225
2014-01-22,-5.1425
2014-01-23,-6.515
2014-01-24,-7.89
2014-01-25,-7.80125
2014-01-26,-7.5875
2014-01-27,-8.17125
2014-01-28,-10.52875
2014-01-29,-11.42875
2014-01-30,-10.47375
2014-01-31,-8.84625
2014-02-01,-6.6375
2014-02-02,-6.19375
2014-02-03,-6.1675
2014-02-04,-5.96
2014-02-05,-4.325
2014-02-06,-3.975
2014-02-07,-5.26875
2014-02-08,-6.685
2014-02-09,-7.78625
2014-02-10,-9.26625
2014-02-11,-10.62
2014-02-12,-11.44
2014-02-13,-11.98875
2014-02-14,-11.07125
2014-02-15,-9.86875
2014-02-16,-9.0125
2014-02-17,-8.84
2014-02-18,-7.01
2014-02-19,-4.34
2014-02-20,-1.8525
2014-02-21,-0.12875
2014-02-22,0.79875
2014-02-23,1.82875
2014-02-24,1.99
2014-02-25,2.17125
2014-02-26,0.90125
2014-02-27,-0.61125
2014-02-28,-2.28875
2014-03-01,-2.7875
2014-03-02,-3.7325
2014-03-03,-5.0075
2014-03-04,-5.64875
2014-03-05,-5.84125
2014-03-06,-5.1725
2014-03-07,-4.14
2014-03-08,-2.81375
2014-03-09,-2.88
2014-03-10,-1.6775
2014-03-11,0.78
2014-03-12,2.535
2014-03-13,2.62875
2014-03-14,3.72
2014-03-15,4.49625
2014-03-16,4.105
2014-03-17,3.78875
2014-03-18,3.385
2014-03-19,3.1925
2014-03-20,3.19
2014-03-21,4.69875
2014-03-22,4.9575
2014-03-23,4.2975
2014-03-24,4.05
2014-03-25,4.2
2014-03-26,3.56875
2014-03-27,3.01125
2014-03-28,3.6225
2014-03-29,3.1625
2014-03-30,2.60125
2014-03-31,3.4325
2014-04-01,5.255
2014-04-02,6.575
2014-04-03,8.32
2014-04-04,9.3025
2014-04-05,8.75125
2014-04-06,9.00625
2014-04-07,9.51875
2014-04-08,9.515
2014-04-09,8.97375
2014-04-10,9.335
2014-04-11,9.68875
2014-04-12,10.09375
2014-04-13,11.8275
2014-04-14,12.95
2014-04-15,12.22125
2014-04-16,11.4575
2014-04-17,11.495
2014-04-18,11.475
2014-04-19,11.13125
2014-04-20,10.92625
2014-04-21,10.525
2014-04-22,10.4425
2014-04-23,11.29
2014-04-24,12.5125
2014-04-25,13.1925
2014-04-26,13.50125
2014-04-27,13.8275
2014-04-28,14.055
2014-04-29,14.09625
2014-04-30,13.8775
2014-05-01,14.02
2014-05-02,13.74625
2014-05-03,13.48625
2014-05-04,13.41875
2014-05-05,13.3675
2014-05-06,13.46
2014-05-07,13.9075
2014-05-08,15.1425
2014-05-09,16.57875
2014-05-10,17.58375
2014-05-11,18.4975
2014-05-12,19.54
2014-05-13,20.56375
2014-05-14,20.405
2014-05-15,19.2775
2014-05-16,17.56375
2014-05-17,15.97625
2014-05-18,15.0825
2014-05-19,14.295
2014-05-20,13.845
2014-05-21,13.83125
2014-05-22,14.53
2014-05-23,15.3775
2014-05-24,16.39875
2014-05-25,17.74
2014-05-26,19.08375
2014-05-27,20.32375
2014-05-28,20.73875
2014-05-29,20.69
2014-05-30,20.885
2014-05-31,21.46125
2014-06-01,22.1675
2014-06-02,22.6575
2014-06-03,22.905
2014-06-04,22.64625
2014-06-05,22.19875
2014-06-06,21.97375
2014-06-07,21.92
2014-06-08,21.70375
2014-06-09,21.275
2014-06-10,20.78875
2014-06-11,20.37875
2014-06-12,20.3175
2014-06-13,20.43875
2014-06-14,20.155
2014-06-15,20.07125
2014-06-16,20.57
2014-06-17,21.42375
2014-06-18,22.31125
2014-06-19,23.02625
2014-06-20,23.48625
2014-06-21,23.9725
2014-06-22,24.82
2014-06-23,25.35
2014-06-24,25.22125
2014-06-25,24.8425
2014-06-26,24.43
2014-06-27,24.2075
2014-06-28,24.1875
2014-06-29,24.22875
2014-06-30,24.2425
2014-07-01,24.405
2014-07-02,24.30375
2014-07-03,23.83125
2014-07-04,23.315
2014-07-05,22.82625
2014-07-06,22.545
2014-07-07,22.6425
2014-07-08,22.58
2014-07-09,22.1175
2014-07-10,21.95875
2014-07-11,22.26625
2014-07-12,22.87
2014-07-13,23.57625
2014-07-14,23.8025
2014-07-15,23.10875
2014-07-16,22.2675
2014-07-17,21.7025
2014-07-18,21.395
2014-07-19,21.07375
2014-07-20,20.80375
2014-07-21,20.4775
2014-07-22,20.6625
2014-07-23,21.32125
2014-07-24,21.68375
2014-07-25,21.86625
2014-07-26,22.3225
2014-07-27,23.00625
2014-07-28,22.88125
2014-07-29,22.22125
2014-07-30,21.53375
2014-07-31,21.095
2014-08-01,21.335
2014-08-02,21.675
2014-08-03,21.6475
2014-08-04,21.4675
2014-08-05,21.7825
2014-08-06,22.4275
2014-08-07,22.7525
2014-08-08,22.7775
2014-08-09,22.78625
2014-08-10,22.92625
2014-08-11,22.9825
2014-08-12,22.69125
2014-08-13,22.20625
2014-08-14,21.91
2014-08-15,21.4825
2014-08-16,21.39375
2014-08-17,21.35125
2014-08-18,21.2675
2014-08-19,21.415
2014-08-20,21.7925
2014-08-21,22.48125
2014-08-22,23.12
2014-08-23,23.9675
2014-08-24,24.55625
2014-08-25,25.0775
2014-08-26,25.44375
2014-08-27,25.565
2014-08-28,25.55125
2014-08-29,25.4975
2014-08-30,25.36
2014-08-31,25.02625
2014-09-01,24.90375
2014-09-02,24.555
2014-09-03,24.1575
2014-09-04,24.02625
2014-09-05,24.26125
2014-09-06,23.97625
2014-09-07,23.245
2014-09-08,22.74875
2014-09-09,22.28375
2014-09-10,22.2125
2014-09-11,21.82125
2014-09-12,20.70375
2014-09-13,19.1575
2014-09-14,18.04375
2014-09-15,17.5325
2014-09-16,17.065
2014-09-17,16.345
2014-09-18,15.4925
2014-09-19,15.1725
2014-09-20,15.73625
2014-09-21,16.62125
2014-09-22,16.72125
2014-09-23,16.6275
2014-09-24,16.745
2014-09-25,17.11875
2014-09-26,17.5275
2014-09-27,17.92625
2014-09-28,18.00625
2014-09-29,17.9925
2014-09-30,18.53375
2014-10-01,18.94
2014-10-02,19.48875
2014-10-03,19.68375
2014-10-04,18.32125
2014-10-05,17.005
2014-10-06,16.09375
2014-10-07,15.25125
2014-10-08,14.7575
2014-10-09,14.225
2014-10-10,13.11625
2014-10-11,12.06
2014-10-12,12.54
2014-10-13,13.6775
2014-10-14,14.36625
2014-10-15,14.30875
2014-10-16,14.0825
2014-10-17,14.215
2014-10-18,14.1975
2014-10-19,13.9625
2014-10-20,13.91375
2014-10-21,13.00625
2014-10-22,11.82875
2014-10-23,11.29375
2014-10-24,11.07875
2014-10-25,11.16625
2014-10-26,11.47375
2014-10-27,12.45375
2014-10-28,13.275
2014-10-29,13.17375
2014-10-30,12.95875
2014-10-31,12.60125
2014-11-01,11.51625
2014-11-02,9.9225
2014-11-03,9.16875
2014-11-04,8.4975
2014-11-05,7.4375
2014-11-06,7.1775
2014-11-07,6.8275
2014-11-08,6.78375
2014-11-09,7.20125
2014-11-10,8.02875
2014-11-11,8.4225
2014-11-12,7.20875
2014-11-13,5.75125
2014-11-14,4.295
2014-11-15,3.36
2014-11-16,2.56125
2014-11-17,1.4425
2014-11-18,-0.73125
2014-11-19,-2.74125
2014-11-20,-3.4125
2014-11-21,-3.71625
2014-11-22,-2.80375
2014-11-23,-1.25375
2014-11-24,-0.0037499999999997
2014-11-25,0.5725
2014-11-26,1.46625
2014-11-27,1.86375
2014-11-28,1.98375
2014-11-29,2.975
2014-11-30,4.11125
2014-12-01,3.37625
2014-12-02,2.12875
2014-12-03,2.13625
2014-12-04,2.2775
2014-12-05,2.905
2014-12-06,3.88
2014-12-07,3.60375
2014-12-08,2.31875
2014-12-09,2.27
2014-12-10,2.53375
2014-12-11,2.30625
2014-12-12,2.20375
2014-12-13,2.05375
2014-12-14,2.0725
2014-12-15,2.67125
2014-12-16,3.1475
2014-12-17,2.67625
2014-12-18,2.13125
2014-12-19,1.9
2014-12-20,1.88625
2014-12-21,1.4425
2014-12-22,1.00875
2014-12-23,1.32375
2014-12-24,1.34375
2014-12-25,1.7975
2014-12-26,2.6675
2014-12-27,3.8625
2014-12-28,4.28125
2014-12-29,4.27
2014-12-30,3.7
2014-12-31,1.7925
2015-01-01,0.41875
2015-01-02,-0.0937499999999999
2015-01-03,-0.12375
2015-01-04,-0.45375
2015-01-05,-1.77875
2015-01-06,-2.5175
2015-01-07,-3.62375
2015-01-08,-4.76375
2015-01-09,-5.33
2015-01-10,-6.6875
2015-01-11,-7.59875
2015-01-12,-8.27375
2015-01-13,-8.04
2015-01-14,-8.3
2015-01-15,-7.5325
2015-01-16,-5.775
2015-01-17,-4.4925
2015-01-18,-2.4975
2015-01-19,-1.86625
2015-01-20,-1.44125
2015-01-21,-0.26875
2015-01-22,0.93375
2015-01-23,1.54875
2015-01-24,1.73375
2015-01-25,1.70875
2015-01-26,0.78875
2015-01-27,0.19
2015-01-28,-0.62375
2015-01-29,-0.6825
2015-01-30,-0.8275
2015-01-31,-1.01375
2015-02-01,-0.83625
2015-02-02,-1.59125
2015-02-03,-1.9475
2015-02-04,-1.53
2015-02-05,-2.0575
2015-02-06,-3.11875
2015-02-07,-2.74875
2015-02-08,-1.4925
2015-02-09,-1.49875
2015-02-10,-1.225
2015-02-11,-0.545
2015-02-12,-1.0975
2015-02-13,-0.94625
2015-02-14,-0.65625
2015-02-15,-2.3675
2015-02-16,-4.63375
2015-02-17,-6.08
2015-02-18,-6.945
2015-02-19,-8.95
2015-02-20,-10.34625
2015-02-21,-9.89375
2015-02-22,-9.9075
2015-02-23,-9.81875
2015-02-24,-10.21625
2015-02-25,-9.52375
2015-02-26,-9.09125
2015-02-27,-8.50625
2015-02-28,-7.79
2015-03-01,-7.74375
2015-03-02,-7.76
2015-03-03,-6.4475
2015-03-04,-4.705
2015-03-05,-5.11
2015-03-06,-5.83
2015-03-07,-4.51
2015-03-08,-3.03875
2015-03-09,-2.14875
2015-03-10,-0.9525
2015-03-11,-0.0412500000000005
2015-03-12,0.79125
2015-03-13,2.775
2015-03-14,5.54875
2015-03-15,6.77875
2015-03-16,8.2
2015-03-17,9.04375
2015-03-18,8.71875
2015-03-19,8.5025
2015-03-20,8.3325
2015-03-21,8.4175
2015-03-22,7.88375
2015-03-23,7.34125
2015-03-24,5.89125
2015-03-25,5.715
2015-03-26,6.18
2015-03-27,5.63
2015-03-28,4.6125
2015-03-29,3.70125
2015-03-30,3.97625
2015-03-31,4.8725
2015-04-01,5.88625
2015-04-02,6.4275
2015-04-03,7.18
2015-04-04,7.87125
2015-04-05,9.28125
2015-04-06,10.57125
2015-04-07,11.3625
2015-04-08,11.9625
2015-04-09,13.08875
2015-04-10,13.2475
2015-04-11,12.94125
2015-04-12,13.67125
2015-04-13,14.57375
2015-04-14,14.8125
2015-04-15,14.56625
2015-04-16,14.36625
2015-04-17,14.04625
2015-04-18,14.33875
2015-04-19,15.06
2015-04-20,15.25625
2015-04-21,14.515
2015-04-22,13.895
2015-04-23,13.17875
2015-04-24,12.4175
2015-04-25,11.68375
2015-04-26,10.59875
2015-04-27,9.7175
2015-04-28,9.19875
2015-04-29,9.345
2015-04-30,9.645
2015-05-01,10.1425
2015-05-02,11.005
2015-05-03,11.87625
2015-05-04,13.17375
2015-05-05,14.605
2015-05-06,15.96
2015-05-07,17.19375
2015-05-08,18.6025
2015-05-09,19.925
2015-05-10,20.69125
2015-05-11,21.19875
2015-05-12,20.8175
2015-05-13,19.90375
2015-05-14,19.15125
2015-05-15,18.93125
2015-05-16,18.7075
2015-05-17,18.68125
2015-05-18,18.7475
2015-05-19,18.05375
2015-05-20,17.43625
2015-05-21,17.21375
2015-05-22,17.195
2015-05-23,16.93375
2015-05-24,16.895
2015-05-25,16.96125
2015-05-26,16.87125
2015-05-27,17.54875
2015-05-28,18.7625
2015-05-29,20.17375
2015-05-30,21.23875
2015-05-31,21.125
2015-06-01,20.305
2015-06-02,19.40875
2015-06-03,18.86625
2015-06-04,18.635
2015-06-05,18.74125
2015-06-06,18.46875
2015-06-07,18.455
2015-06-08,19.2825
2015-06-09,20.31625
2015-06-10,21.51375
2015-06-11,22.59
2015-06-12,23.3875
2015-06-13,23.85
2015-06-14,24.50875
2015-06-15,24.88375
2015-06-16,25.01125
2015-06-17,25.12375
2015-06-18,25.07125
2015-06-19,24.66125
2015-06-20,24.2275
2015-06-21,24.07375
2015-06-22,23.925
2015-06-23,23.88625
2015-06-24,23.59
2015-06-25,23.55875
2015-06-26,23.31
2015-06-27,22.94125
2015-06-28,22.47875
2015-06-29,21.925
2015-06-30,21.51
2015-07-01,20.895
2015-07-02,20.63375
2015-07-03,20.39125
2015-07-04,20.25
2015-07-05,20.61375
2015-07-06,21.1625
2015-07-07,21.50875
2015-07-08,21.1675
2015-07-09,21.255
2015-07-10,21.35125
2015-07-11,21.46
2015-07-12,21.8275
2015-07-13,22.11625
2015-07-14,22.35875
2015-07-15,22.2575
2015-07-16,22.7
2015-07-17,23.2575
2015-07-18,23.995
2015-07-19,24.63875
2015-07-20,24.77
2015-07-21,24.7
2015-07-22,24.26875
2015-07-23,24.2975
2015-07-24,24.44375
2015-07-25,24.25375
2015-07-26,24.03625
2015-07-27,23.83125
2015-07-28,23.965
2015-07-29,24.28625
2015-07-30,24.5725
2015-07-31,24.8
2015-08-01,24.83875
2015-08-02,24.825
2015-08-03,24.815
2015-08-04,24.60875
2015-08-05,24.1975
2015-08-06,23.52125
2015-08-07,23.09875
2015-08-08,22.95375
2015-08-09,22.995
2015-08-10,23.01125
2015-08-11,22.81125
2015-08-12,22.535
2015-08-13,22.35625
2015-08-14,22.5975
2015-08-15,23.00125
2015-08-16,23.20625
2015-08-17,23.275
2015-08-18,23.195
2015-08-19,23.28
2015-08-20,23.15875
2015-08-21,22.97
2015-08-22,22.67125
2015-08-23,22.50875
2015-08-24,21.99875
2015-08-25,21.24
2015-08-26,20.64375
2015-08-27,20.01875
2015-08-28,20.05625
2015-08-29,20.39375
2015-08-30,20.76125
2015-08-31,20.92375
2015-09-01,21.48125
2015-09-02,22.4
2015-09-03,23.31625
2015-09-04,24.23125
2015-09-05,24.86375
2015-09-06,25.29875
2015-09-07,25.66
2015-09-08,25.9775
2015-09-09,25.79625
2015-09-10,25.2775
2015-09-11,24.43375
2015-09-12,23.105
2015-09-13,21.72625
2015-09-14,20.5725
2015-09-15,19.69
2015-09-16,18.94875
2015-09-17,18.69875
2015-09-18,18.88875
2015-09-19,19.2525
2015-09-20,19.47625
2015-09-21,19.82375
2015-09-22,20.03375
2015-09-23,20.0875
2015-09-24,20.11625
2015-09-25,20.03625
2015-09-26,19.5575
2015-09-27,19.34375
2015-09-28,19.90125
2015-09-29,20.34625
2015-09-30,20.14875
2015-10-01,19.45875
2015-10-02,18.51625
2015-10-03,17.19
2015-10-04,16.59
2015-10-05,16.315
2015-10-06,15.93125
2015-10-07,15.67625
2015-10-08,15.99375
2015-10-09,16.50625
2015-10-10,16.69
2015-10-11,17.31
2015-10-12,17.7825
2015-10-13,17.465
2015-10-14,16.78375
2015-10-15,16.13
2015-10-16,15.31375
2015-10-17,14.02625
2015-10-18,13.1025
2015-10-19,12.5125
2015-10-20,12.13625
2015-10-21,12.21625
2015-10-22,12.86125
2015-10-23,13.29
2015-10-24,13.98375
2015-10-25,14.705
2015-10-26,15.3
2015-10-27,15.445
2015-10-28,15.245
2015-10-29,14.38125
2015-10-30,13.13875
2015-10-31,12.1925
2015-11-01,11.59
2015-11-02,11.5375
2015-11-03,11.825
2015-11-04,12.4775
2015-11-05,13.0975
2015-11-06,14.03
2015-11-07,14.225
2015-11-08,13.94125
2015-11-09,13.06375
2015-11-10,12.42625
2015-11-11,11.74625
2015-11-12,11.16375
2015-11-13,9.8375
2015-11-14,8.42875
2015-11-15,8.38625
2015-11-16,8.635
2015-11-17,9.23
2015-11-18,10.15125
2015-11-19,10.43
2015-11-20,9.5925
2015-11-21,9.15875
2015-11-22,8.0675
2015-11-23,6.74
2015-11-24,5.90625
2015-11-25,5.3525
2015-11-26,4.8975
2015-11-27,5.17375
2015-11-28,5.45125
2015-11-29,5.4925
2015-11-30,6.54875
2015-12-01,7.705
2015-12-02,7.85875
2015-12-03,7.15875
2015-12-04,5.79625
2015-12-05,4.28
2015-12-06,3.78
2015-12-07,3.89375
2015-12-08,4.02
2015-12-09,4.13125
2015-12-10,4.78625
2015-12-11,6.04125
2015-12-12,8.00625
2015-12-13,9.85875
2015-12-14,11.21875
2015-12-15,11.5275
2015-12-16,11.70375
2015-12-17,11.1025
2015-12-18,9.9475
2015-12-19,8.3675
2015-12-20,6.46875
2015-12-21,5.53125
2015-12-22,5
2015-12-23,5.665
2015-12-24,6.035
2015-12-25,6.5775
2015-12-26,7.73
2015-12-27,9.2825
2015-12-28,9.62625
2015-12-29,9.3975
2015-12-30,8.355
2015-12-31,6.715
2016-01-01,5.21
2016-01-02,4.03625
2016-01-03,2.91125
2016-01-04,1.37625
2016-01-05,0.46
2016-01-06,-0.56625
2016-01-07,-0.65875
2016-01-08,0.01
2016-01-09,1.215
2016-01-10,1.1525
2016-01-11,0.0500000000000003
2016-01-12,-0.285
2016-01-13,-1.1125
2016-01-14,-0.79
2016-01-15,-0.245
2016-01-16,-0.93125
2016-01-17,-2.6025
2016-01-18,-4.14875
2016-01-19,-4.44
2016-01-20,-4.74125
2016-01-21,-4.3025
2016-01-22,-4.99
2016-01-23,-6.16875
2016-01-24,-6.75125
2016-01-25,-6.05875
2016-01-26,-4.01
2016-01-27,-2.80375
2016-01-28,-1.93
2016-01-29,-1.13625
2016-01-30,0.0175
2016-01-31,1.78625
2016-02-01,3.18875
2016-02-02,3.7975
2016-02-03,4.71875
2016-02-04,4.875
2016-02-05,4.6475
2016-02-06,4.63
2016-02-07,4.51
2016-02-08,3.51875
2016-02-09,2.14875
2016-02-10,0.5175
2016-02-11,-1.6525
2016-02-12,-2.17
2016-02-13,-3.065
2016-02-14,-4.05125
2016-02-15,-4.80375
2016-02-16,-5.13
2016-02-17,-4.59875
2016-02-18,-3.605
2016-02-19,-1.585
2016-02-20,0.48375
2016-02-21,2.675
2016-02-22,4.17875
2016-02-23,4.94
2016-02-24,5.51625
2016-02-25,5.63
2016-02-26,5.58375
2016-02-27,4.69
2016-02-28,4.36
2016-02-29,4.24875
2016-03-01,4.4425
2016-03-02,3.76875
2016-03-03,3.33125
2016-03-04,3.36125
2016-03-05,3.69875
2016-03-06,3.90375
2016-03-07,4.03
2016-03-08,4.8825
2016-03-09,6.1275
2016-03-10,7.96125
2016-03-11,9.0375
2016-03-12,10.285
2016-03-13,11.705
2016-03-14,12.9775
2016-03-15,13.47
2016-03-16,13.455
2016-03-17,12.8475
2016-03-18,12.245
2016-03-19,11.805
2016-03-20,10.8325
2016-03-21,9.5625
2016-03-22,8.91875
2016-03-23,8.8375
2016-03-24,8.84
2016-03-25,8.17375
2016-03-26,8.01
2016-03-27,8.82625
2016-03-28,9.52375
2016-03-29,9.975
2016-03-30,10.215
2016-03-31,10.4975
2016-04-01,10.045
2016-04-02,10.14625
2016-04-03,9.895
2016-04-04,9.67625
2016-04-05,8.955
2016-04-06,9.11625
2016-04-07,8.68375
2016-04-08,7.16125
2016-04-09,5.9275
2016-04-10,5.725
2016-04-11,6.64125
2016-04-12,6.07625
2016-04-13,6.605
2016-04-14,6.77875
2016-04-15,7.53
2016-04-16,9.0625
2016-04-17,10.9975
2016-04-18,12.67
2016-04-19,13.43875
2016-04-20,14.83875
2016-04-21,16.00375
2016-04-22,16.58375
2016-04-23,16.53625
2016-04-24,16.315
2016-04-25,16.5225
2016-04-26,16.67625
2016-04-27,16.24375
2016-04-28,16.04
2016-04-29,15.715
2016-04-30,15.45875
2016-05-01,15.9325
2016-05-02,15.86625
2016-05-03,15.0925
2016-05-04,14.10875
2016-05-05,13.4225
2016-05-06,13.125
2016-05-07,13.54
2016-05-08,13.6875
2016-05-09,13.445
2016-05-10,13.80625
2016-05-11,14.59875
2016-05-12,15.56875
2016-05-13,16.3225
2016-05-14,16.07625
2016-05-15,15.01875
2016-05-16,14.5175
2016-05-17,14.08125
2016-05-18,13.54375
2016-05-19,12.90625
2016-05-20,12.3025
2016-05-21,12.32625
2016-05-22,13.0125
2016-05-23,14.08125
2016-05-24,15.2675
2016-05-25,16.5525
2016-05-26,17.78125
2016-05-27,18.885
2016-05-28,19.9825
2016-05-29,20.87125
2016-05-30,21.56
2016-05-31,22.23375
2016-06-01,22.675
2016-06-02,22.7775
2016-06-03,22.675
2016-06-04,22.47125
2016-06-05,22.12875
2016-06-06,21.98375
2016-06-07,21.615
2016-06-08,20.9425
2016-06-09,20.45875
2016-06-10,20.6
2016-06-11,21.2075
2016-06-12,21.82375
2016-06-13,22.1775
2016-06-14,22.5775
2016-06-15,23.34625
2016-06-16,24.285
2016-06-17,24.78125
2016-06-18,24.8525
2016-06-19,24.67625
2016-06-20,24.75
2016-06-21,25.03625
2016-06-22,24.85375
2016-06-23,24.98
2016-06-24,24.8775
2016-06-25,25.1175
2016-06-26,25.515
2016-06-27,25.67
2016-06-28,25.32
2016-06-29,24.58
2016-06-30,24.27875
2016-07-01,23.735
2016-07-02,23.1275
2016-07-03,22.40125
2016-07-04,21.6075
2016-07-05,21.275
2016-07-06,21.495
2016-07-07,22.12625
2016-07-08,22.60875
2016-07-09,22.79875
2016-07-10,23.15375
2016-07-11,23.8025
2016-07-12,24.3475
2016-07-13,24.655
2016-07-14,24.62875
2016-07-15,24.57875
2016-07-16,24.26
2016-07-17,24.2825
2016-07-18,24.77125
2016-07-19,24.915
2016-07-20,25.05375
2016-07-21,25.16
2016-07-22,25.3625
2016-07-23,25.69375
2016-07-24,26.405
2016-07-25,26.85125
2016-07-26,26.76875
2016-07-27,26.77875
2016-07-28,26.64
2016-07-29,26.35875
2016-07-30,25.98125
2016-07-31,25.57
2016-08-01,25.10625
2016-08-02,24.79
2016-08-03,24.845
2016-08-04,24.93875
2016-08-05,25.09875
2016-08-06,25.21375
2016-08-07,25.27375
2016-08-08,25.41125
2016-08-09,25.585
2016-08-10,25.7675
2016-08-11,25.93125
2016-08-12,26.08
2016-08-13,26.00375
2016-08-14,25.8
2016-08-15,25.67625
2016-08-16,25.51
2016-08-17,25.215
2016-08-18,24.90875
2016-08-19,24.49625
2016-08-20,23.9675
2016-08-21,23.4475
2016-08-22,22.97375
2016-08-23,22.70125
2016-08-24,22.7475
2016-08-25,23.05625
2016-08-26,23.275
2016-08-27,23.485
2016-08-28,23.80125
2016-08-29,24.29875
2016-08-30,25.00875
2016-08-31,25.44
2016-09-01,25.12375
2016-09-02,24.375
2016-09-03,23.6925
2016-09-04,23.1625
2016-09-05,22.94125
2016-09-06,22.99625
2016-09-07,23.1525
2016-09-08,23.37375
2016-09-09,23.72625
2016-09-10,24.22375
2016-09-11,24.105
2016-09-12,23.89375
2016-09-13,23.5575
2016-09-14,23.1225
2016-09-15,22.485
2016-09-16,21.99625
2016-09-17,21.82125
2016-09-18,21.6
2016-09-19,21.935
2016-09-20,22.29375
2016-09-21,22.5275
2016-09-22,22.645
2016-09-23,22.96125
2016-09-24,23.0825
2016-09-25,23.105
2016-09-26,22.855
2016-09-27,22.21375
2016-09-28,21.3925
2016-09-29,20.305
2016-09-30,19.30125
2016-10-01,18.15
2016-10-02,17.225
2016-10-03,16.4625
2016-10-04,16.31375
2016-10-05,16.875
2016-10-06,17.615
2016-10-07,18.4325
2016-10-08,18.37125
2016-10-09,18.205
2016-10-10,18.06
2016-10-11,18.0225
2016-10-12,17.935
2016-10-13,17.03
2016-10-14,15.86875
2016-10-15,15.36625
2016-10-16,16.01375
2016-10-17,17.05375
2016-10-18,18.13375
2016-10-19,18.575
2016-10-20,18.33125
2016-10-21,17.9875
2016-10-22,17.58875
2016-10-23,17.07625
2016-10-24,16.3375
2016-10-25,14.82
2016-10-26,13.3825
2016-10-27,12.575
2016-10-28,11.945
2016-10-29,12.7925
2016-10-30,13.91
2016-10-31,14.01375
2016-11-01,14.60125
2016-11-02,15.84625
2016-11-03,16.61
2016-11-04,16.4525
2016-11-05,16.3375
2016-11-06,15.5325
2016-11-07,14.79
2016-11-08,14.6425
2016-11-09,13.53
2016-11-10,12.09875
2016-11-11,11.1275
2016-11-12,10.3675
2016-11-13,9.8
2016-11-14,9.23375
2016-11-15,8.9275
2016-11-16,8.61
2016-11-17,8.91625
2016-11-18,9.98875
2016-11-19,9.56625
2016-11-20,8.89875
2016-11-21,8.23375
2016-11-22,7.55875
2016-11-23,6.94375
2016-11-24,6.6375
2016-11-25,5.68375
2016-11-26,4.1525
2016-11-27,3.76625
2016-11-28,4.64
2016-11-29,6.00625
2016-11-30,7.02875
2016-12-01,6.97625
2016-12-02,6.43
2016-12-03,6.1525
2016-12-04,5.84625
2016-12-05,5.71875
2016-12-06,5.135
2016-12-07,3.8275
2016-12-08,2.26875
2016-12-09,1.15125
2016-12-10,0.20875
2016-12-11,-0.2275
2016-12-12,-0.395
2016-12-13,-1.0375
2016-12-14,-2.3125
2016-12-15,-3.71375
2016-12-16,-4.38875
2016-12-17,-3.50875
2016-12-18,-3.5825
2016-12-19,-4.925
2016-12-20,-5.80875
2016-12-21,-5.7725
2016-12-22,-4.79625
2016-12-23,-3.54625
2016-12-24,-1.995
2016-12-25,-1.8475
2016-12-26,0.51375
2016-12-27,2.53125
2016-12-28,3.45625
2016-12-29,4.13
2016-12-30,4.0625
2016-12-31,4.4775
2017-01-01,4.16375
2017-01-02,4.44875
2017-01-03,3.8925
2017-01-04,3.04625
2017-01-05,2.0375
2017-01-06,0.26375
2017-01-07,-1.26125
2017-01-08,-2.82625
2017-01-09,-3.60625
2017-01-10,-3.795
2017-01-11,-4.32875
2017-01-12,-2.76375
2017-01-13,-2.03625
2017-01-14,-0.6725
2017-01-15,0.79875
2017-01-16,2.4725
2017-01-17,4.27875
2017-01-18,4.2575
2017-01-19,4.1
2017-01-20,3.96625
2017-01-21,5.60375
2017-01-22,6.91625
2017-01-23,7.89
2017-01-24,8.025
2017-01-25,7.54875
2017-01-26,7.36625
2017-01-27,6.80625
2017-01-28,5.51375
2017-01-29,3.875
2017-01-30,2.24625
2017-01-31,1.79625
2017-02-01,1.58375
2017-02-02,0.61375
2017-02-03,-0.25375
2017-02-04,-0.7
2017-02-05,-0.24875
2017-02-06,0.3
2017-02-07,2.16
2017-02-08,2.275
2017-02-09,1.40625
2017-02-10,1.365
2017-02-11,2.99875
2017-02-12,4.86125
2017-02-13,4.92875
2017-02-14,5.07875
2017-02-15,3.90625
2017-02-16,3.39875
2017-02-17,4.86
2017-02-18,6.4325
2017-02-19,6.56625
2017-02-20,6.53625
2017-02-21,7.79375
2017-02-22,8.9875
2017-02-23,10.50125
2017-02-24,12.45125
2017-02-25,12.03625
2017-02-26,10.75875
2017-02-27,10.18125
2017-02-28,10.11625
2017-03-01,10.25625
2017-03-02,8.91625
2017-03-03,7.0125
2017-03-04,5.1225
2017-03-05,5.34625
2017-03-06,6.6975
2017-03-07,7.69125
2017-03-08,7.55375
2017-03-09,6.95
2017-03-10,7.04
2017-03-11,6.8525
2017-03-12,6.43375
2017-03-13,5.61375
2017-03-14,3.8625
2017-03-15,1.6925
2017-03-16,0.3725
2017-03-17,-0.5175
2017-03-18,-0.2975
2017-03-19,0.4575
2017-03-20,1.755
2017-03-21,3.0725
2017-03-22,3.77875
2017-03-23,4.6925
2017-03-24,6.7225
2017-03-25,8.57625
2017-03-26,9.6725
2017-03-27,10.77125
2017-03-28,11.245
2017-03-29,11.3875
2017-03-30,12.77625
2017-03-31,13.73625
2017-04-01,12.8675
2017-04-02,11.93875
2017-04-03,11.8325
2017-04-04,11.87
2017-04-05,11.83125
2017-04-06,11.31
2017-04-07,10.3325
2017-04-08,9.9925
2017-04-09,10.89125
2017-04-10,12.0675
2017-04-11,12.3825
2017-04-12,12.2275
2017-04-13,12.55375
2017-04-14,13.7875
2017-04-15,15.5275
2017-04-16,16.94
2017-04-17,17.12875
2017-04-18,16.79375
2017-04-19,17.19375
2017-04-20,18.2075
2017-04-21,18.14875
2017-04-22,17.19875
2017-04-23,16.07875
2017-04-24,15.3875
2017-04-25,15.44375
2017-04-26,15.86625
2017-04-27,15.53
2017-04-28,14.6125
2017-04-29,15.04875
2017-04-30,16.31
2017-05-01,16.995
2017-05-02,16.70125
2017-05-03,15.88125
2017-05-04,14.70875
2017-05-05,13.7225
2017-05-06,13.26625
2017-05-07,12.28625
2017-05-08,11.10875
2017-05-09,10.82
2017-05-10,11.655
2017-05-11,12.67625
2017-05-12,13.30375
2017-05-13,14.11375
2017-05-14,15.3275
2017-05-15,16.585
2017-05-16,18.08
2017-05-17,19.2475
2017-05-18,19.9825
2017-05-19,20.23375
2017-05-20,20.695
2017-05-21,21.30875
2017-05-22,20.9325
2017-05-23,20.59375
2017-05-24,19.8225
2017-05-25,18.72625
2017-05-26,17.92125
2017-05-27,18.0325
2017-05-28,18.2275
2017-05-29,18.19875
2017-05-30,18.63
2017-05-31,18.87
2017-06-01,19.25125
2017-06-02,19.8825
2017-06-03,20.38625
2017-06-04,20.65875
2017-06-05,20.95875
2017-06-06,20.87125
2017-06-07,20.62125
2017-06-08,20.3925
2017-06-09,20.53875
2017-06-10,20.8775
2017-06-11,21.1975
2017-06-12,21.51125
2017-06-13,21.99625
2017-06-14,22.815
2017-06-15,23.68625
2017-06-16,24.64125
2017-06-17,25.26875
2017-06-18,25.5125
2017-06-19,25.175
2017-06-20,24.675
2017-06-21,24.2775
2017-06-22,24.10375
2017-06-23,23.9125
2017-06-24,23.39625
2017-06-25,22.62
2017-06-26,21.80375
2017-06-27,21.2925
2017-06-28,21.0425
2017-06-29,21.1125
2017-06-30,21.07
2017-07-01,21.14
2017-07-02,21.47875
2017-07-03,22.15125
2017-07-04,22.87125
2017-07-05,23.60625
2017-07-06,24.06625
2017-07-07,24.12375
2017-07-08,23.9575
2017-07-09,23.7525
2017-07-10,23.9375
2017-07-11,24.09625
2017-07-12,24.435
2017-07-13,24.885
2017-07-14,25.0125
2017-07-15,24.6875
2017-07-16,24.70375
2017-07-17,24.91
2017-07-18,24.9575
2017-07-19,24.9925
2017-07-20,25.13875
2017-07-21,25.27
2017-07-22,25.73875
2017-07-23,26.28625
2017-07-24,26.48625
2017-07-25,26.39
2017-07-26,26.24375
2017-07-27,26.16125
2017-07-28,25.63
2017-07-29,24.73125
2017-07-30,23.8775
2017-07-31,23.47125
2017-08-01,23.3875
2017-08-02,23.5
2017-08-03,23.49375
2017-08-04,22.98
2017-08-05,22.445
2017-08-06,22.255
2017-08-07,22.02
2017-08-08,21.70875
2017-08-09,21.38875
2017-08-10,21.24625
2017-08-11,21.1625
2017-08-12,21.26875
2017-08-13,21.5225
2017-08-14,21.9575
2017-08-15,22.55875
2017-08-16,23.145
2017-08-17,23.71625
2017-08-18,23.9925
2017-08-19,24.13125
2017-08-20,24.5375
2017-08-21,25.20375
2017-08-22,25.49875
2017-08-23,25.09
2017-08-24,24.38125
2017-08-25,23.5275
2017-08-26,22.88125
2017-08-27,22.44125
2017-08-28,21.9525
2017-08-29,21.23
2017-08-30,20.705
2017-08-31,20.74875
2017-09-01,20.42625
2017-09-02,19.99625
2017-09-03,19.97375
2017-09-04,20.17625
2017-09-05,20.00625
2017-09-06,19.33875
2017-09-07,18.52625
2017-09-08,17.90625
2017-09-09,17.95875
2017-09-10,18.0525
2017-09-11,17.71375
2017-09-12,17.13375
2017-09-13,16.80625
2017-09-14,17.13625
2017-09-15,17.88875
2017-09-16,18.60375
2017-09-17,19.30625
2017-09-18,20.11125
2017-09-19,20.78125
2017-09-20,21.39875
2017-09-21,22.335
2017-09-22,23.1975
2017-09-23,23.7375
2017-09-24,24.02875
2017-09-25,24.15375
2017-09-26,24.39625
2017-09-27,24.5975
2017-09-28,24.05875
2017-09-29,23.135
2017-09-30,21.985
2017-10-01,20.8225
2017-10-02,20.09
2017-10-03,19.72875
2017-10-04,19.39
2017-10-05,19.0025
2017-10-06,19.2925
2017-10-07,19.8725
2017-10-08,20.305
2017-10-09,20.87625
2017-10-10,21.0575
2017-10-11,20.615
2017-10-12,19.815
2017-10-13,19.3625
2017-10-14,19.1825
2017-10-15,18.84
2017-10-16,17.92875
2017-10-17,16.89875
2017-10-18,15.9875
2017-10-19,15.6625
2017-10-20,15.72125
2017-10-21,15.755
2017-10-22,15.685
2017-10-23,15.30125
2017-10-24,15.0275
2017-10-25,14.46375
2017-10-26,13.84375
2017-10-27,13.22125
2017-10-28,11.6875
2017-10-29,9.99875
2017-10-30,8.2375
2017-10-31,6.75
2017-11-01,6.1125
2017-11-02,7.0125
2017-11-03,7.72375
2017-11-04,7.90125
2017-11-05,9.59875
2017-11-06,10.58125
2017-11-07,10.91
2017-11-08,11.16625
2017-11-09,11.23875
2017-11-10,9.4925
2017-11-11,7.765
2017-11-12,6.82375
2017-11-13,5.18
2017-11-14,4.4025
2017-11-15,4.32625
2017-11-16,4.08875
2017-11-17,3.87125
2017-11-18,5.2225
2017-11-19,5.605
2017-11-20,5.29
2017-11-21,5.495
2017-11-22,4.98625
2017-11-23,4.26
2017-11-24,4.2
2017-11-25,4.87125
2017-11-26,3.975
2017-11-27,4.42875
2017-11-28,5.51875
2017-11-29,5.96625
2017-11-30,6.8875
2017-12-01,7.36125
2017-12-02,7.46625
2017-12-03,7.13125
2017-12-04,7.78
2017-12-05,8.04375
2017-12-06,6.96625
2017-12-07,5.6275
2017-12-08,4.09375
2017-12-09,3.16625
2017-12-10,2.26
2017-12-11,1.5125
2017-12-12,0.27125
2017-12-13,-1.14125
2017-12-14,-1.49625
2017-12-15,-1.6325
2017-12-16,-0.93375
2017-12-17,-0.19
2017-12-18,0.7925
2017-12-19,1.61
2017-12-20,2.1975
2017-12-21,2.9225
2017-12-22,4.145
2017-12-23,4.9
2017-12-24,4.5675
2017-12-25,3.44625
2017-12-26,1.71375
2017-12-27,-0.8475
2017-12-28,-2.83
2017-12-29,-4.27
2017-12-30,-6.38875
2017-12-31,-8.645
2018-01-01,-10.5925
2018-01-02,-12.12375
2018-01-03,-12.49
2018-01-04,-12.3
2018-01-05,-12.70125
2018-01-06,-13.60875
2018-01-07,-13.72125
2018-01-08,-11.81625
2018-01-09,-9.83375
2018-01-10,-6.90875
2018-01-11,-3.94375
2018-01-12,-2.3
2018-01-13,-1.4125
2018-01-14,-0.73875
2018-01-15,-0.33375
2018-01-16,-2.0525
2018-01-17,-3.475
2018-01-18,-5.2025
2018-01-19,-7.13125
2018-01-20,-6.9625
2018-01-21,-5.1675
2018-01-22,-2.60875
2018-01-23,-1.40125
2018-01-24,0.115
2018-01-25,1.53625
2018-01-26,3.1875
2018-01-27,4.5725
2018-01-28,4.70875
2018-01-29,3.8975
2018-01-30,2.22
2018-01-31,1.90875
2018-02-01,2.25625
2018-02-02,1.37625
2018-02-03,0.29375
2018-02-04,-0.58125
2018-02-05,-1.85125
2018-02-06,-2.48
2018-02-07,-2.625
2018-02-08,-3.505
2018-02-09,-3.72625
2018-02-10,-2.7075
2018-02-11,-2.40625
2018-02-12,-3.09875
2018-02-13,-2.55375
2018-02-14,-1.40375
2018-02-15,0.79375
2018-02-16,2.495
2018-02-17,2.48125
2018-02-18,2.6125
2018-02-19,4.1075
2018-02-20,6.90875
2018-02-21,8.36875
2018-02-22,8.375
2018-02-23,7.93
2018-02-24,7.9425
2018-02-25,9.0675
2018-02-26,9.54
2018-02-27,9.13875
2018-02-28,8.245
2018-03-01,8.34875
2018-03-02,8.26125
2018-03-03,7.39625
2018-03-04,6.79875
2018-03-05,6.035
2018-03-06,6.03875
2018-03-07,5.30625
2018-03-08,3.7725
2018-03-09,2.48
2018-03-10,2.2425
2018-03-11,2.1525
2018-03-12,1.90625
2018-03-13,1.565
2018-03-14,0.75125
2018-03-15,1.1175
2018-03-16,1.575
2018-03-17,2.14625
2018-03-18,2.52375
2018-03-19,3.1
2018-03-20,3.305
2018-03-21,3.34125
2018-03-22,3.53
2018-03-23,3.27625
2018-03-24,3.21125
2018-03-25,2.8125
2018-03-26,2.8875
2018-03-27,3.435
2018-03-28,4.37875
2018-03-29,5.6425
2018-03-30,6.38125
2018-03-31,6.97
2018-04-01,7.445
2018-04-02,7.56375
2018-04-03,8.24125
2018-04-04,7.37875
2018-04-05,6.365
2018-04-06,5.8125
2018-04-07,5.065
2018-04-08,4.2125
2018-04-09,3.9025
2018-04-10,4.01125
2018-04-11,3.46875
2018-04-12,4.8775
2018-04-13,6.96125
2018-04-14,8.32375
2018-04-15,9.61625
2018-04-16,9.8975
2018-04-17,9.90375
2018-04-18,10.44625
2018-04-19,10.40375
2018-04-20,9.3125
2018-04-21,8.08125
2018-04-22,7.36
2018-04-23,7.5125
2018-04-24,8.7225
2018-04-25,9.8975
2018-04-26,10.30875
2018-04-27,11.04125
2018-04-28,11.44375
2018-04-29,11.22625
2018-04-30,11.175
2018-05-01,11.7425
2018-05-02,12.805
2018-05-03,13.89375
2018-05-04,15.135
2018-05-05,15.78875
2018-05-06,16.7475
2018-05-07,17.855
2018-05-08,18.53875
2018-05-09,18.8025
2018-05-10,18.80625
2018-05-11,18.72625
2018-05-12,18.875
2018-05-13,19.4325
2018-05-14,20.225
2018-05-15,21.13375
2018-05-16,21.645
2018-05-17,21.895
2018-05-18,21.78875
2018-05-19,21.81125
2018-05-20,21.755
2018-05-21,21.6575
2018-05-22,21.3675
2018-05-23,21.02125
2018-05-24,21.1025
2018-05-25,21.335
2018-05-26,21.80125
2018-05-27,22.33125
2018-05-28,22.86375
2018-05-29,23.35125
2018-05-30,23.6275
2018-05-31,24.12625
2018-06-01,24.42375
2018-06-02,24.45
2018-06-03,24.3775
2018-06-04,23.7075
2018-06-05,23.09625
2018-06-06,22.43625
2018-06-07,22.33375
2018-06-08,22.34
2018-06-09,22.52
2018-06-10,22.6475
2018-06-11,22.5475
2018-06-12,22.91
2018-06-13,23.32
2018-06-14,23.66
2018-06-15,23.72125
2018-06-16,23.9
2018-06-17,24.1925
2018-06-18,24.7375
2018-06-19,25.3575
2018-06-20,25.6825
2018-06-21,25.54875
2018-06-22,25.4225
2018-06-23,25.08875
2018-06-24,24.6825
2018-06-25,24.005
2018-06-26,23.27125
2018-06-27,22.75875
2018-06-28,22.64625
2018-06-29,23.02125
2018-06-30,23.77625
2018-07-01,24.61375
2018-07-02,25.0925
2018-07-03,25.6275
2018-07-04,26.295
2018-07-05,26.90875
2018-07-06,27.0025
2018-07-07,26.4575
2018-07-08,25.8975
2018-07-09,25.6575
2018-07-10,25.685
2018-07-11,25.62375
2018-07-12,25.3025
2018-07-13,25.01
2018-07-14,25.28
2018-07-15,25.89375
2018-07-16,26.23875
2018-07-17,26.25875
2018-07-18,25.84125
2018-07-19,25.6125
2018-07-20,25.5575
2018-07-21,25.14625
2018-07-22,24.48
2018-07-23,23.8325
2018-07-24,23.505
2018-07-25,23.28625
2018-07-26,23.3375
2018-07-27,23.11875
2018-07-28,22.745
2018-07-29,22.66375
2018-07-30,22.58875
2018-07-31,22.52875
2018-08-01,22.305
2018-08-02,22.12125
2018-08-03,22.11625
2018-08-04,22.51375
2018-08-05,23.1475
2018-08-06,23.75375
2018-08-07,24.285
2018-08-08,24.7275
2018-08-09,25.09
2018-08-10,25.32125
2018-08-11,25.33625
2018-08-12,25.12375
2018-08-13,24.7475
2018-08-14,24.4775
2018-08-15,24.2625
2018-08-16,24.10875
2018-08-17,24.02875
2018-08-18,23.91
2018-08-19,23.86875
2018-08-20,23.82625
2018-08-21,23.71375
2018-08-22,23.27625
2018-08-23,22.76
2018-08-24,22.32125
2018-08-25,22.205
2018-08-26,22.50375
2018-08-27,22.88
2018-08-28,23.345
2018-08-29,23.7775
2018-08-30,24.00625
2018-08-31,24.43
2018-09-01,25.07875
2018-09-02,25.47875
2018-09-03,25.5875
2018-09-04,25.6125
2018-09-05,25.575
2018-09-06,25.41375
2018-09-07,25.4325
2018-09-08,24.98375
2018-09-09,23.955
2018-09-10,22.85125
2018-09-11,21.79
2018-09-12,20.81125
2018-09-13,20.07875
2018-09-14,19.82875
2018-09-15,19.94625
2018-09-16,20.57625
2018-09-17,21.5075
2018-09-18,22.48125
2018-09-19,23.30125
2018-09-20,24.17
2018-09-21,24.82875
2018-09-22,24.2225
2018-09-23,23.3
2018-09-24,22.59125
2018-09-25,22.2575
2018-09-26,21.59875
2018-09-27,20.36875
2018-09-28,18.94625
2018-09-29,17.51125
2018-09-30,17.55
2018-10-01,18.1025
2018-10-02,18.5475
2018-10-03,18.73
2018-10-04,19.1675
2018-10-05,19.83375
2018-10-06,20.98375
2018-10-07,21.98375
2018-10-08,22.7025
2018-10-09,23.10625
2018-10-10,23.11
2018-10-11,22.10625
2018-10-12,20.25125
2018-10-13,18.54875
2018-10-14,16.81375
2018-10-15,15.3425
2018-10-16,13.22875
2018-10-17,11.3375
2018-10-18,9.46375
2018-10-19,8.65625
2018-10-20,9.00625
2018-10-21,8.77625
2018-10-22,8.555
2018-10-23,8.455
2018-10-24,8.4575
2018-10-25,8.25625
2018-10-26,8.3775
2018-10-27,8.3675
2018-10-28,8.20875
2018-10-29,8.83875
2018-10-30,9.1825
2018-10-31,9.8475
2018-11-01,10.19875
2018-11-02,10.1225
2018-11-03,9.9125
2018-11-04,10.15125
2018-11-05,10.30625
2018-11-06,10.55125
2018-11-07,10.105
2018-11-08,8.61125
2018-11-09,7.78625
2018-11-10,6.67625
2018-11-11,5.75875
2018-11-12,4.7325
2018-11-13,3.415
2018-11-14,1.65
2018-11-15,0.64625
2018-11-16,0.25125
2018-11-17,0.1175
2018-11-18,0.87875
2018-11-19,1.45
2018-11-20,1.47375
2018-11-21,1.5325
2018-11-22,2.08
2018-11-23,2.75875
2018-11-24,3.80125
2018-11-25,4.48
2018-11-26,4.48
2018-11-27,3.5375
2018-11-28,2.69625
2018-11-29,2.5925
2018-11-30,3.03375
2018-12-01,3.4875
2018-12-02,3.82
2018-12-03,3.3625
2018-12-04,2.9575
2018-12-05,3.245
2018-12-06,3.7875
2018-12-07,3.53375
2018-12-08,2.40375
2018-12-09,0.97625
2018-12-10,-0.8225
2018-12-11,-1.56125
2018-12-12,-1.35875
2018-12-13,-0.71
2018-12-14,0.205
2018-12-15,1.27
2018-12-16,2.39125
2018-12-17,3.1625
2018-12-18,3.64125
2018-12-19,4.19875
2018-12-20,4.71
2018-12-21,4.79
2018-12-22,4.0775
2018-12-23,3.4175
2018-12-24,2.77125
2018-12-25,2.6125
2018-12-26,2.72
2018-12-27,3.0775
2018-12-28,3.5375
2018-12-29,3.03625
2018-12-30,2.92125
2018-12-31,3.57875
2019-01-01,4.24875
2019-01-02,4.35125
2019-01-03,4.29125
2019-01-04,3.8725
2019-01-05,3.11125
2019-01-06,3.685
2019-01-07,4.70875
2019-01-08,5.24
2019-01-09,4.52875
2019-01-10,3.6475
2019-01-11,3.115
2019-01-12,2.69625
2019-01-13,2.0875
2019-01-14,1.0375
2019-01-15,-0.39625
2019-01-16,-1.71375
2019-01-17,-1.565
2019-01-18,-0.85875
2019-01-19,-0.3225
2019-01-20,-1.25875
2019-01-21,-2.90375
2019-01-22,-3.165
2019-01-23,-2.1725
2019-01-24,-2.58
2019-01-25,-3.83
2019-01-26,-4.60125
2019-01-27,-5.31625
2019-01-28,-4.47375
2019-01-29,-3.78
2019-01-30,-5.2
2019-01-31,-7.8125
2019-02-01,-8.1975
2019-02-02,-7.24625
2019-02-03,-5.78375
2019-02-04,-4.06625
2019-02-05,-3.15
2019-02-06,-1.10125
2019-02-07,2.19625
2019-02-08,3.55125
2019-02-09,3.47
2019-02-10,3.24125
2019-02-11,2.5575
2019-02-12,2.01875
2019-02-13,1.115
2019-02-14,0.63
2019-02-15,-0.31375
2019-02-16,0.0600000000000001
2019-02-17,0.76125
2019-02-18,0.9875
2019-02-19,0.59
2019-02-20,0.16125
2019-02-21,0.7775
2019-02-22,0.56625
2019-02-23,0.9925
2019-02-24,2.20625
2019-02-25,2
2019-02-26,2.155
2019-02-27,2.7075
2019-02-28,2.425
2019-03-01,2.01625
2019-03-02,1.89375
2019-03-03,1.09875
2019-03-04,-0.8975
2019-03-05,-1.61875
2019-03-06,-2.44375
2019-03-07,-3.07875
2019-03-08,-2.94125
2019-03-09,-2.5725
2019-03-10,-1.7775
2019-03-11,-1.2625
2019-03-12,0.12
2019-03-13,2.35125
2019-03-14,5.12875
2019-03-15,6.37625
2019-03-16,6.695
2019-03-17,6.64375
2019-03-18,5.94
2019-03-19,5.9375
2019-03-20,6.26875
2019-03-21,5.89
2019-03-22,4.625
2019-03-23,4.12
2019-03-24,4.64625
2019-03-25,5.3225
2019-03-26,5.47125
2019-03-27,5.65
2019-03-28,6.27375
2019-03-29,7.05875
2019-03-30,7.72625
2019-03-31,7.4025
2019-04-01,6.65125
2019-04-02,6.41375
2019-04-03,7.0925
2019-04-04,7.87125
2019-04-05,7.955
2019-04-06,8.10625
2019-04-07,8.6125
2019-04-08,10.635
2019-04-09,12.38375
2019-04-10,13.10875
2019-04-11,13.9
2019-04-12,14.65875
2019-04-13,14.69375
2019-04-14,14.15125
2019-04-15,12.9525
2019-04-16,12.415
2019-04-17,12.655
2019-04-18,13.4325
2019-04-19,12.5525
2019-04-20,11.23375
2019-04-21,11.0725
2019-04-22,11.8225
2019-04-23,13.30625
2019-04-24,13.35
2019-04-25,13.11
2019-04-26,12.6075
2019-04-27,12.89875
2019-04-28,13.3175
2019-04-29,13.5875
2019-04-30,13.61375
2019-05-01,13.92375
2019-05-02,14.50375
2019-05-03,14.6175
2019-05-04,14.63375
2019-05-05,15.07
2019-05-06,15.9475
2019-05-07,16.555
2019-05-08,16.8325
2019-05-09,16.94
2019-05-10,16.46625
2019-05-11,15.92125
2019-05-12,15.4575
2019-05-13,15.04125
2019-05-14,14.49625
2019-05-15,14.18125
2019-05-16,14.215
2019-05-17,14.4
2019-05-18,15.45375
2019-05-19,16.69125
2019-05-20,17.5325
2019-05-21,17.84875
2019-05-22,18.70625
2019-05-23,19.73
2019-05-24,20.28
2019-05-25,20.59375
2019-05-26,20.68
2019-05-27,20.67625
2019-05-28,21.57625
2019-05-29,22.7275
2019-05-30,22.94
2019-05-31,22.61625
2019-06-01,22.46125
2019-06-02,21.96
2019-06-03,21.275
2019-06-04,21.08125
2019-06-05,20.8675
2019-06-06,20.84375
2019-06-07,20.89
2019-06-08,21.00375
2019-06-09,21
2019-06-10,20.99
2019-06-11,21.04125
2019-06-12,20.86625
2019-06-13,20.03
2019-06-14,19.32
2019-06-15,19.16125
2019-06-16,19.32
2019-06-17,19.3725
2019-06-18,19.50875
2019-06-19,20.03625
2019-06-20,20.26875
2019-06-21,20.76375
2019-06-22,21.30375
2019-06-23,21.53875
2019-06-24,21.555
2019-06-25,21.63875
2019-06-26,21.975
2019-06-27,22.23625
2019-06-28,22.81375
2019-06-29,23.5475
2019-06-30,24.1525
2019-07-01,24.5525
2019-07-02,25.00375
2019-07-03,25.3975
2019-07-04,25.48
2019-07-05,25.6925
2019-07-06,25.77125
2019-07-07,25.63625
2019-07-08,25.4425
2019-07-09,25.32
2019-07-10,25.36125
2019-07-11,25.39875
2019-07-12,25.1775
2019-07-13,24.955
2019-07-14,24.91125
2019-07-15,24.995
2019-07-16,25.07375
2019-07-17,25.15
2019-07-18,25.17
2019-07-19,25.49375
2019-07-20,26.1875
2019-07-21,26.6
2019-07-22,26.26
2019-07-23,25.63125
2019-07-24,25.115
2019-07-25,24.66875
2019-07-26,24.185
2019-07-27,23.67125
2019-07-28,23.27875
2019-07-29,22.975
2019-07-30,23.08875
2019-07-31,23.37875
2019-08-01,23.65375
2019-08-02,23.97625
2019-08-03,24.115
2019-08-04,24.16875
2019-08-05,24.15
2019-08-06,24.18625
2019-08-07,24.24625
2019-08-08,24.56875
2019-08-09,24.79375
2019-08-10,24.77125
2019-08-11,24.84
2019-08-12,24.90875
2019-08-13,24.9325
2019-08-14,24.85375
2019-08-15,24.72125
2019-08-16,24.43875
2019-08-17,24.5125
2019-08-18,24.87625
2019-08-19,25.09625
2019-08-20,25.26125
2019-08-21,25.24125
2019-08-22,25.095
2019-08-23,24.88375
2019-08-24,24.465
2019-08-25,23.87875
2019-08-26,23.21625
2019-08-27,22.77375
2019-08-28,22.1
2019-08-29,21.50625
2019-08-30,21.4475
2019-08-31,21.46625
2019-09-01,21.76125
2019-09-02,21.99875
2019-09-03,22.21375
2019-09-04,22.345
2019-09-05,22.18125
2019-09-06,22.1325
2019-09-07,21.8
2019-09-08,21.5575
2019-09-09,21.50625
2019-09-10,21.88
2019-09-11,22.325
2019-09-12,22.6925
2019-09-13,23.54125
2019-09-14,23.81
2019-09-15,24.1375
2019-09-16,24.83
2019-09-17,25.1225
2019-09-18,24.83875
2019-09-19,24.4875
2019-09-20,24.255
2019-09-21,24.08
2019-09-22,24.425
2019-09-23,24.43375
2019-09-24,23.74625
2019-09-25,23.36375
2019-09-26,23.1075
2019-09-27,22.70375
2019-09-28,22.74125
2019-09-29,22.5825
2019-09-30,22.705
2019-10-01,23.1775
2019-10-02,24.07375
2019-10-03,24.51
2019-10-04,24.05875
2019-10-05,23.57875
2019-10-06,22.8425
2019-10-07,21.82375
2019-10-08,20.41625
2019-10-09,19.0375
2019-10-10,18.00625
2019-10-11,17.3025
2019-10-12,16.1525
2019-10-13,15.47125
2019-10-14,14.54125
2019-10-15,14.22875
2019-10-16,13.8175
2019-10-17,13.00125
2019-10-18,11.87125
2019-10-19,11.06
2019-10-20,11.96
2019-10-21,12.61625
2019-10-22,12.835
2019-10-23,12.60125
2019-10-24,12.7725
2019-10-25,12.98375
2019-10-26,13.20375
2019-10-27,13.34375
2019-10-28,12.91125
2019-10-29,12.34625
2019-10-30,11.865
2019-10-31,11.27875
2019-11-01,9.90875
2019-11-02,9.0725
2019-11-03,8.28
2019-11-04,7.65375
2019-11-05,7.08875
2019-11-06,6.26875
2019-11-07,5.7
2019-11-08,4.675
2019-11-09,4.47625
2019-11-10,4.7275
2019-11-11,4.79
2019-11-12,3.005
2019-11-13,1.20625
2019-11-14,0.44125
2019-11-15,-0.27
2019-11-16,0.0475000000000001
2019-11-17,0.1675
2019-11-18,-0.22625
2019-11-19,-0.41875
2019-11-20,1.04125
2019-11-21,2.91875
2019-11-22,3.8575
2019-11-23,4.16
2019-11-24,4.3675
2019-11-25,4.995
2019-11-26,5.6525
2019-11-27,6.4325
2019-11-28,6.0625
2019-11-29,5.48375
2019-11-30,5.2025
2019-12-01,5.92875
2019-12-02,5.79375
2019-12-03,5.09875
2019-12-04,4.4475
2019-12-05,3.665
2019-12-06,4.09875
2019-12-07,3.815
2019-12-08,3.7975
2019-12-09,4.20125
2019-12-10,4.0375
2019-12-11,3.5125
2019-12-12,3.00375
2019-12-13,2.86875
2019-12-14,2.47375
2019-12-15,2.25
2019-12-16,1.68
2019-12-17,0.205
2019-12-18,-0.41375
2019-12-19,-0.675
2019-12-20,-0.71625
2019-12-21,-0.8475
2019-12-22,-0.85375
2019-12-23,-0.19375
2019-12-24,0.415
2019-12-25,1.45
2019-12-26,3.56875
2019-12-27,5.57875
2019-12-28,6.64
2019-12-29,8.18125
2019-12-30,8.68875
2019-12-31,8.295
2020-01-01,7.93625
2020-01-02,7.7875
2020-01-03,7.30125
2020-01-04,6.44
2020-01-05,5.74125
2020-01-06,4.3225
2020-01-07,3.64375
2020-01-08,3.52375
2020-01-09,3.6675
2020-01-10,4.28625
2020-01-11,4.8325
2020-01-12,4.70625
2020-01-13,4.90875
2020-01-14,5.24125
2020-01-15,5.7225
2020-01-16,5.9025
2020-01-17,5.185
2020-01-18,4.24125
2020-01-19,1.70875
2020-01-20,0.53
2020-01-21,-0.3475
2020-01-22,-1.395
2020-01-23,-1.915
2020-01-24,-1.645
2020-01-25,-1.10625
2020-01-26,-1.455
2020-01-27,-0.475
2020-01-28,0.41
2020-01-29,0.9
2020-01-30,1.345
2020-01-31,1.39375
2020-02-01,1.2275
2020-02-02,1.77125
2020-02-03,2.785
2020-02-04,3.9675
2020-02-05,4.11875
2020-02-06,3.99
2020-02-07,3.715
2020-02-08,3.37125
2020-02-09,2.84125
2020-02-10,2.69375
2020-02-11,1.80625
2020-02-12,0.61125
2020-02-13,0.41625
2020-02-14,-0.6325
2020-02-15,-1.12125
2020-02-16,-0.7275
2020-02-17,-0.30125
2020-02-18,-0.0349999999999999
2020-02-19,-0.23625
2020-02-20,-0.48625
2020-02-21,-0.9575
2020-02-22,0.1825
2020-02-23,1.32375
2020-02-24,1.63
2020-02-25,2.04875
2020-02-26,1.4175
2020-02-27,1.15875
2020-02-28,1.12125
2020-02-29,1.28
2020-03-01,1.6575
2020-03-02,2.45125
2020-03-03,2.97625
2020-03-04,3.20125
2020-03-05,3.6875
2020-03-06,4.475
2020-03-07,4.89875
2020-03-08,6.0225
2020-03-09,7.105
2020-03-10,7.20875
2020-03-11,7.04375
2020-03-12,7.40875
2020-03-13,7.89375
2020-03-14,7.83375
2020-03-15,7.95375
2020-03-16,7.6875
2020-03-17,7.05625
2020-03-18,6.55875
2020-03-19,7.17
2020-03-20,7.7925
2020-03-21,6.87
2020-03-22,6.5875
2020-03-23,6.99
2020-03-24,7.205
2020-03-25,7.34125
2020-03-26,8.0325
2020-03-27,8.2975
2020-03-28,8.68875
2020-03-29,10.475
2020-03-30,11.66
2020-03-31,11.78875
2020-04-01,11.82125
2020-04-02,11.87625
2020-04-03,11.84375
2020-04-04,11.57125
2020-04-05,10.47375
2020-04-06,9.875
2020-04-07,10.64125
2020-04-08,12.22125
2020-04-09,12.85625
2020-04-10,12.5
2020-04-11,12.045
2020-04-12,12.00625
2020-04-13,11.95375
2020-04-14,11.04375
2020-04-15,9.31875
2020-04-16,7.30625
2020-04-17,6.62
2020-04-18,6.66875
2020-04-19,6.7925
2020-04-20,6.545
2020-04-21,6.73625
2020-04-22,7.37625
2020-04-23,8.4975
2020-04-24,9.65625
2020-04-25,10.55125
2020-04-26,11.12125
2020-04-27,11.315
2020-04-28,12.06625
2020-04-29,12.7325
2020-04-30,12.70625
2020-05-01,12.53625
2020-05-02,13.1275
2020-05-03,13.79875
2020-05-04,14.19625
2020-05-05,14.20625
2020-05-06,13.3425
2020-05-07,12.77875
2020-05-08,12.905
2020-05-09,12.22125
2020-05-10,11.30375
2020-05-11,9.86
2020-05-12,9.29
2020-05-13,9.19875
2020-05-14,10.1025
2020-05-15,11.1475
2020-05-16,12.215
2020-05-17,13.99625
2020-05-18,15.025
2020-05-19,16.16375
2020-05-20,16.87125
2020-05-21,17.455
2020-05-22,17.58375
2020-05-23,17.66
2020-05-24,18.18625
2020-05-25,18.64625
2020-05-26,19.34375
2020-05-27,20.1025
2020-05-28,20.95125
2020-05-29,21.6025
2020-05-30,21.6475
2020-05-31,21.1425
2020-06-01,20.31875
2020-06-02,20.115
2020-06-03,20.1925
2020-06-04,20.285
2020-06-05,20.56
2020-06-06,21.15125
2020-06-07,21.7275
2020-06-08,22.54
2020-06-09,23.56375
2020-06-10,24.0325
2020-06-11,23.625
2020-06-12,23.475
2020-06-13,23.11625
2020-06-14,22.31875
2020-06-15,21.82875
2020-06-16,21.59125
2020-06-17,21.28625
2020-06-18,20.9775
2020-06-19,21.405
2020-06-20,21.925
2020-06-21,22.3525
2020-06-22,22.98
2020-06-23,23.4625
2020-06-24,23.5
2020-06-25,23.46125
2020-06-26,23.58125
2020-06-27,23.62875
2020-06-28,23.3225
2020-06-29,23.4575
2020-06-30,23.59375
2020-07-01,23.91625
2020-07-02,24.48875
2020-07-03,25.01375
2020-07-04,25.3225
2020-07-05,25.58125
2020-07-06,26.0375
2020-07-07,26.30875
2020-07-08,26.6525
2020-07-09,26.99625
2020-07-10,27.095
2020-07-11,27.02375
2020-07-12,26.62375
2020-07-13,26.1275
2020-07-14,25.71125
2020-07-15,25.48625
2020-07-16,25.3275
2020-07-17,25.0775
2020-07-18,25.15125
2020-07-19,25.515
2020-07-20,25.8625
2020-07-21,26.2375
2020-07-22,26.4225
2020-07-23,26.325
2020-07-24,26.15
2020-07-25,26.12625
2020-07-26,26.06125
2020-07-27,25.8675
2020-07-28,25.67875
2020-07-29,25.63125
2020-07-30,25.51
2020-07-31,25.2475
2020-08-01,24.91875
2020-08-02,24.4625
2020-08-03,23.865
2020-08-04,23.02125
2020-08-05,22.27875
2020-08-06,21.58875
2020-08-07,21.17125
2020-08-08,21.0925
2020-08-09,21.40875
2020-08-10,21.84375
2020-08-11,22.12875
2020-08-12,22.64375
2020-08-13,23.36625
2020-08-14,23.91
2020-08-15,24.3675
2020-08-16,24.66125
2020-08-17,24.53375
2020-08-18,24.21625
2020-08-19,23.7925
2020-08-20,23.4225
2020-08-21,23.16875
2020-08-22,23.04625
2020-08-23,22.98375
2020-08-24,23.15125
2020-08-25,23.60375
2020-08-26,24.135
2020-08-27,24.87875
2020-08-28,25.42875
2020-08-29,25.70875
2020-08-30,25.50875
2020-08-31,25.27875
2020-09-01,25.06625
2020-09-02,24.7025
2020-09-03,24.34375
2020-09-04,23.775
2020-09-05,23.15625
2020-09-06,22.73625
2020-09-07,23.025
2020-09-08,23.2775
2020-09-09,23.27875
2020-09-10,23.18375
2020-09-11,22.9175
2020-09-12,22.96875
2020-09-13,23.19875
2020-09-14,23.07375
2020-09-15,22.4525
2020-09-16,21.8175
2020-09-17,21.31625
2020-09-18,20.4525
2020-09-19,19.42
2020-09-20,18.4675
2020-09-21,17.6975
2020-09-22,17.30375
2020-09-23,17.19
2020-09-24,17.13
2020-09-25,17.0475
2020-09-26,17.5575
2020-09-27,18.47
2020-09-28,18.75375
2020-09-29,18.39
2020-09-30,18.1275
2020-10-01,17.6075
2020-10-02,16.665
2020-10-03,15.73875
2020-10-04,14.70375
2020-10-05,13.33875
2020-10-06,12.91875
2020-10-07,13.55375
2020-10-08,13.85125
2020-10-09,14.41875
2020-10-10,15.60875
2020-10-11,16.605
2020-10-12,17.43625
2020-10-13,17.93875
2020-10-14,18.18125
2020-10-15,17.815
2020-10-16,16.805
2020-10-17,15.7075
2020-10-18,14.73875
2020-10-19,13.59375
2020-10-20,12.625
2020-10-21,12.85875
2020-10-22,13.2375
2020-10-23,13.68
2020-10-24,13.64
2020-10-25,13.46875
2020-10-26,12.95
2020-10-27,12.5
2020-10-28,12.22375
2020-10-29,11.43375
2020-10-30,9.89875
2020-10-31,8.28375
2020-11-01,8.19875
2020-11-02,7.505
2020-11-03,7.39375
2020-11-04,8.0175
2020-11-05,8.6225
2020-11-06,9.09875
2020-11-07,10.0075
2020-11-08,11.27
2020-11-09,12.4275
2020-11-10,14.52375
2020-11-11,15.14
2020-11-12,14.37125
2020-11-13,13.44
2020-11-14,12.25
2020-11-15,11.89125
2020-11-16,10.67125
2020-11-17,9.14875
2020-11-18,7.01875
2020-11-19,6.62
2020-11-20,7.535
2020-11-21,7.97875
2020-11-22,8.29125
2020-11-23,7.515
2020-11-24,7.37875
2020-11-25,7.90375
2020-11-26,8.785
2020-11-27,8.56625
2020-11-28,7.485
2020-11-29,6.80125
2020-11-30,6.35625
2020-12-01,5.66375
2020-12-02,4.90875
2020-12-03,3.76
2020-12-04,2.9325
2020-12-05,2.215
2020-12-06,1.6875
2020-12-07,1.17125
2020-12-08,0.92875
2020-12-09,1.53625
2020-12-10,2.28
2020-12-11,3.32
2020-12-12,4.275
2020-12-13,4.56875
2020-12-14,4.66875
2020-12-15,4.3825
2020-12-16,4.2275
2020-12-17,3.63625
2020-12-18,2.83
2020-12-19,1.96375
2020-12-20,1.06625
2020-12-21,0.96
2020-12-22,1.305
2020-12-23,2.28875
2020-12-24,2.41
2020-12-25,1.49375
2020-12-26,1.04125
2020-12-27,0.94625
2020-12-28,0.855
2020-12-29,0.21
2020-12-30,0.20375
2020-12-31,-0.62875
2021-01-01,-0.54125
2021-01-02,0.78375
2021-01-03,1.55375
2021-01-04,1.55125
2021-01-05,1.3475
2021-01-06,1.56625
2021-01-07,1.195
2021-01-08,1.295
2021-01-09,0.99875
2021-01-10,0.40125
2021-01-11,-0.08625
2021-01-12,-0.485
2021-01-13,-0.5175
2021-01-14,-0.1825
2021-01-15,0.0537499999999999
2021-01-16,-0.02875
2021-01-17,0.14125
2021-01-18,0.325
2021-01-19,0.60125
2021-01-20,0.7825
2021-01-21,0.995
2021-01-22,0.6175
2021-01-23,-0.23125
2021-01-24,-0.28
2021-01-25,-0.34875
2021-01-26,0.08375
2021-01-27,-0.03375
2021-01-28,-0.43
2021-01-29,-1.21375
2021-01-30,-1.33625
2021-01-31,-0.64625
2021-02-01,-0.7175
2021-02-02,-1.0825
2021-02-03,-1.82125
2021-02-04,-1.89375
2021-02-05,-1.72
2021-02-06,-1.9325
2021-02-07,-2.91
2021-02-08,-4.1675
2021-02-09,-4.64125
2021-02-10,-5.125
2021-02-11,-5.5775
2021-02-12,-6.12
2021-02-13,-6.5575
2021-02-14,-7.07375
2021-02-15,-7.1725
2021-02-16,-7.44125
2021-02-17,-8.41
2021-02-18,-8.40125
2021-02-19,-8.625
2021-02-20,-9.07375
2021-02-21,-8.92125
2021-02-22,-7.41125
2021-02-23,-5.73375
2021-02-24,-3.6725
2021-02-25,-1.83875
2021-02-26,-0.86875
2021-02-27,1.11125
2021-02-28,3.7225
2021-03-01,4.97375
2021-03-02,4.6825
2021-03-03,4.83125
2021-03-04,4.685
2021-03-05,4.6675
2021-03-06,4.84125
2021-03-07,4.27125
2021-03-08,3.75625
2021-03-09,4.3925
2021-03-10,5.9925
2021-03-11,7.39125
2021-03-12,8.05
2021-03-13,8.84125
2021-03-14,9.4475
2021-03-15,9.675
2021-03-16,9.78125
2021-03-17,9.68125
2021-03-18,9.32
2021-03-19,7.84125
2021-03-20,7.24125
2021-03-21,7.33
2021-03-22,7.87625
2021-03-23,8.98
2021-03-24,9.90875
2021-03-25,10.23625
2021-03-26,10.435
2021-03-27,11.45375
2021-03-28,12.20875
2021-03-29,11.945
2021-03-30,12.08625
2021-03-31,11.64875
2021-04-01,9.975
2021-04-02,8.605
2021-04-03,7.96875
2021-04-04,7.985
2021-04-05,8.50375
2021-04-06,9.865
2021-04-07,10.6125
2021-04-08,11.53375
2021-04-09,13.335
2021-04-10,15.175
2021-04-11,15.755
2021-04-12,15.715
2021-04-13,15.2925
2021-04-14,14.465
2021-04-15,13.165
2021-04-16,12.1075
2021-04-17,11.25
2021-04-18,10.465
2021-04-19,10.4375
2021-04-20,9.8625
2021-04-21,8.675
2021-04-22,7.93625
2021-04-23,7.94
2021-04-24,8.13875
2021-04-25,8.18625
2021-04-26,8.49875
2021-04-27,9.56875
2021-04-28,11.1825
2021-04-29,13.01
2021-04-30,14.185
2021-05-01,14.62625
2021-05-02,15.6625
2021-05-03,16.57625
2021-05-04,17.22
2021-05-05,16.3175
2021-05-06,15.12375
2021-05-07,14.31
2021-05-08,13.715
2021-05-09,13.4625
2021-05-10,12.24625
2021-05-11,11.3675
2021-05-12,10.46
2021-05-13,10.33
2021-05-14,10.58875
2021-05-15,11.04375
2021-05-16,11.84125
2021-05-17,12.72375
2021-05-18,13.885
2021-05-19,15.1275
2021-05-20,16.6175
2021-05-21,18.02875
2021-05-22,19.18875
2021-05-23,20.25125
2021-05-24,21.2225
2021-05-25,22.1475
2021-05-26,22.69125
2021-05-27,22.7675
2021-05-28,22.275
2021-05-29,20.9075
2021-05-30,19.745
2021-05-31,18.875
2021-06-01,18.14625
2021-06-02,17.30125
2021-06-03,16.855
2021-06-04,16.925
2021-06-05,17.5025
2021-06-06,18.895
2021-06-07,20.08875
2021-06-08,20.96
2021-06-09,21.5675
2021-06-10,22.3
2021-06-11,22.97875
2021-06-12,23.4975
2021-06-13,23.79375
2021-06-14,23.91125
2021-06-15,23.755
2021-06-16,23.49125
2021-06-17,23.4
2021-06-18,23.75875
2021-06-19,23.845
2021-06-20,23.9025
2021-06-21,23.7775
2021-06-22,23.02375
2021-06-23,22.70125
2021-06-24,22.8525
2021-06-25,23.1225
2021-06-26,23.04375
2021-06-27,23.145
2021-06-28,23.19125
2021-06-29,23.54125
2021-06-30,24.4375
2021-07-01,24.96125
2021-07-02,24.74875
2021-07-03,24.1975
2021-07-04,23.97875
2021-07-05,23.9625
2021-07-06,23.9775
2021-07-07,23.84125
2021-07-08,23.75
2021-07-09,23.605
2021-07-10,23.7725
2021-07-11,24.04625
2021-07-12,23.90875
2021-07-13,23.54
2021-07-14,23.18875
2021-07-15,23.13125
2021-07-16,23.0625
2021-07-17,23.17875
2021-07-18,23.35125
2021-07-19,23.52125
2021-07-20,23.63
2021-07-21,23.71625
2021-07-22,23.6225
2021-07-23,23.4575
2021-07-24,23.66125
2021-07-25,24.15625
2021-07-26,24.5475
2021-07-27,24.85875
2021-07-28,25.2075
2021-07-29,25.67875
2021-07-30,25.86625
2021-07-31,25.51875
2021-08-01,24.97375
2021-08-02,24.17875
2021-08-03,23.55875
2021-08-04,23.03875
2021-08-05,22.56
2021-08-06,22.07
2021-08-07,22.0775
2021-08-08,22.6475
2021-08-09,23.17375
2021-08-10,23.9175
2021-08-11,24.69625
2021-08-12,25.56875
2021-08-13,26.03875
2021-08-14,26.075
2021-08-15,25.71125
2021-08-16,25.22125
2021-08-17,25.01125
2021-08-18,24.81125
2021-08-19,24.47375
2021-08-20,24.0325
2021-08-21,23.9175
2021-08-22,24.1825
2021-08-23,24.78625
2021-08-24,25.4975
2021-08-25,25.9575
2021-08-26,26.2175
2021-08-27,26.46125
2021-08-28,26.6775
2021-08-29,26.86625
2021-08-30,26.78125
2021-08-31,26.3475
2021-09-01,25.69
2021-09-02,24.86
2021-09-03,24.0775
2021-09-04,23.3975
2021-09-05,22.75625
2021-09-06,22.07375
2021-09-07,21.80375
2021-09-08,21.68625
2021-09-09,21.3525
2021-09-10,21.23
2021-09-11,21.39875
2021-09-12,21.9075
2021-09-13,22.35875
2021-09-14,22.8725
2021-09-15,22.8475
2021-09-16,22.75875
2021-09-17,23.2125
2021-09-18,23.8025
2021-09-19,24.095
2021-09-20,23.77375
2021-09-21,23.33375
2021-09-22,22.05375
2021-09-23,20.9225
2021-09-24,20.19
2021-09-25,19.3625
2021-09-26,18.3925
2021-09-27,17.9625
2021-09-28,17.85125
2021-09-29,17.7725
2021-09-30,18.4775
2021-10-01,19.3175
2021-10-02,19.86875
2021-10-03,20.3225
2021-10-04,20.685
2021-10-05,20.5275
2021-10-06,20.31875
2021-10-07,20.18375
2021-10-08,20.02625
2021-10-09,20.01875
2021-10-10,20.41
2021-10-11,20.72875
2021-10-12,20.79
2021-10-13,20.6125
2021-10-14,20.82875
2021-10-15,20.80375
2021-10-16,20.0525
2021-10-17,19.01875
2021-10-18,17.79625
2021-10-19,16.70875
2021-10-20,16.1025
2021-10-21,15.83875
2021-10-22,14.55875
2021-10-23,13.47
2021-10-24,13.48375
2021-10-25,13.79
2021-10-26,13.405
2021-10-27,12.6975
2021-10-28,12.1675
2021-10-29,11.75875
2021-10-30,11.80375
2021-10-31,11.91375
2021-11-01,11.23125
2021-11-02,10.12
2021-11-03,9.3275
2021-11-04,8.7725
2021-11-05,7.94875
2021-11-06,7.05625
2021-11-07,6.57125
2021-11-08,6.43875
2021-11-09,6.84625
2021-11-10,7.63625
2021-11-11,8.7375
2021-11-12,9.17
2021-11-13,9.04375
2021-11-14,8.71625
2021-11-15,7.91
2021-11-16,7.24125
2021-11-17,7.65875
2021-11-18,7.13375
2021-11-19,5.7225
2021-11-20,5.2375
2021-11-21,5.64
2021-11-22,5.57
2021-11-23,5.29375
2021-11-24,5.0725
2021-11-25,4.25
2021-11-26,3.22
2021-11-27,3.21
2021-11-28,3.1425
2021-11-29,2.41
2021-11-30,2.79125
2021-12-01,3.49
2021-12-02,4.3025
2021-12-03,4.295
2021-12-04,5.15
2021-12-05,5.67125
2021-12-06,6.24375
2021-12-07,5.7575
2021-12-08,4.94375
2021-12-09,4.5725
2021-12-10,4.45875
2021-12-11,4.8575
2021-12-12,4.41375
2021-12-13,4.2825
2021-12-14,3.98375
2021-12-15,5.965
2021-12-16,7.82125
2021-12-17,8.05625
2021-12-18,7.68375
2021-12-19,6.47125
2021-12-20,6.175
2021-12-21,5.765
2021-12-22,5.04375
2021-12-23,3.6
2021-12-24,3.0625
2021-12-25,4.37875
2021-12-26,4.4875
2021-12-27,5.81625
2021-12-28,6.63
2021-12-29,7.42625
2021-12-30,8.225
2021-12-31,9.21625
2022-01-01,9.39
2022-01-02,7.795
2022-01-03,6.42875
2022-01-04,4.6675
2022-01-05,3.91125
2022-01-06,2.11625
2022-01-07,0.0537500000000002
2022-01-08,-1.7675
2022-01-09,-2.78
2022-01-10,-3.6025
2022-01-11,-3.81125
2022-01-12,-3.36625
2022-01-13,-3.19125
2022-01-14,-2.22375
2022-01-15,-1.0975
2022-01-16,-0.80125
2022-01-17,-1.49375
2022-01-18,-1.00375
2022-01-19,-0.00749999999999995
2022-01-20,-0.8975
2022-01-21,-2.00125
2022-01-22,-2.82375
2022-01-23,-2.91
2022-01-24,-2.88125
2022-01-25,-3.1475
2022-01-26,-4.3075
2022-01-27,-5.3275
2022-01-28,-5.04
2022-01-29,-5.255
2022-01-30,-4.98
2022-01-31,-4.97
2022-02-01,-4.14875
2022-02-02,-2.95625
2022-02-03,-2.09625
2022-02-04,-2.35125
2022-02-05,-3.33
2022-02-06,-3.10875
2022-02-07,-3.19625
2022-02-08,-3.6375
2022-02-09,-3.675
2022-02-10,-4.13125
2022-02-11,-3.3725
2022-02-12,-2.65375
2022-02-13,-2.19
2022-02-14,-2.3225
2022-02-15,-2.11
2022-02-16,-0.35
2022-02-17,0.4825
2022-02-18,-0.0787499999999998
2022-02-19,-0.805
2022-02-20,-0.58
2022-02-21,1.285
2022-02-22,3.84625
2022-02-23,4.15375
2022-02-24,2.92
2022-02-25,1.5
2022-02-26,1.625
2022-02-27,2.035
2022-02-28,2.29875
2022-03-01,2.19625
2022-03-02,1.5575
2022-03-03,2.32
2022-03-04,2.9425
2022-03-05,4.61
2022-03-06,6.84125
2022-03-07,7.7575
2022-03-08,7.7375
2022-03-09,7.29625
2022-03-10,6.69375
2022-03-11,6.15125
2022-03-12,5.105
2022-03-13,3.58
2022-03-14,2.535
2022-03-15,2.9375
2022-03-16,4.15875
2022-03-17,5.37375
2022-03-18,6.61125
2022-03-19,7.535
2022-03-20,9.12625
2022-03-21,10.64625
2022-03-22,11.24375
2022-03-23,11.58
2022-03-24,11.1325
2022-03-25,10.2225
2022-03-26,9.05875
2022-03-27,7.9625
2022-03-28,6.9525
2022-03-29,5.72625
2022-03-30,5.83375
2022-03-31,5.41125
2022-04-01,4.79875
2022-04-02,4.5775
2022-04-03,4.9625
2022-04-04,6.06
2022-04-05,7.21
2022-04-06,8.2725
2022-04-07,7.7025
2022-04-08,7.10125
2022-04-09,7.17
2022-04-10,7.50875
2022-04-11,8.51125
2022-04-12,9.08375
2022-04-13,10.21125
2022-04-14,10.28125
2022-04-15,10.735
2022-04-16,11.415
2022-04-17,11.6875
2022-04-18,11.49125
2022-04-19,10.25625
2022-04-20,9.635
2022-04-21,9.2275
2022-04-22,9.75875
2022-04-23,10.815
2022-04-24,12.16375
2022-04-25,13.5525
2022-04-26,13.9825
2022-04-27,14.42
2022-04-28,14.6725
2022-04-29,14.555
2022-04-30,14.755
2022-05-01,14.36375
2022-05-02,13.4525
2022-05-03,13.43
2022-05-04,13.98125
2022-05-05,14.64875
2022-05-06,15.17875
2022-05-07,15.12375
2022-05-08,14.72
2022-05-09,14.74375
2022-05-10,15.66375
2022-05-11,16.57125
2022-05-12,17.79375
2022-05-13,18.845
2022-05-14,19.77125
2022-05-15,20.78625
2022-05-16,21.39375
2022-05-17,21.5875
2022-05-18,21.21
2022-05-19,20.755
2022-05-20,20.9525
2022-05-21,21.13625
2022-05-22,20.5275
2022-05-23,19.60625
2022-05-24,19.27125
2022-05-25,19.44125
2022-05-26,19.67875
2022-05-27,19.2425
2022-05-28,18.275
2022-05-29,17.8375
2022-05-30,18.575
2022-05-31,19.925
2022-06-01,20.94375
2022-06-02,20.98375
2022-06-03,20.88375
2022-06-04,21.23375
2022-06-05,21.75875
2022-06-06,21.995
2022-06-07,21.67
2022-06-08,21.07875
2022-06-09,20.42875
2022-06-10,20.26
2022-06-11,20.23625
2022-06-12,20.565
2022-06-13,21.07625
2022-06-14,21.965
2022-06-15,22.98
2022-06-16,24.05625
2022-06-17,25.03125
2022-06-18,25.33875
2022-06-19,25.37125
2022-06-20,25.37625
2022-06-21,25.4825
2022-06-22,25.335
2022-06-23,24.8375
2022-06-24,24.27875
2022-06-25,24.08875
2022-06-26,24.58625
2022-06-27,24.87125
2022-06-28,24.605
2022-06-29,24.1875
2022-06-30,23.855
2022-07-01,24.14875
2022-07-02,24.325
2022-07-03,24.35
2022-07-04,24.45375
2022-07-05,25.31625
2022-07-06,26.26375
2022-07-07,26.655
2022-07-08,26.6275
2022-07-09,26.0875
2022-07-10,25.71625
2022-07-11,25.6125
2022-07-12,25.545
2022-07-13,24.94875
2022-07-14,24.4225
2022-07-15,24.14625
2022-07-16,24.1375
2022-07-17,24.33125
2022-07-18,24.3875
2022-07-19,24.4375
2022-07-20,24.59625
2022-07-21,24.91625
2022-07-22,25.295
2022-07-23,25.8725
2022-07-24,26.3075
2022-07-25,26.41625
2022-07-26,26.33375
2022-07-27,26.27375
2022-07-28,25.99875
2022-07-29,25.57875
2022-07-30,25.00125
2022-07-31,24.33375
2022-08-01,23.845
2022-08-02,23.88
2022-08-03,24.37
2022-08-04,24.48125
2022-08-05,24.4175
2022-08-06,24.66
2022-08-07,25.1875
2022-08-08,25.70625
2022-08-09,25.63125
2022-08-10,25.29
2022-08-11,24.82375
2022-08-12,24.31625
2022-08-13,23.835
2022-08-14,23.47375
2022-08-15,22.94875
2022-08-16,22.3125
2022-08-17,22.01375
2022-08-18,21.85875
2022-08-19,21.85
2022-08-20,22.1575
2022-08-21,22.4125
2022-08-22,22.3875
2022-08-23,22.3775
2022-08-24,22.45125
2022-08-25,22.64875
2022-08-26,22.90375
2022-08-27,22.99375
2022-08-28,23.2575
2022-08-29,23.8025
2022-08-30,24.10375
2022-08-31,24.0825
2022-09-01,24.1625
2022-09-02,24.28125
2022-09-03,24.3375
2022-09-04,24.24375
2022-09-05,23.78875
2022-09-06,23.14875
2022-09-07,22.7975
2022-09-08,22.63375
2022-09-09,22.42875
2022-09-10,22.295
2022-09-11,21.94125
2022-09-12,21.26375
2022-09-13,20.67625
2022-09-14,20.4525
2022-09-15,20.36875
2022-09-16,20.5075
2022-09-17,20.675
2022-09-18,20.7
2022-09-19,21.05125
2022-09-20,21.84625
2022-09-21,22.985
2022-09-22,23.04
2022-09-23,22.2175
2022-09-24,21.68125
2022-09-25,21.2375
2022-09-26,20.4025
2022-09-27,19.08
2022-09-28,17.645
2022-09-29,15.88375
2022-09-30,15.02625
2022-10-01,15.0825
2022-10-02,14.8975
2022-10-03,14.3
2022-10-04,13.9475
2022-10-05,14.21125
2022-10-06,14.80875
2022-10-07,15.03625
2022-10-08,14.5325
2022-10-09,14.0175
2022-10-10,13.8175
2022-10-11,14.085
2022-10-12,14.62
2022-10-13,14.29375
2022-10-14,13.55125
2022-10-15,13.2675
2022-10-16,13.62875
2022-10-17,13.28375
2022-10-18,12.04125
2022-10-19,10.7
2022-10-20,9.29875
2022-10-21,9.19875
2022-10-22,9.92375
2022-10-23,10.79125
2022-10-24,11.58625
2022-10-25,12.8675
2022-10-26,13.8625
2022-10-27,14.1675
2022-10-28,14.58375
2022-10-29,14.4975
2022-10-30,13.99375
2022-10-31,13.51375
2022-11-01,12.955
2022-11-02,12.33125
2022-11-03,12.5825
2022-11-04,13.665
2022-11-05,14.625
2022-11-06,14.905
2022-11-07,14.8775
2022-11-08,14.30125
2022-11-09,14.09375
2022-11-10,14.35875
2022-11-11,14.18625
2022-11-12,12.42
2022-11-13,10.26375
2022-11-14,8.66625
2022-11-15,7.4225
2022-11-16,6.3575
2022-11-17,4.68625
2022-11-18,2.585
2022-11-19,0.63
2022-11-20,-0.18375
2022-11-21,-0.25
2022-11-22,-0.0362500000000001
2022-11-23,0.31375
2022-11-24,0.945
2022-11-25,2.0925
2022-11-26,2.9175
2022-11-27,4.375
2022-11-28,5.61375
2022-11-29,6.7425
2022-11-30,7.01
2022-12-01,6.13375
2022-12-02,5.7075
2022-12-03,5.46
2022-12-04,4.67625
2022-12-05,3.6375
2022-12-06,3.61125
2022-12-07,3.59375
2022-12-08,3.805
2022-12-09,4.73875
2022-12-10,5.00625
2022-12-11,4.8775
2022-12-12,5.49
2022-12-13,5.78375
2022-12-14,5.88375
2022-12-15,5.59375
2022-12-16,4.98
2022-12-17,4.1225
2022-12-18,3.02375
2022-12-19,1.84875
2022-12-20,1.265
2022-12-21,0.775
2022-12-22,0.1425
2022-12-23,-2.73875
2022-12-24,-4.6975
2022-12-25,-5.89375
2022-12-26,-6.31625
2022-12-27,-6.335
2022-12-28,-6.15375
2022-12-29,-5.04625
2022-12-30,-3.9
2022-12-31,-1.06875
2023-01-01,1.515
2023-01-02,4.07
2023-01-03,6.68
2023-01-04,8.53625
2023-01-05,8.935
2023-01-06,8.13875
2023-01-07,6.85625
2023-01-08,6.23125
2023-01-09,5.435
2023-01-10,4.66375
2023-01-11,3.6075
2023-01-12,3.355
2023-01-13,3.0925
2023-01-14,2.7825
2023-01-15,2.61
2023-01-16,2.795
2023-01-17,3.9525
2023-01-18,4.0975
2023-01-19,4.4425
2023-01-20,3.625
2023-01-21,3.485
2023-01-22,3.64
2023-01-23,3.75875
2023-01-24,3.50375
2023-01-25,2.52375
2023-01-26,1.85375
2023-01-27,0.455
2023-01-28,0.4925
2023-01-29,1.03375
2023-01-30,0.9075
2023-01-31,0.16
2023-02-01,-0.63
2023-02-02,-1.12625
2023-02-03,-1.72625
2023-02-04,-1.85125
2023-02-05,-1.57125
2023-02-06,-1.8825
2023-02-07,-0.7675
2023-02-08,0.6
2023-02-09,2.59875
2023-02-10,3.385
2023-02-11,4.15625
2023-02-12,4.92625
2023-02-13,5.005
2023-02-14,5.46875
2023-02-15,6.0625
2023-02-16,6.5775
2023-02-17,5.40125
2023-02-18,4.8825
2023-02-19,5.5175
2023-02-20,6.175
2023-02-21,6.28375
2023-02-22,6.72
2023-02-23,6.6625
2023-02-24,5.70625
2023-02-25,6.0125
2023-02-26,6.67125
2023-02-27,7.2875
2023-02-28,7.45375
2023-03-01,8.11
2023-03-02,8.0475
2023-03-03,7.25375
2023-03-04,7.60875
2023-03-05,8.055
2023-03-06,8.7925
2023-03-07,8.4875
2023-03-08,7.84625
2023-03-09,7.085
2023-03-10,6.54875
2023-03-11,6.165
2023-03-12,5.99375
2023-03-13,5.30875
2023-03-14,3.875
2023-03-15,2.9725
2023-03-16,3.26
2023-03-17,3.41
2023-03-18,2.6075
2023-03-19,1.85875
2023-03-20,1.57125
2023-03-21,1.95375
2023-03-22,2.90375
2023-03-23,4.4525
2023-03-24,4.78
2023-03-25,5.1
2023-03-26,6.34
2023-03-27,7.825
2023-03-28,8.34375
2023-03-29,8.455
2023-03-30,8.25375
2023-03-31,8.1225
2023-04-01,8.4325
2023-04-02,8.07875
2023-04-03,8.56875
2023-04-04,9.45625
2023-04-05,11.515
2023-04-06,12.02
2023-04-07,12.30125
2023-04-08,11.85375
2023-04-09,11.66125
2023-04-10,12.33375
2023-04-11,12.585
2023-04-12,12.6625
2023-04-13,12.14375
2023-04-14,13.1825
2023-04-15,14.53625
2023-04-16,15.1675
2023-04-17,14.7725
2023-04-18,14.39625
2023-04-19,14.33875
2023-04-20,14.73875
2023-04-21,14.4375
2023-04-22,13.42625
2023-04-23,11.76125
2023-04-24,10.6875
2023-04-25,10.845
2023-04-26,10.9075
2023-04-27,10.53375
2023-04-28,9.52
2023-04-29,9.2025
2023-04-30,9.2
2023-05-01,9.4375
2023-05-02,9.87125
2023-05-03,10.03
2023-05-04,10.2825
2023-05-05,10.795
2023-05-06,11.40375
2023-05-07,12.38125
2023-05-08,13.57625
2023-05-09,14.88625
2023-05-10,15.88875
2023-05-11,17.08375
2023-05-12,18.20625
2023-05-13,18.965
2023-05-14,19.4225
2023-05-15,19.10625
2023-05-16,18.8725
2023-05-17,18.73125
2023-05-18,18.5975
2023-05-19,18.5975
2023-05-20,18.1475
2023-05-21,17.55
2023-05-22,17.3575
2023-05-23,17.67
2023-05-24,18.16125
2023-05-25,18.22125
2023-05-26,18.2525
2023-05-27,18.14375
2023-05-28,18.37125
2023-05-29,18.88625
2023-05-30,19.39625
2023-05-31,19.89625
2023-06-01,20.31375
2023-06-02,21.325
2023-06-03,22.51875
2023-06-04,23.31
2023-06-05,23.77875
2023-06-06,24.0325
2023-06-07,23.7075
2023-06-08,23.04875
2023-06-09,22.38
2023-06-10,21.92625
2023-06-11,21.22
2023-06-12,20.1625
2023-06-13,19.55875
2023-06-14,19.26125
2023-06-15,19.41375
2023-06-16,19.52
2023-06-17,19.6125
2023-06-18,19.65875
2023-06-19,19.9125
2023-06-20,20.76625
2023-06-21,21.4925
2023-06-22,21.6675
2023-06-23,21.62375
2023-06-24,22.13625
2023-06-25,22.795
2023-06-26,22.97625
2023-06-27,22.93125
2023-06-28,22.81125
2023-06-29,22.82625
2023-06-30,23.2325
2023-07-01,23.74
2023-07-02,23.80875
2023-07-03,23.5625
2023-07-04,23.7425
2023-07-05,24.27875
2023-07-06,24.645
2023-07-07,24.66875
2023-07-08,24.47
2023-07-09,23.95625
2023-07-10,23.68
2023-07-11,23.72625
2023-07-12,23.70375
2023-07-13,23.605
2023-07-14,23.64375
2023-07-15,23.79125
2023-07-16,23.89875
2023-07-17,24.2225
2023-07-18,24.24
2023-07-19,24.15375
2023-07-20,24.15125
2023-07-21,23.83125
2023-07-22,23.425
2023-07-23,23.185
2023-07-24,23.18
2023-07-25,23.25375
2023-07-26,23.80625
2023-07-27,24.38625
2023-07-28,24.8675
2023-07-29,25.4975
2023-07-30,25.85625
2023-07-31,25.89125
2023-08-01,25.73875
2023-08-02,25.55625
2023-08-03,25.1325
2023-08-04,24.805
2023-08-05,24.31875
2023-08-06,23.80875
2023-08-07,23.505
2023-08-08,23.33875
2023-08-09,23.285
2023-08-10,23.17125
2023-08-11,23.205
2023-08-12,23.1675
2023-08-13,23.08
2023-08-14,23.0125
2023-08-15,22.775
2023-08-16,22.58375
2023-08-17,22.435
2023-08-18,22.1775
2023-08-19,21.78
2023-08-20,21.73875
2023-08-21,22.1575
2023-08-22,22.62375
2023-08-23,23.465
2023-08-24,24.57375
2023-08-25,25.545
2023-08-26,26.31875
2023-08-27,26.62875
2023-08-28,26.2275
2023-08-29,25.4525
2023-08-30,24.6575
2023-08-31,23.575
2023-09-01,22.49125
2023-09-02,21.8525
2023-09-03,21.79125
2023-09-04,22.1925
2023-09-05,22.86375
2023-09-06,23.3125
2023-09-07,23.47625
2023-09-08,23.67625
2023-09-09,23.61625
2023-09-10,23.1675
2023-09-11,22.56875
2023-09-12,21.815
2023-09-13,20.725
2023-09-14,19.84625
2023-09-15,19.4275
2023-09-16,19.21
2023-09-17,18.97625
2023-09-18,18.61125
2023-09-19,18.225
2023-09-20,18.23375
2023-09-21,18.6925
2023-09-22,19.24625
2023-09-23,19.55375
2023-09-24,19.7025
2023-09-25,20.04375
2023-09-26,20.5325
2023-09-27,20.81375
2023-09-28,20.725
2023-09-29,20.4825
2023-09-30,20.27625
2023-10-01,20.325
2023-10-02,20.6125
2023-10-03,20.8275
2023-10-04,21.085
2023-10-05,21.1225
2023-10-06,20.80625
2023-10-07,19.81125
2023-10-08,18.585
2023-10-09,17.38125
2023-10-10,16.07875
2023-10-11,14.8475
2023-10-12,13.9925
2023-10-13,13.61875
2023-10-14,13.35
2023-10-15,13.30625
2023-10-16,13.315
2023-10-17,13.33
2023-10-18,13.43875
2023-10-19,13.585
2023-10-20,13.125
2023-10-21,12.51
2023-10-22,12.185
2023-10-23,12.12375
2023-10-24,12.84125
2023-10-25,13.6875
2023-10-26,14.57
2023-10-27,15.41125
2023-10-28,15.6425
2023-10-29,15.51375
2023-10-30,14.8675
2023-10-31,13.79875
2023-11-01,12.01125
2023-11-02,10.24125
2023-11-03,8.85625
2023-11-04,7.78375
2023-11-05,7.23625
2023-11-06,7.3925
2023-11-07,8.485
2023-11-08,10.1975
2023-11-09,11.79
2023-11-10,12.52375
2023-11-11,12.24875
2023-11-12,11.625
2023-11-13,11.4875
2023-11-14,10.92375
2023-11-15,10.15375
2023-11-16,9.60625
2023-11-17,9.51125
2023-11-18,9.0925
2023-11-19,9.16
2023-11-20,9.255
2023-11-21,9.235
2023-11-22,8.99625
2023-11-23,8.46625
2023-11-24,7.49125
2023-11-25,5.91
2023-11-26,5.3325
2023-11-27,4.50875
2023-11-28,3.09375
2023-11-29,1.84125
2023-11-30,1.6425
2023-12-01,1.95625
2023-12-02,2.61375
2023-12-03,3.27125
2023-12-04,3.49625
2023-12-05,3.95
2023-12-06,4.755
2023-12-07,5.4575
2023-12-08,6.0475
2023-12-09,6.64375
2023-12-10,6.02875
2023-12-11,5.2675
2023-12-12,5.01875
2023-12-13,4.725
2023-12-14,4.645
2023-12-15,4.59625
2023-12-16,4.1675
2023-12-17,3.555
2023-12-18,3.35625
2023-12-19,2.98
2023-12-20,2.8425
2023-12-21,3.1375
2023-12-22,3.55625
2023-12-23,3.98625
2023-12-24,4.5525
2023-12-25,4.96
2023-12-26,5.87625
2023-12-27,6.69125
2023-12-28,7.02125
2023-12-29,6.85125
2023-12-30,6.4625
2023-12-31,5.74625
2024-01-01,4.54875
2024-01-02,3.22625
2024-01-03,2.00625
2024-01-04,1.525
2024-01-05,0.95375
2024-01-06,0.77125
2024-01-07,0.6425
2024-01-08,0.48875
2024-01-09,0.87375
2024-01-10,0.995
2024-01-11,1.2875
2024-01-12,1.655
2024-01-13,1.46875
2024-01-14,-0.2
2024-01-15,-2.22
2024-01-16,-3.86625
2024-01-17,-5.6175
2024-01-18,-6.2125
2024-01-19,-7.215
2024-01-20,-9.13375
2024-01-21,-10.1175
2024-01-22,-9.01875
2024-01-23,-6.825
2024-01-24,-4.45625
2024-01-25,-2.37375
2024-01-26,-1.20875
2024-01-27,-0.0612500000000005
2024-01-28,1.85
2024-01-29,3.34625
2024-01-30,3.91125
2024-01-31,3.89
2024-02-01,3.62
2024-02-02,3.46875
2024-02-03,3.095
2024-02-04,3.13875
2024-02-05,3.205
2024-02-06,3.32
2024-02-07,3.66875
2024-02-08,4.39875
2024-02-09,5.5275
2024-02-10,6.09125
2024-02-11,6.25875
2024-02-12,6.17875
2024-02-13,6.10625
2024-02-14,6.22125
2024-02-15,6.515
2024-02-16,5.60375
2024-02-17,3.37625
2024-02-18,1.6725
2024-02-19,1.185
2024-02-20,1.1875
2024-02-21,1.71875
2024-02-22,2.69625
2024-02-23,2.845
2024-02-24,2.96875
2024-02-25,3.9
2024-02-26,5.58875
2024-02-27,7.52375
2024-02-28,8.2425
2024-02-29,7.30375
2024-03-01,6.1425
2024-03-02,6.06
2024-03-03,7.0725
2024-03-04,8.675
2024-03-05,9.37875
2024-03-06,8.74625
2024-03-07,8.79125
2024-03-08,10.19125
2024-03-09,11.07125
2024-03-10,10.73875
2024-03-11,10.055
2024-03-12,9.4575
2024-03-13,9.2525
2024-03-14,9.88625
2024-03-15,10.24125
2024-03-16,10.0025
2024-03-17,9.775
2024-03-18,9.39875
2024-03-19,9.10375
2024-03-20,8.6275
2024-03-21,7.155
2024-03-22,5.865
2024-03-23,4.89375
2024-03-24,4.19375
2024-03-25,4.67625
2024-03-26,6.24
2024-03-27,6.72
2024-03-28,6.52
2024-03-29,7.49875
2024-03-30,8.595
2024-03-31,9.6225
2024-04-01,11.0825
2024-04-02,11.69125
2024-04-03,10.86
2024-04-04,10.53125
2024-04-05,10.41875
2024-04-06,9.9325
2024-04-07,9.29
2024-04-08,9.6325
2024-04-09,9.74125
2024-04-10,9.53875
2024-04-11,10.38125
2024-04-12,11.27
2024-04-13,12.2575
2024-04-14,13.79875
2024-04-15,15.0875
2024-04-16,15.61875
2024-04-17,16.1275
2024-04-18,16.42875
2024-04-19,16.55375
2024-04-20,16.365
2024-04-21,15.70125
2024-04-22,14.565
2024-04-23,13.665
2024-04-24,12.56625
2024-04-25,11.165
2024-04-26,10.5925
2024-04-27,11.30875
2024-04-28,12.81625
2024-04-29,14.465
2024-04-30,15.59
2024-05-01,16.4975
2024-05-02,17.71375
2024-05-03,19.1
2024-05-04,20.03
2024-05-05,19.90875
2024-05-06,19.48625
2024-05-07,19.42375
2024-05-08,19.74875
2024-05-09,19.6525
2024-05-10,18.95625
2024-05-11,18.43375
2024-05-12,18.04
2024-05-13,18.05
2024-05-14,17.98375
2024-05-15,17.69125
2024-05-16,17.39125
2024-05-17,17.46625
2024-05-18,18.09125
2024-05-19,18.8875
2024-05-20,19.73875
2024-05-21,20.295
2024-05-22,21.07
2024-05-23,21.3975
2024-05-24,21.72
2024-05-25,21.95375
2024-05-26,22.01875
2024-05-27,21.75875
2024-05-28,21.2225
2024-05-29,20.365
2024-05-30,19.51
2024-05-31,19.2225
2024-06-01,18.8575
2024-06-02,18.64
2024-06-03,18.73875
2024-06-04,19.08125
2024-06-05,19.54875
2024-06-06,20.16625
2024-06-07,20.6125
2024-06-08,20.83
2024-06-09,21.0975
2024-06-10,20.81875
2024-06-11,20.15875
2024-06-12,19.8225
2024-06-13,19.88375
2024-06-14,20.1925
2024-06-15,20.535
2024-06-16,21.12
2024-06-17,22.04875
2024-06-18,23.20125
2024-06-19,24.54375
2024-06-20,25.39
2024-06-21,25.92125
2024-06-22,26.3525
2024-06-23,26.78625
2024-06-24,26.795
2024-06-25,26.6325
2024-06-26,26.39
2024-06-27,25.82625
2024-06-28,25.4025
2024-06-29,25.35125
2024-06-30,24.88
2024-07-01,23.965
2024-07-02,23.62
2024-07-03,23.595
2024-07-04,23.59375
2024-07-05,23.73
2024-07-06,23.6425
2024-07-07,23.22625
2024-07-08,23.37625
2024-07-09,24.0225
2024-07-10,24.15875
2024-07-11,23.8025
2024-07-12,23.77375
2024-07-13,24.0375
2024-07-14,24.5175
2024-07-15,24.9975
2024-07-16,25.215
2024-07-17,25.2575
2024-07-18,25.07125
2024-07-19,24.7325
2024-07-20,24.43125
2024-07-21,24.08
2024-07-22,23.58125
2024-07-23,23.08125
2024-07-24,22.73
2024-07-25,22.54375
2024-07-26,22.72625
2024-07-27,23.06
2024-07-28,23.26375
2024-07-29,23.5025
2024-07-30,23.78375
2024-07-31,24.09625
2024-08-01,24.31125
2024-08-02,24.4425
2024-08-03,24.65375
2024-08-04,24.95375
2024-08-05,25.325
2024-08-06,25.60625
2024-08-07,25.4275
2024-08-08,25.07375
2024-08-09,24.68375
2024-08-10,24.11875
2024-08-11,23.55375
2024-08-12,22.905
2024-08-13,22.33
2024-08-14,21.855
2024-08-15,21.80375
2024-08-16,21.885
2024-08-17,22.13375
2024-08-18,22.455
2024-08-19,22.625
2024-08-20,22.39875
2024-08-21,21.845
2024-08-22,21.2525
2024-08-23,20.905
2024-08-24,20.91
2024-08-25,21.0375
2024-08-26,21.54375
2024-08-27,22.36125
2024-08-28,23.4875
2024-08-29,24.67125
2024-08-30,25.86625
2024-08-31,26.53125
2024-09-01,26.4875
2024-09-02,25.86875
2024-09-03,24.95375
2024-09-04,24.12875
2024-09-05,23.6725
2024-09-06,23.18875
2024-09-07,21.8175
2024-09-08,20.48375
2024-09-09,19.71
2024-09-10,19.60625
2024-09-11,19.935
2024-09-12,20.15625
2024-09-13,19.975
2024-09-14,20.1075
2024-09-15,21.0475
2024-09-16,22.125
2024-09-17,22.74
2024-09-18,23.04625
2024-09-19,23.32125
2024-09-20,23.5525
2024-09-21,23.86125
2024-09-22,23.7925
2024-09-23,23.35125
2024-09-24,22.955
2024-09-25,22.57
2024-09-26,22.1775
2024-09-27,21.6075
2024-09-28,20.88
2024-09-29,20.2225
2024-09-30,19.8675
2024-10-01,19.8225
2024-10-02,19.26375
2024-10-03,18.95125
2024-10-04,18.82875
2024-10-05,18.85
2024-10-06,19.19375
2024-10-07,18.74125
2024-10-08,17.915
2024-10-09,17.26
2024-10-10,17.215
2024-10-11,17.15625
2024-10-12,17.1975
2024-10-13,17.1625
2024-10-14,16.005
2024-10-15,15.16625
2024-10-16,14.40625
2024-10-17,13.65
2024-10-18,13.055
2024-10-19,12.6075
2024-10-20,12.035
2024-10-21,11.5775
2024-10-22,12.06375
2024-10-23,13.13875
2024-10-24,13.675
2024-10-25,14.3875
2024-10-26,14.72625
2024-10-27,14.42125
2024-10-28,14.11375
2024-10-29,14.62125
2024-10-30,15.15
2024-10-31,15.34375
2024-11-01,15.21875
2024-11-02,14.51
2024-11-03,14.355
2024-11-04,15.39125
2024-11-05,16.4225
2024-11-06,16.21875
2024-11-07,15.24375
2024-11-08,14.10375
2024-11-09,14.01375
2024-11-10,14.72625
2024-11-11,14.7275
2024-11-12,13.5025
2024-11-13,12.06625
2024-11-14,11.2775
2024-11-15,10.9725
2024-11-16,10.85875
2024-11-17,10.8
2024-11-18,10.6825
2024-11-19,11.14125
2024-11-20,11.2325
2024-11-21,10.60875
2024-11-22,9.59
2024-11-23,9.02875
2024-11-24,8.5725
2024-11-25,8.7625
2024-11-26,7.6375
2024-11-27,6.19
2024-11-28,5.43
2024-11-29,4.91
2024-11-30,4.005
2024-12-01,2.89125
2024-12-02,1.63
2024-12-03,-0.36
2024-12-04,-1.0875
2024-12-05,-2.06875
2024-12-06,-3.12375
2024-12-07,-3.1675
2024-12-08,-1.94875
2024-12-09,-0.36125
2024-12-10,0.96
2024-12-11,1.54125
2024-12-12,1.1025
2024-12-13,1.08875
2024-12-14,1.7575
2024-12-15,2.7675
2024-12-16,3.29625
2024-12-17,2.91
2024-12-18,2.6425
2024-12-19,2.745
2024-12-20,3.42125
2024-12-21,3.6875
2024-12-22,3.38375
2024-12-23,2.59125
2024-12-24,1.88
2024-12-25,1.66375
2024-12-26,2.03125
2024-12-27,2.945
2024-12-28,4.3125
2024-12-29,5.83375
2024-12-30,6.915
2024-12-31,7.65125
