Day,Beta_EnsMean
1,1.747508362
2,1.718312278
3,1.68970719
4,1.661925599
5,1.635153323
6,1.609530255
7,1.585155174
8,1.562091246
9,1.54037337
10,1.520013064
11,1.501004294
12,1.483327478
13,1.466952831
14,1.4518428
15,1.437953576
16,1.425236836
17,1.413639739
18,1.403107002
19,1.393580034
20,1.384998679
21,1.377301827
22,1.370427623
23,1.364314348
24,1.358901545
25,1.354129657
26,1.349941432
27,1.346281439
28,1.343096882
29,1.340338051
30,1.337957516
31,1.335911006
32,1.334157303
33,1.332657874
34,1.331377417
35,1.330282822
36,1.329344109
37,1.328533486
38,1.327825919
39,1.327198565
40,1.326630414
41,1.326103032
42,1.325599313
43,1.325104386
44,1.324604407
45,1.32408765
46,1.323543191
47,1.322961912
48,1.322335213
49,1.321656063
50,1.320917904
51,1.320115015
52,1.31924279
53,1.318296745
54,1.317273363
55,1.316169173
56,1.314981177
57,1.313706964
58,1.312343955
59,1.31088993
60,1.309342965
61,1.307700604
62,1.305960685
63,1.304121062
64,1.302179441
65,1.300133228
66,1.297979176
67,1.295714751
68,1.293336123
69,1.290839806
70,1.288221702
71,1.285477087
72,1.282601029
73,1.279588372
74,1.276433185
75,1.273128912
76,1.26966925
77,1.266046271
78,1.262252361
79,1.258279055
80,1.254117161
81,1.249757066
82,1.245188385
83,1.240400031
84,1.235380799
85,1.230118215
86,1.224600032
87,1.21881333
88,1.21274586
89,1.206385285
90,1.199720159
91,1.192740932
92,1.185440138
93,1.177813426
94,1.169860408
95,1.161585957
96,1.153000876
97,1.144122973
98,1.134977117
99,1.125596032
100,1.11601986
101,1.10629499
102,1.096473008
103,1.08660771
104,1.076753415
105,1.066961177
106,1.057276115
107,1.047734112
108,1.038360372
109,1.029168434
110,1.020159811
111,1.011326917
112,1.002655298
113,0.994128652
114,0.985731609
115,0.977454916
116,0.969297647
117,0.961267784
118,0.953382798
119,0.94566752
120,0.9381513
121,0.930865854
122,0.923841506
123,0.917105496
124,0.910679229
125,0.904578038
126,0.898810208
127,0.893376887
128,0.888272867
129,0.883487485
130,0.879005373
131,0.874807343
132,0.87087208
133,0.867177092
134,0.863699362
135,0.860416763
136,0.857309304
137,0.854359277
138,0.851552851
139,0.848880537
140,0.846337803
141,0.843925327
142,0.841649681
143,0.839522786
144,0.837561965
145,0.835788667
146,0.834226958
147,0.832902946
148,0.831842475
149,0.831069916
150,0.830605805
151,0.83046639
152,0.830661736
153,0.831195578
154,0.832064994
155,0.833259784
156,0.834764086
157,0.836555049
158,0.838605657
159,0.84088441
160,0.843356967
161,0.845986649
162,0.848736085
163,0.85156808
164,0.854446582
165,0.857337177
166,0.860208206
167,0.863030754
168,0.865779229
169,0.86843133
170,0.870967858
171,0.873373158
172,0.875634268
173,0.877740897
174,0.879685141
175,0.881461143
176,0.883064628
177,0.884493001
178,0.885744914
179,0.886819743
180,0.88771762
181,0.88843973
182,0.888987161
183,0.889361806
184,0.889565915
185,0.889601886
186,0.889472328
187,0.88918031
188,0.888729006
189,0.888122134
190,0.887363411
191,0.88645687
192,0.88540747
193,0.884219483
194,0.88289845
195,0.881449632
196,0.879879028
197,0.878192849
198,0.876397356
199,0.874499507
200,0.872506313
201,0.870424919
202,0.868262798
203,0.8660274
204,0.863726206
205,0.861366905
206,0.858956955
207,0.856503464
208,0.854013391
209,0.851493388
210,0.84894935
211,0.846386634
212,0.843809873
213,0.841222487
214,0.838627189
215,0.836025022
216,0.833416
217,0.830798514
218,0.828169703
219,0.825525135
220,0.822858773
221,0.820163421
222,0.817430623
223,0.814651571
224,0.811816938
225,0.808917947
226,0.805946842
227,0.802897483
228,0.799767315
229,0.796556756
230,0.793271229
231,0.789920986
232,0.786521509
233,0.783093683
234,0.779662386
235,0.776256256
236,0.77290567
237,0.769640982
238,0.766491294
239,0.763482071
240,0.76063484
241,0.757965349
242,0.755483761
243,0.753194354
244,0.751096115
245,0.749182649
246,0.74744352
247,0.745864876
248,0.74442976
249,0.743119389
250,0.741913334
251,0.740790293
252,0.739728831
253,0.738707297
254,0.737704858
255,0.7367016
256,0.735678531
257,0.734618269
258,0.733505286
259,0.73232574
260,0.731067747
261,0.729721487
262,0.728279471
263,0.726736099
264,0.725087747
265,0.7233328
266,0.7214716
267,0.719506137
268,0.71744024
269,0.715278976
270,0.713029146
271,0.710698493
272,0.708296396
273,0.705832906
274,0.703319304
275,0.700767644
276,0.698191069
277,0.695602782
278,0.693017386
279,0.690449208
280,0.687913187
281,0.685424305
282,0.682997897
283,0.680648834
284,0.678391807
285,0.676241323
286,0.674211264
287,0.672314785
288,0.670564979
289,0.668973401
290,0.667551264
291,0.666309021
292,0.665256254
293,0.664401658
294,0.663753379
295,0.663318802
296,0.663104359
297,0.66311644
298,0.663360391
299,0.663841724
300,0.664564997
301,0.665534828
302,0.666755699
303,0.668231834
304,0.669967428
305,0.671966743
306,0.674234226
307,0.676774289
308,0.679591551
309,0.682691082
310,0.686077975
311,0.689757988
312,0.69373716
313,0.69802196
314,0.702619504
315,0.707537461
316,0.712784387
317,0.718369588
318,0.724303842
319,0.730598353
320,0.737266779
321,0.744323798
322,0.751786321
323,0.759673901
324,0.768008381
325,0.776814796
326,0.786122069
327,0.795962177
328,0.806371905
329,0.817391396
330,0.829066068
331,0.841445491
332,0.854582772
333,0.868535258
334,0.883363426
335,0.899128869
336,0.915895358
337,0.933725089
338,0.952679053
339,0.972814083
340,0.994181581
341,1.016825624
342,1.040781274
343,1.066072233
344,1.092708938
345,1.120686844
346,1.149983346
347,1.180554077
348,1.212330401
349,1.24521336
350,1.27906923
351,1.313724115
352,1.348958597
353,1.384505332
354,1.420047432
355,1.455221623
356,1.489622861
357,1.522814274
358,1.554338694
359,1.583732754
360,1.610543296
361,1.634343609
362,1.654753715
363,1.671459258
364,1.684232935
365,1.69295536
366,1.697634652
367,1.698420361
368,1.695609182
369,1.689638928
370,1.681066051
371,1.670528695
372,1.658696875
373,1.646219179
374,1.633672968
375,1.621529102
376,1.610134348
377,1.599711135
378,1.59037219
379,1.582141235
380,1.574978665
381,1.568801761
382,1.5635048
383,1.558971226
384,1.555084035
385,1.551731914
386,1.548812106
387,1.546232194
388,1.543911293
389,1.541778624
390,1.539773419
391,1.537843987
392,1.535946444
393,1.534043759
394,1.532104865
395,1.530103609
396,1.528018147
397,1.525830328
398,1.523524389
399,1.521087289
400,1.518507734
401,1.515775785
402,1.512882888
403,1.509820744
404,1.50658223
405,1.503160015
406,1.499547705
407,1.495738044
408,1.491724864
409,1.487500995
410,1.483059809
411,1.478394553
412,1.473497793
413,1.468362436
414,1.462981299
415,1.457347021
416,1.451452181
417,1.44528918
418,1.438850537
419,1.432128742
420,1.425116256
421,1.417805195
422,1.410188213
423,1.402257666
424,1.394006178
425,1.385426
426,1.376509488
427,1.36724928
428,1.357637912
429,1.347667679
430,1.337331563
431,1.326622128
432,1.315532461
433,1.304055825
434,1.292186186
435,1.279918298
436,1.26724793
437,1.25417228
438,1.240690261
439,1.226803675
440,1.212517604
441,1.197840571
442,1.18278639
443,1.167374134
444,1.151629701
445,1.135586321
446,1.119285434
447,1.102776453
448,1.086118028
449,1.069376476
450,1.052626014
451,1.035946459
452,1.019422643
453,1.003141366
454,0.987189263
455,0.971650071
456,0.956602365
457,0.942117535
458,0.92825745
459,0.915073074
460,0.90260385
461,0.890876502
462,0.879904985
463,0.869690754
464,0.86022339
465,0.851480506
466,0.843430065
467,0.836031079
468,0.829236455
469,0.822995216
470,0.817254998
471,0.811964981
472,0.807079203
473,0.802557677
474,0.798368365
475,0.794488013
476,0.790902369
477,0.787605725
478,0.784599647
479,0.781891957
480,0.779495336
481,0.777425259
482,0.77569934
483,0.774335191
484,0.773349427
485,0.772756636
486,0.772567846
487,0.772790365
488,0.773426332
489,0.774472333
490,0.775919177
491,0.777751453
492,0.779947296
493,0.782479212
494,0.785313636
495,0.788412593
496,0.791733354
497,0.795230582
498,0.798856854
499,0.802563936
500,0.806304112
501,0.810031265
502,0.813702099
503,0.817276269
504,0.820717998
505,0.823995888
506,0.827083118
507,0.829957381
508,0.832601599
509,0.83500199
510,0.8371493
511,0.839037575
512,0.84066388
513,0.842027694
514,0.843131103
515,0.843977809
516,0.844572894
517,0.844923094
518,0.845035717
519,0.844919294
520,0.844582476
521,0.844034672
522,0.843285784
523,0.842345677
524,0.841224536
525,0.839932457
526,0.838479735
527,0.836876526
528,0.835132852
529,0.833258748
530,0.831263974
531,0.829158165
532,0.826950751
533,0.824651003
534,0.82226795
535,0.81981048
536,0.817287043
537,0.814706139
538,0.812075958
539,0.809404418
540,0.806699097
541,0.803967789
542,0.801217504
543,0.798455596
544,0.795688771
545,0.792923555
546,0.790165983
547,0.787422173
548,0.784697667
549,0.781997137
550,0.779325478
551,0.776686393
552,0.774083003
553,0.771517769
554,0.768992119
555,0.766506605
556,0.764060676
557,0.761652485
558,0.759278923
559,0.756935515
560,0.754616529
561,0.752314605
562,0.750020877
563,0.747725286
564,0.745416336
565,0.743081532
566,0.740707129
567,0.738279134
568,0.735783018
569,0.733204499
570,0.730529949
571,0.727746956
572,0.724845007
573,0.721816167
574,0.718655221
575,0.715361021
576,0.711936049
577,0.708387151
578,0.704725243
579,0.700965516
580,0.697126649
581,0.693230219
582,0.689299837
583,0.685360044
584,0.68143554
585,0.677550077
586,0.673725598
587,0.669981517
588,0.666334182
589,0.66279728
590,0.659380518
591,0.656091146
592,0.652933329
593,0.649908714
594,0.647017039
595,0.644256122
596,0.641622722
597,0.639112245
598,0.63671973
599,0.634439465
600,0.632265687
601,0.630192235
602,0.628212921
603,0.626321908
604,0.624513019
605,0.622780435
606,0.621118203
607,0.619520869
608,0.6179827
609,0.616498169
610,0.615061942
611,0.613668598
612,0.612312794
613,0.61098941
614,0.609693203
615,0.608419102
616,0.607161872
617,0.605916798
618,0.604679149
619,0.603444375
620,0.602208298
621,0.600966919
622,0.599716578
623,0.598454211
624,0.597177129
625,0.595883258
626,0.594570782
627,0.593238581
628,0.591886394
629,0.590514041
630,0.589122217
631,0.587711975
632,0.58628514
633,0.584843803
634,0.583390623
635,0.581928708
636,0.580461591
637,0.578993119
638,0.57752781
639,0.576070126
640,0.574625328
641,0.573198732
642,0.571796067
643,0.570423428
644,0.569087295
645,0.567794293
646,0.566551536
647,0.565366339
648,0.564246189
649,0.563199291
650,0.562233441
651,0.561357282
652,0.560579358
653,0.559908425
654,0.559353393
655,0.558923554
656,0.558628192
657,0.558476619
658,0.558478231
659,0.558642715
660,0.558979567
661,0.559498498
662,0.560209004
663,0.561120825
664,0.562243477
665,0.563586552
666,0.565159239
667,0.566971008
668,0.56903084
669,0.57134752
670,0.573929749
671,0.576785613
672,0.579922754
673,0.583348364
674,0.587069243
675,0.591091029
676,0.595418975
677,0.600057028
678,0.60500849
679,0.610275459
680,0.615858909
681,0.621758875
682,0.627974164
683,0.63450275
684,0.6413415
685,0.648487158
686,0.655935213
687,0.663681962
688,0.671723381
689,0.680056319
690,0.688678466
691,0.697589174
692,0.706789494
693,0.716282412
694,0.726073384
695,0.736170582
696,0.74658408
697,0.757326663
698,0.768412806
699,0.779858351
700,0.791680254
701,0.803894728
702,0.816517226
703,0.829561397
704,0.843037672
705,0.856952831
706,0.871309929
707,0.886107497
708,0.90134044
709,0.917000145
710,0.933075786
711,0.949554838
712,0.966424994
713,0.983674616
714,1.001293749
715,1.019274428
716,1.037611894
717,1.056304626
718,1.075354129
719,1.09476494
720,1.114544883
721,1.13470412
722,1.15525414
723,1.176206067
724,1.197566941
725,1.219337285
726,1.241503179
727,1.264030561
728,1.286856875
729,1.309882596
730,1.332966313
731,1.355922282
732,1.378523499
733,1.400512502
734,1.421617031
735,1.441570267
736,1.460132271
737,1.477107614
738,1.492360309
739,1.505817741
740,1.517471001
741,1.527366817
742,1.535596311
743,1.542281255
744,1.547561228
745,1.55158104
746,1.554481179
747,1.556391135
748,1.557425663
749,1.557682097
750,1.557241529
751,1.556170225
752,1.554522514
753,1.552342445
754,1.549668044
755,1.546532393
756,1.542966425
757,1.538999692
758,1.534661189
759,1.529979944
760,1.524984658
761,1.519703642
762,1.514164343
763,1.508393198
764,1.502415031
765,1.496253237
766,1.489929125
767,1.483462885
768,1.476872757
769,1.470175654
770,1.463387683
771,1.456523746
772,1.449598342
773,1.442625776
774,1.435619503
775,1.428593978
776,1.42156285
777,1.414540321
778,1.407540955
779,1.400579438
780,1.393670447
781,1.386829123
782,1.380070575
783,1.373410359
784,1.366864115
785,1.360447027
786,1.354175314
787,1.348064467
788,1.342130885
789,1.336390376
790,1.330859423
791,1.32555481
792,1.320493199
793,1.315691561
794,1.31116733
795,1.306937918
796,1.303021014
797,1.299434781
798,1.296196297
799,1.293323636
800,1.290833749
801,1.288742922
802,1.287066832
803,1.285819381
804,1.285012722
805,1.284656256
806,1.284756586
807,1.285316676
808,1.286335021
809,1.287804574
810,1.289712787
811,1.292041034
812,1.294763312
813,1.297845677
814,1.301247671
815,1.304921806
816,1.30881241
817,1.312858224
818,1.3169927
819,1.321146116
820,1.325245917
821,1.329219297
822,1.332994461
823,1.336503148
824,1.339681447
825,1.342471287
826,1.344822034
827,1.346689895
828,1.348039955
829,1.348844931
830,1.349085361
831,1.348748758
832,1.347829759
833,1.346328452
834,1.344250515
835,1.341605619
836,1.338407561
837,1.334673017
838,1.330421284
839,1.325673714
840,1.320453778
841,1.314786196
842,1.308696836
843,1.30221276
844,1.295361817
845,1.288172364
846,1.280673385
847,1.272893965
848,1.264862984
849,1.256609306
850,1.248160832
851,1.239545539
852,1.230789438
853,1.221917503
854,1.212953359
855,1.203918979
856,1.194834061
857,1.185716897
858,1.176583193
859,1.16744671
860,1.15831922
861,1.149210446
862,1.140127733
863,1.13107761
864,1.122064404
865,1.113091007
866,1.104159951
867,1.095272355
868,1.086429387
869,1.077631868
870,1.068880439
871,1.060176805
872,1.051522702
873,1.042920761
874,1.034374051
875,1.025886908
876,1.017464347
877,1.009111971
878,1.00083638
879,0.992644362
880,0.984543346
881,0.976541199
882,0.968645513
883,0.960864156
884,0.953204736
885,0.945674621
886,0.93828053
887,0.931029052
888,0.923926063
889,0.916976817
890,0.91018568
891,0.903557047
892,0.89709387
893,0.890798874
894,0.884674042
895,0.878720917
896,0.872940086
897,0.867332138
898,0.861896172
899,0.856631964
900,0.851537853
901,0.84661226
902,0.841852769
903,0.837256752
904,0.832820915
905,0.828541599
906,0.824414581
907,0.820435017
908,0.816597506
909,0.812895909
910,0.809323855
911,0.80587396
912,0.802538618
913,0.799309053
914,0.796176866
915,0.793132648
916,0.790167049
917,0.787270784
918,0.784434535
919,0.781649791
920,0.778908931
921,0.776205301
922,0.773533687
923,0.770890661
924,0.768274568
925,0.765685923
926,0.763126999
927,0.760602362
928,0.758118115
929,0.755681947
930,0.753302395
931,0.750989363
932,0.748752482
933,0.746601485
934,0.744545855
935,0.74259378
936,0.740753084
937,0.73902972
938,0.737428904
939,0.735954009
940,0.73460751
941,0.733390205
942,0.732302018
943,0.731341034
944,0.7305049
945,0.729790092
946,0.729191646
947,0.728704415
948,0.728321761
949,0.728036776
950,0.727841362
951,0.727727249
952,0.727685288
953,0.727705836
954,0.727778785
955,0.727893598
956,0.728039965
957,0.728206396
958,0.728382312
959,0.728556469
960,0.72871808
961,0.728856213
962,0.728960298
963,0.729020342
964,0.72902672
965,0.728970259
966,0.728842318
967,0.72863552
968,0.728342965
969,0.727959111
970,0.727478825
971,0.726898976
972,0.726217195
973,0.725432724
974,0.724546179
975,0.723559268
976,0.722475737
977,0.721300222
978,0.720038943
979,0.718698964
980,0.717288978
981,0.71581807
982,0.714296326
983,0.712734349
984,0.711142831
985,0.709532954
986,0.707915671
987,0.706301719
988,0.704701461
989,0.703125067
990,0.701581836
991,0.700080737
992,0.698630281
993,0.697237946
994,0.695911027
995,0.694656275
996,0.693479635
997,0.692386866
998,0.691383183
999,0.690473594
1000,0.68966274
1001,0.688954927
1002,0.68835441
1003,0.687865026
1004,0.687490776
1005,0.68723511
1006,0.687101617
1007,0.687093601
1008,0.687214062
1009,0.687466033
1010,0.687852062
1011,0.688374363
1012,0.689034931
1013,0.689835213
1014,0.690776095
1015,0.691857964
1016,0.693080433
1017,0.694442615
1018,0.695942283
1019,0.697576962
1020,0.699343115
1021,0.701235779
1022,0.703249484
1023,0.705377676
1024,0.707612887
1025,0.709946729
1026,0.712370038
1027,0.714872748
1028,0.717444666
1029,0.720074937
1030,0.722752661
1031,0.725466922
1032,0.728207357
1033,0.730964258
1034,0.73372864
1035,0.73649288
1036,0.739250831
1037,0.74199827
1038,0.74473308
1039,0.747455247
1040,0.75016772
1041,0.752875611
1042,0.755587004
1043,0.758312494
1044,0.761065423
1045,0.763861425
1046,0.766718127
1047,0.769655094
1048,0.772693038
1049,0.77585344
1050,0.779158168
1051,0.782628231
1052,0.786284
1053,0.790143952
1054,0.794224665
1055,0.798540182
1056,0.803101897
1057,0.807918482
1058,0.812995903
1059,0.818338029
1060,0.823946364
1061,0.829821758
1062,0.835963473
1063,0.842370279
1064,0.849040978
1065,0.855974153
1066,0.863168806
1067,0.870623194
1068,0.878336042
1069,0.886305511
1070,0.894529589
1071,0.903005451
1072,0.911730304
1073,0.92070052
1074,0.929912418
1075,0.939362377
1076,0.949046411
1077,0.958961695
1078,0.969105326
1079,0.979475506
1080,0.990070969
1081,1.000891514
1082,1.011937976
1083,1.023211554
1084,1.034714542
1085,1.046449281
1086,1.05841881
1087,1.070626259
1088,1.083074577
1089,1.095767066
1090,1.108706877
1091,1.121897444
1092,1.135342643
1093,1.149047188
1094,1.163016394
1095,1.177257419
1096,1.191778049
1097,1.206586555
1098,1.221691653
1099,1.237100139
1100,1.25281547
1101,1.268835008
1102,1.285147294
1103,1.301729023
1104,1.318542451
1105,1.335533977
1106,1.352634534
1107,1.369759753
1108,1.386814982
1109,1.403700158
1110,1.420315027
1111,1.43656826
1112,1.452380568
1113,1.467691377
1114,1.482461244
1115,1.496671915
1116,1.510325849
1117,1.523443937
1118,1.536060065
1119,1.548218906
1120,1.559969664
1121,1.571362898
1122,1.582447454
1123,1.593266845
1124,1.603856906
1125,1.614245564
1126,1.624450952
1127,1.63448225
1128,1.644338816
1129,1.654011905
1130,1.663484231
1131,1.672732785
1132,1.68172887
1133,1.690439656
1134,1.698829487
1135,1.706861317
1136,1.714498073
1137,1.721703425
1138,1.728443414
1139,1.734686568
1140,1.740405425
1141,1.74557671
1142,1.750182375
1143,1.754208505
1144,1.75764747
1145,1.760496259
1146,1.762757093
1147,1.764437288
1148,1.765548572
1149,1.766106978
1150,1.76613301
1151,1.765649706
1152,1.76468417
1153,1.763265207
1154,1.761424214
1155,1.759193838
1156,1.756607786
1157,1.75370045
1158,1.750505552
1159,1.747056395
1160,1.743385196
1161,1.73952201
1162,1.735494837
1163,1.731328979
1164,1.72704649
1165,1.722665414
1166,1.718200728
1167,1.713662714
1168,1.709058419
1169,1.704390287
1170,1.699657172
1171,1.69485414
1172,1.689973593
1173,1.685005233
1174,1.679936185
1175,1.674752519
1176,1.669439957
1177,1.663983211
1178,1.658368364
1179,1.652582154
1180,1.646612793
1181,1.640450165
1182,1.634087294
1183,1.627518222
1184,1.620739534
1185,1.613750026
1186,1.606550142
1187,1.599141926
1188,1.591528073
1189,1.583712488
1190,1.575699478
1191,1.567493051
1192,1.559096724
1193,1.550513461
1194,1.541746005
1195,1.532794714
1196,1.523660094
1197,1.514340594
1198,1.50483337
1199,1.495134577
1200,1.485239342
1201,1.475141898
1202,1.464835644
1203,1.454313278
1204,1.443567216
1205,1.432590947
1206,1.421376914
1207,1.409919545
1208,1.398214057
1209,1.386256605
1210,1.374046072
1211,1.36158289
1212,1.348870054
1213,1.335912824
1214,1.322719812
1215,1.309301794
1216,1.295672506
1217,1.281848684
1218,1.267849281
1219,1.25369513
1220,1.239409968
1221,1.225018531
1222,1.210546985
1223,1.196022615
1224,1.181472793
1225,1.16692549
1226,1.152408049
1227,1.137948081
1228,1.123571619
1229,1.109304458
1230,1.095171005
1231,1.081194729
1232,1.06739787
1233,1.053800806
1234,1.040423207
1235,1.027283505
1236,1.014398128
1237,1.001782462
1238,0.989451058
1239,0.977416441
1240,0.965689719
1241,0.954281144
1242,0.943198971
1243,0.932450272
1244,0.922040515
1245,0.911973901
1246,0.902253196
1247,0.892879389
1248,0.883852296
1249,0.875170343
1250,0.866830826
1251,0.858829796
1252,0.85116218
1253,0.843821891
1254,0.836802207
1255,0.830095448
1256,0.823693596
1257,0.817588113
1258,0.811769977
1259,0.806229755
1260,0.800958134
1261,0.795945913
1262,0.791183248
1263,0.78666088
1264,0.782369584
1265,0.778300323
1266,0.774444669
1267,0.770793803
1268,0.76734025
1269,0.764076672
1270,0.760996327
1271,0.758093111
1272,0.755361825
1273,0.752797507
1274,0.750396416
1275,0.74815505
1276,0.74607075
1277,0.744141266
1278,0.742364757
1279,0.740739614
1280,0.739264481
1281,0.737938248
1282,0.736759454
1283,0.735726848
1284,0.734839097
1285,0.734094352
1286,0.733490922
1287,0.733026728
1288,0.7326997
1289,0.732507348
1290,0.732447065
1291,0.732516088
1292,0.732711174
1293,0.733029149
1294,0.733466446
1295,0.7340189
1296,0.734682359
1297,0.735451758
1298,0.736322097
1299,0.737287506
1300,0.738341779
1301,0.739478059
1302,0.740689151
1303,0.741967075
1304,0.743303791
1305,0.744690366
1306,0.746118091
1307,0.747577481
1308,0.749059089
1309,0.750553489
1310,0.752051041
1311,0.753542244
1312,0.755017921
1313,0.756468974
1314,0.757886611
1315,0.759262607
1316,0.760588959
1317,0.761858091
1318,0.763063394
1319,0.764198281
1320,0.765257046
1321,0.766234592
1322,0.767126128
1323,0.767927796
1324,0.768636435
1325,0.769249409
1326,0.76976499
1327,0.770182043
1328,0.770500138
1329,0.770719871
1330,0.770842366
1331,0.77086959
1332,0.770804524
1333,0.770650499
1334,0.770411812
1335,0.770093203
1336,0.769700408
1337,0.76923947
1338,0.7687167
1339,0.768139154
1340,0.767514095
1341,0.766848661
1342,0.766150646
1343,0.765427567
1344,0.764686845
1345,0.76393608
1346,0.763182685
1347,0.76243338
1348,0.761695087
1349,0.760974392
1350,0.760277152
1351,0.759609282
1352,0.758975863
1353,0.758381896
1354,0.757831603
1355,0.757328928
1356,0.756877311
1357,0.756479502
1358,0.756137885
1359,0.755854368
1360,0.755630128
1361,0.755465806
1362,0.755361706
1363,0.755317315
1364,0.755331635
1365,0.7554029
1366,0.755529113
1367,0.755707167
1368,0.755933851
1369,0.756205045
1370,0.756516188
1371,0.756862193
1372,0.757237457
1373,0.757635914
1374,0.758050881
1375,0.758475676
1376,0.758903272
1377,0.759326369
1378,0.759737618
1379,0.760129683
1380,0.760495648
1381,0.760828815
1382,0.761122748
1383,0.761371978
1384,0.761571594
1385,0.761717699
1386,0.761807725
1387,0.761840038
1388,0.761814274
1389,0.761732094
1390,0.76159621
1391,0.761411086
1392,0.761182897
1393,0.760919072
1394,0.760628857
1395,0.760322794
1396,0.76001253
1397,0.759710744
1398,0.759431012
1399,0.759187408
1400,0.758994311
1401,0.758866243
1402,0.758816965
1403,0.758860394
1404,0.759009026
1405,0.759275176
1406,0.759669378
1407,0.760201246
1408,0.760879181
1409,0.761710219
1410,0.762700081
1411,0.763853617
1412,0.765174329
1413,0.766665339
1414,0.768328562
1415,0.770165645
1416,0.77217795
1417,0.774366297
1418,0.776731424
1419,0.779274017
1420,0.781994291
1421,0.784892425
1422,0.787968181
1423,0.791221
1424,0.794649854
1425,0.798252769
1426,0.802027553
1427,0.805970564
1428,0.810078293
1429,0.814345852
1430,0.818768173
1431,0.823339403
1432,0.828053974
1433,0.832905851
1434,0.837889805
1435,0.843000717
1436,0.848234788
1437,0.853589252
1438,0.859062515
1439,0.864654608
1440,0.870367184
1441,0.876203693
1442,0.882168643
1443,0.888268925
1444,0.894512072
1445,0.900907189
1446,0.907464437
1447,0.914194964
1448,0.921110108
1449,0.928222202
1450,0.935543068
1451,0.94308538
1452,0.950860597
1453,0.958880484
1454,0.967155747
1455,0.975696407
1456,0.984511301
1457,0.993608162
1458,1.002993643
1459,1.012672417
1460,1.022648342
1461,1.032923326
1462,1.043497913
1463,1.054371364
1464,1.065541625
1465,1.077005655
1466,1.088759057
1467,1.100797169
1468,1.113114253
1469,1.125703529
1470,1.13855736
1471,1.151666827
1472,1.165020667
1473,1.178605914
1474,1.19240576
1475,1.206400052
1476,1.22056441
1477,1.234870479
1478,1.249285549
1479,1.263773307
1480,1.278294712
1481,1.292809725
1482,1.307278052
1483,1.321661413
1484,1.335924536
1485,1.350036711
1486,1.363972664
1487,1.377712995
1488,1.391244486
1489,1.404559836
1490,1.417656377
1491,1.430536017
1492,1.443203285
1493,1.455664635
1494,1.467927381
1495,1.479998201
1496,1.491882429
1497,1.503583312
1498,1.515101269
1499,1.526434019
1500,1.537575573
1501,1.548517272
1502,1.559247121
1503,1.569751099
1504,1.580012336
1505,1.590011671
1506,1.599729866
1507,1.609145775
1508,1.618238002
1509,1.626984969
1510,1.635365784
1511,1.643359423
1512,1.650946066
1513,1.658106729
1514,1.664823607
1515,1.671080202
1516,1.676861301
1517,1.68215318
1518,1.686943606
1519,1.691222161
1520,1.694979504
1521,1.698208466
1522,1.700902641
1523,1.703058019
1524,1.704671502
1525,1.705741584
1526,1.706268653
1527,1.706253722
1528,1.705699772
1529,1.704611018
1530,1.702993155
1531,1.700852945
1532,1.698198721
1533,1.695040226
1534,1.691388771
1535,1.687256411
1536,1.682658076
1537,1.677608743
1538,1.672125757
1539,1.666227609
1540,1.659933865
1541,1.653265819
1542,1.646245703
1543,1.638896555
1544,1.631242618
1545,1.623308077
1546,1.615118146
1547,1.606697157
1548,1.598070145
1549,1.589261398
1550,1.58029452
1551,1.571192056
1552,1.561975673
1553,1.552665591
1554,1.543280557
1555,1.533837602
1556,1.524352565
1557,1.514838606
1558,1.505308315
1559,1.495771497
1560,1.486236021
1561,1.47670944
1562,1.467195839
1563,1.457698569
1564,1.448219299
1565,1.438758552
1566,1.429314405
1567,1.419884592
1568,1.410465062
1569,1.401050657
1570,1.391634986
1571,1.382210925
1572,1.372770488
1573,1.363303781
1574,1.353801638
1575,1.3442536
1576,1.334648699
1577,1.324975953
1578,1.315224066
1579,1.305381924
1580,1.29543899
1581,1.285384923
1582,1.275210172
1583,1.264906377
1584,1.254465789
1585,1.243882701
1586,1.233152449
1587,1.22227174
1588,1.211239785
1589,1.200057
1590,1.188726187
1591,1.177251995
1592,1.165640563
1593,1.153900415
1594,1.142042108
1595,1.130077384
1596,1.118020587
1597,1.105886266
1598,1.093691565
1599,1.081454225
1600,1.069193296
1601,1.056928352
1602,1.044679962
1603,1.032468729
1604,1.02031599
1605,1.008242831
1606,0.996270172
1607,0.984419011
1608,0.972709753
1609,0.961162336
1610,0.949796438
1611,0.938630015
1612,0.927681401
1613,0.916967601
1614,0.906504601
1615,0.896307573
1616,0.886390828
1617,0.876767412
1618,0.867449321
1619,0.858447537
1620,0.849771485
1621,0.8414298
1622,0.833429143
1623,0.825775079
1624,0.818471365
1625,0.811520189
1626,0.80492194
1627,0.798675798
1628,0.792778775
1629,0.787226625
1630,0.782013506
1631,0.777132064
1632,0.772574067
1633,0.768330149
1634,0.764389716
1635,0.760742113
1636,0.757375561
1637,0.754278332
1638,0.751438729
1639,0.748844787
1640,0.746484809
1641,0.744346954
1642,0.742420465
1643,0.740694277
1644,0.739158124
1645,0.737801977
1646,0.736616403
1647,0.73559203
1648,0.734720461
1649,0.733993106
1650,0.733401947
1651,0.732939012
1652,0.732596584
1653,0.732367337
1654,0.732243516
1655,0.732217863
1656,0.732282668
1657,0.732430749
1658,0.732654527
1659,0.732946388
1660,0.733298674
1661,0.733704105
1662,0.734154671
1663,0.734643064
1664,0.735161759
1665,0.735703386
1666,0.736260734
1667,0.736826971
1668,0.7373951
1669,0.73795899
1670,0.738512322
1671,0.739049353
1672,0.739564866
1673,0.740053751
1674,0.740511507
1675,0.740934074
1676,0.74131798
1677,0.741660073
1678,0.741957903
1679,0.742209375
1680,0.742413059
1681,0.742568307
1682,0.74267485
1683,0.742733113
1684,0.742744192
1685,0.742709666
1686,0.742631905
1687,0.742513753
1688,0.742358655
1689,0.742170386
1690,0.741953589
1691,0.741712831
1692,0.741453156
1693,0.741179906
1694,0.740898326
1695,0.740613967
1696,0.740332149
1697,0.740058154
1698,0.739797004
1699,0.73955334
1700,0.739331901
1701,0.739136472
1702,0.738970704
1703,0.738837801
1704,0.738740087
1705,0.738679968
1706,0.738658875
1707,0.738678008
1708,0.738737702
1709,0.73883792
1710,0.738978297
1711,0.739157729
1712,0.73937469
1713,0.73962722
1714,0.739913017
1715,0.740229122
1716,0.740572549
1717,0.740939513
1718,0.741326183
1719,0.741728082
1720,0.742140859
1721,0.742559522
1722,0.742978916
1723,0.74339363
1724,0.743798427
1725,0.744187444
1726,0.744555034
1727,0.744895421
1728,0.745202959
1729,0.745471992
1730,0.745697401
1731,0.745873846
1732,0.745996818
1733,0.74606207
1734,0.746065982
1735,0.746005461
1736,0.74587822
1737,0.745682828
1738,0.745418474
1739,0.745085642
1740,0.744685225
1741,0.744219579
1742,0.743691728
1743,0.743105516
1744,0.742466107
1745,0.741778992
1746,0.741050608
1747,0.74028825
1748,0.739499241
1749,0.738691851
1750,0.737874396
1751,0.737055615
1752,0.736243784
1753,0.735447668
1754,0.734675549
1755,0.733935595
1756,0.733235516
1757,0.73258277
1758,0.731983975
1759,0.731445752
1760,0.73097343
1761,0.73057273
1762,0.730247959
1763,0.730003357
1764,0.729842626
1765,0.729768805
1766,0.729784571
1767,0.729892313
1768,0.73009406
1769,0.730391406
1770,0.730785914
1771,0.731278799
1772,0.731871009
1773,0.732563458
1774,0.733356893
1775,0.734251887
1776,0.735248812
1777,0.736347891
1778,0.737549089
1779,0.738852113
1780,0.740256727
1781,0.74176161
1782,0.743365847
1783,0.745068029
1784,0.746866293
1785,0.748758294
1786,0.750741698
1787,0.75281354
1788,0.754970834
1789,0.757210612
1790,0.759529211
1791,0.761923857
1792,0.764391311
1793,0.766928993
1794,0.7695347
1795,0.772206716
1796,0.774943896
1797,0.777745873
1798,0.780613288
1799,0.783547223
1800,0.786549777
1801,0.789623685
1802,0.792772539
1803,0.796000563
1804,0.799312428
1805,0.802713804
1806,0.806210496
1807,0.809808969
1808,0.813516036
1809,0.817339174
1810,0.821286276
1811,0.825365722
1812,0.82958629
1813,0.833957508
1814,0.838489048
1815,0.843191341
1816,0.848075226
1817,0.853151724
1818,0.858432576
1819,0.863929555
1820,0.869654834
1821,0.875620067
1822,0.881837636
1823,0.888319023
1824,0.895075679
1825,0.902118362
1826,0.909456901
1827,0.91709999
1828,0.92505578
1829,0.933330186
1830,0.941927738
1831,0.950850807
1832,0.960100234
1833,0.969673954
1834,0.979567997
1835,0.989775985
1836,1.000288911
1837,1.011095524
1838,1.022182226
1839,1.033533819
1840,1.045132801
1841,1.056960106
1842,1.068995714
1843,1.081217654
1844,1.093604267
1845,1.106131941
1846,1.118777268
1847,1.131516933
1848,1.144326791
1849,1.157183245
1850,1.170063332
1851,1.182944983
1852,1.195806399
1853,1.208627909
1854,1.221391141
1855,1.234079599
1856,1.24667874
1857,1.259176075
1858,1.271561123
1859,1.28382609
1860,1.295963362
1861,1.307968654
1862,1.319837093
1863,1.331565574
1864,1.343150973
1865,1.35458979
1866,1.365877867
1867,1.37701045
1868,1.387981132
1869,1.398782372
1870,1.409404919
1871,1.419838518
1872,1.430071279
1873,1.440089479
1874,1.449879691
1875,1.459427416
1876,1.468717769
1877,1.477736041
1878,1.486468151
1879,1.49490054
1880,1.503020957
1881,1.510818273
1882,1.518282637
1883,1.525406182
1884,1.532182857
1885,1.538607731
1886,1.544678435
1887,1.550394267
1888,1.555756718
1889,1.560767934
1890,1.565433711
1891,1.569759756
1892,1.573754624
1893,1.577427417
1894,1.580789179
1895,1.583851576
1896,1.586627334
1897,1.58912985
1898,1.591373146
1899,1.59337078
1900,1.595137119
1901,1.596685484
1902,1.598029166
1903,1.599180639
1904,1.600151479
1905,1.600952402
1906,1.601592705
1907,1.60208112
1908,1.602424845
1909,1.60262984
1910,1.602701098
1911,1.602643147
1912,1.602458298
1913,1.602149323
1914,1.60171771
1915,1.60116443
1916,1.600490004
1917,1.599694282
1918,1.598776832
1919,1.597737595
1920,1.596574858
1921,1.595287934
1922,1.593874767
1923,1.592333153
1924,1.590660214
1925,1.588852704
1926,1.586906612
1927,1.584816888
1928,1.582577974
1929,1.580182806
1930,1.577624112
1931,1.574893355
1932,1.571981207
1933,1.568877131
1934,1.565570578
1935,1.562049747
1936,1.55830282
1937,1.554317087
1938,1.550080076
1939,1.545579284
1940,1.540801689
1941,1.535735071
1942,1.530367091
1943,1.524686456
1944,1.518681958
1945,1.512343228
1946,1.505660936
1947,1.4986258
1948,1.491230235
1949,1.483467385
1950,1.475331664
1951,1.466818362
1952,1.457923472
1953,1.4486451
1954,1.438981846
1955,1.428934529
1956,1.418504283
1957,1.407694146
1958,1.396509558
1959,1.384955987
1960,1.37304239
1961,1.360778391
1962,1.348176137
1963,1.335249439
1964,1.322014794
1965,1.308490381
1966,1.294697389
1967,1.280658826
1968,1.26639995
1969,1.251948252
1970,1.237333551
1971,1.222587243
1972,1.20774208
1973,1.192832544
1974,1.177894115
1975,1.162962437
1976,1.148073062
1977,1.133260906
1978,1.118561238
1979,1.104006484
1980,1.089628376
1981,1.075456068
1982,1.061516799
1983,1.047835037
1984,1.034432873
1985,1.021329463
1986,1.00854186
1987,0.996084027
1988,0.98396787
1989,0.972203307
1990,0.960797861
1991,0.949757762
1992,0.939087301
1993,0.92878978
1994,0.918866433
1995,0.90931844
1996,0.900144711
1997,0.891344242
1998,0.882914513
1999,0.874851964
2000,0.867152199
2001,0.859809719
2002,0.85281834
2003,0.846170492
2004,0.839858033
2005,0.833871551
2006,0.828201368
2007,0.82283622
2008,0.817764752
2009,0.812974878
2010,0.808453538
2011,0.804187767
2012,0.800164096
2013,0.796368934
2014,0.792788193
2015,0.789408691
2016,0.786216184
2017,0.783197835
2018,0.78034015
2019,0.777630799
2020,0.775057591
2021,0.772608884
2022,0.770273954
2023,0.768042468
2024,0.765904754
2025,0.763852246
2026,0.761876903
2027,0.759971254
2028,0.758128874
2029,0.756343938
2030,0.754611455
2031,0.752927013
2032,0.751286797
2033,0.749687858
2034,0.748127669
2035,0.746604286
2036,0.745116398
2037,0.743663073
2038,0.742243946
2039,0.740859099
2040,0.739508934
2041,0.738194197
2042,0.736915909
2043,0.735675596
2044,0.734474808
2045,0.733315155
2046,0.732198521
2047,0.731126897
2048,0.730102047
2049,0.729125835
2050,0.728199989
2051,0.727326311
2052,0.72650595
2053,0.725740097
2054,0.725029811
2055,0.724375695
2056,0.723778158
2057,0.723237261
2058,0.72275281
2059,0.72232426
2060,0.721950889
2061,0.721631639
2062,0.721365154
2063,0.721149787
2064,0.720983729
2065,0.720864922
2066,0.720790766
2067,0.720758878
2068,0.720766187
2069,0.720809676
2070,0.720886044
2071,0.720991559
2072,0.721122414
2073,0.721274786
2074,0.721444324
2075,0.721626677
2076,0.721817449
2077,0.722011872
2078,0.722205259
2079,0.722392961
2080,0.72257027
2081,0.722732522
2082,0.722875327
2083,0.722994275
2084,0.72308515
2085,0.723144427
2086,0.723168485
2087,0.723154329
2088,0.723099172
2089,0.723001175
2090,0.7228586
2091,0.722670346
2092,0.722435936
2093,0.722155467
2094,0.721829347
2095,0.721458763
2096,0.721045412
2097,0.720591426
2098,0.720099166
2099,0.719571866
2100,0.719012454
2101,0.718424864
2102,0.717812702
2103,0.717180088
2104,0.71653112
2105,0.715869926
2106,0.715200931
2107,0.71452827
2108,0.713856183
2109,0.713188626
2110,0.712529659
2111,0.711883135
2112,0.7112526
2113,0.710641742
2114,0.710053571
2115,0.709491543
2116,0.708958149
2117,0.708456501
2118,0.707988977
2119,0.70755817
2120,0.707165964
2121,0.70681452
2122,0.706505753
2123,0.706241436
2124,0.70602306
2125,0.705852024
2126,0.705729842
2127,0.705657482
2128,0.705636151
2129,0.705666572
2130,0.705749623
2131,0.705885977
2132,0.706075996
2133,0.706319906
2134,0.706618018
2135,0.706970192
2136,0.707376271
2137,0.707835801
2138,0.708348118
2139,0.708912745
2140,0.7095287
2141,0.710194871
2142,0.710910574
2143,0.711674616
2144,0.712486058
2145,0.713343859
2146,0.714247495
2147,0.715196453
2148,0.716190256
2149,0.717229061
2150,0.718313076
2151,0.719442695
2152,0.720618822
2153,0.721842408
2154,0.723114692
2155,0.724436924
2156,0.725810349
2157,0.727236532
2158,0.728716545
2159,0.730251864
2160,0.731843546
2161,0.733492687
2162,0.735200129
2163,0.736966886
2164,0.738793977
2165,0.740682147
2166,0.74263256
2167,0.74464646
2168,0.746725567
2169,0.748871394
2170,0.751086429
2171,0.753373392
2172,0.755735427
2173,0.758176632
2174,0.760701478
2175,0.763314918
2176,0.766022854
2177,0.768831685
2178,0.771748513
2179,0.774781011
2180,0.777937464
2181,0.78122656
2182,0.784657769
2183,0.788240805
2184,0.791985713
