Day,beta
1,1.592017705
2,1.596860214
3,1.601229993
4,1.60523342
5,1.608963392
6,1.612497145
7,1.615895336
8,1.619202798
9,1.622449225
10,1.625651435
11,1.628815001
12,1.63193681
13,1.635007078
14,1.638011336
15,1.640932159
16,1.643750288
17,1.64644599
18,1.64899994
19,1.651393554
20,1.653609666
21,1.655632929
22,1.657449581
23,1.659047777
24,1.660417622
25,1.661550912
26,1.662441134
27,1.663083304
28,1.663473758
29,1.663610242
30,1.663491227
31,1.663116423
32,1.662486
33,1.661600828
34,1.660462109
35,1.659071608
36,1.657430974
37,1.655542168
38,1.653406978
39,1.651027148
40,1.648404241
41,1.64553962
42,1.642434391
43,1.639089064
44,1.635504094
45,1.631679123
46,1.62761374
47,1.623307152
48,1.618757573
49,1.613963387
50,1.60892259
51,1.603632223
52,1.598089923
53,1.592292298
54,1.586236379
55,1.57991858
56,1.573335409
57,1.566483487
58,1.559359399
59,1.551959699
60,1.544281472
61,1.536321673
62,1.528077624
63,1.51954704
64,1.510728218
65,1.501619556
66,1.492220337
67,1.482530085
68,1.472549222
69,1.462278496
70,1.451719869
71,1.440875476
72,1.429748795
73,1.418343988
74,1.406666019
75,1.394721194
76,1.382516492
77,1.370060379
78,1.35736214
79,1.344432625
80,1.331283537
81,1.317928108
82,1.304380807
83,1.290657466
84,1.276775013
85,1.26275172
86,1.24860705
87,1.23436167
88,1.220037233
89,1.205656528
90,1.191242825
91,1.176820842
92,1.16241519
93,1.148051652
94,1.133755993
95,1.119554411
96,1.105473421
97,1.091539508
98,1.077778795
99,1.064217535
100,1.050881808
101,1.037796822
102,1.024987633
103,1.012478471
104,1.000292886
105,0.988453339
106,0.976981591
107,0.965897522
108,0.955220396
109,0.944967628
110,0.935155224
111,0.925797208
112,0.91690607
113,0.90849218
114,0.900563966
115,0.893127837
116,0.886188003
117,0.87974667
118,0.873804065
119,0.868358368
120,0.863405569
121,0.858940428
122,0.854955749
123,0.851443209
124,0.848393397
125,0.845795767
126,0.843639639
127,0.841913911
128,0.840607134
129,0.839708588
130,0.839207422
131,0.839093393
132,0.839356726
133,0.839987988
134,0.840978097
135,0.842318204
136,0.843998942
137,0.846010625
138,0.848342511
139,0.850982287
140,0.853915458
141,0.857125277
142,0.860591563
143,0.864291213
144,0.868197669
145,0.872280912
146,0.876508366
147,0.880844918
148,0.885254139
149,0.889698901
150,0.894142368
151,0.898548641
152,0.902883573
153,0.907114918
154,0.911212975
155,0.915149987
156,0.918900539
157,0.922440832
158,0.925748933
159,0.928804062
160,0.931586889
161,0.934079441
162,0.936265274
163,0.938130487
164,0.939663356
165,0.940856343
166,0.941706381
167,0.942216071
168,0.942394305
169,0.942257724
170,0.941829622
171,0.941141275
172,0.940229936
173,0.939138196
174,0.937911543
175,0.936596708
176,0.93523834
177,0.933877555
178,0.932549227
179,0.931280998
180,0.93009202
181,0.928992694
182,0.92798517
183,0.927063416
184,0.926214906
185,0.925421433
186,0.924660293
187,0.923906034
188,0.923131395
189,0.922309144
190,0.921412463
191,0.920416924
192,0.919300269
193,0.918044177
194,0.916633682
195,0.915058152
196,0.913310831
197,0.911388972
198,0.909293316
199,0.907027895
200,0.904599537
201,0.902017171
202,0.899291672
203,0.896434984
204,0.893460057
205,0.890380187
206,0.887208955
207,0.883959629
208,0.88064527
209,0.877278182
210,0.873870378
211,0.870432978
212,0.866976359
213,0.863510251
214,0.86004358
215,0.856584603
216,0.853141048
217,0.849719757
218,0.846327126
219,0.842968973
220,0.839650723
221,0.83637684
222,0.833151877
223,0.829979279
224,0.826862525
225,0.823804162
226,0.820806492
227,0.817871251
228,0.81499957
229,0.812192288
230,0.80945003
231,0.806772601
232,0.804160118
233,0.801612085
234,0.79912818
235,0.796707988
236,0.794351123
237,0.792057222
238,0.789826296
239,0.787658307
240,0.785553336
241,0.783511796
242,0.781534049
243,0.779620425
244,0.777771549
245,0.775987733
246,0.774269592
247,0.772617351
248,0.771031282
249,0.769511456
250,0.76805785
251,0.766670308
252,0.765348407
253,0.764091752
254,0.762899653
255,0.761771365
256,0.760706002
257,0.759702477
258,0.758759726
259,0.757876651
260,0.75705188
261,0.756284194
262,0.755572476
263,0.754915199
264,0.754311361
265,0.753759661
266,0.753259144
267,0.752808842
268,0.752407952
269,0.752055905
270,0.751752181
271,0.751496461
272,0.75128882
273,0.751129324
274,0.751018437
275,0.750956839
276,0.750945286
277,0.750984934
278,0.751076991
279,0.75122312
280,0.751424844
281,0.751684075
282,0.752002743
283,0.752382945
284,0.752826772
285,0.753336554
286,0.753914389
287,0.75456247
288,0.755282971
289,0.756077989
290,0.756949604
291,0.757899756
292,0.758930342
293,0.760043188
294,0.76124006
295,0.762522833
296,0.763893317
297,0.765353474
298,0.766905519
299,0.76855181
300,0.770295181
301,0.772138823
302,0.774086443
303,0.776142207
304,0.778310993
305,0.78059818
306,0.783009849
307,0.785552529
308,0.788233231
309,0.791059559
310,0.794039125
311,0.797179905
312,0.80048981
313,0.803976693
314,0.807648231
315,0.811511874
316,0.815574679
317,0.819843569
318,0.824325003
319,0.829025545
320,0.833951544
321,0.839109827
322,0.844507532
323,0.850152785
324,0.856054696
325,0.862224032
326,0.86867372
327,0.875418956
328,0.882478058
329,0.889872567
330,0.897628107
331,0.905774604
332,0.914346592
333,0.923383496
334,0.932929543
335,0.943033468
336,0.953748183
337,0.965128915
338,0.977231925
339,0.990110972
340,1.003813787
341,1.018376946
342,1.033820196
343,1.050140099
344,1.067304638
345,1.0852495
346,1.103877913
347,1.123063597
348,1.142659675
349,1.162509051
350,1.182457003
351,1.202363469
352,1.222111951
353,1.241615252
354,1.260817279
355,1.279691176
356,1.298235601
357,1.316468748
358,1.334422339
359,1.352133556
360,1.369637695
361,1.386959152
362,1.404102553
363,1.421043732
364,1.437722531
365,1.454038555
366,1.469853206
367,1.484997132
368,1.499284983
369,1.51253348
370,1.5245805
371,1.535300894
372,1.544617079
373,1.552501754
374,1.55897561
375,1.564099637
376,1.567965995
377,1.570687587
378,1.572388551
379,1.57319601
380,1.573234179
381,1.572618994
382,1.57145588
383,1.569836812
384,1.567840858
385,1.565533356
386,1.562967615
387,1.560185389
388,1.557219072
389,1.554092537
390,1.550822995
391,1.547422387
392,1.543898279
393,1.540255221
394,1.536494992
395,1.532617775
396,1.528622042
397,1.524505713
398,1.520265677
399,1.515897957
400,1.511398131
401,1.50676167
402,1.501983155
403,1.497056961
404,1.49197702
405,1.486737154
406,1.48133046
407,1.475749796
408,1.469988184
409,1.464037548
410,1.457890261
411,1.451538227
412,1.444973122
413,1.438186559
414,1.431170073
415,1.423915267
416,1.416413665
417,1.408657074
418,1.400637637
419,1.392347596
420,1.383779526
421,1.374927163
422,1.365784439
423,1.356346369
424,1.346608942
425,1.336569223
426,1.326225996
427,1.315579436
428,1.304631558
429,1.293386232
430,1.281849709
431,1.27003052
432,1.257939718
433,1.24559099
434,1.233001037
435,1.220189257
436,1.207177769
437,1.193991889
438,1.180659641
439,1.167211283
440,1.153679989
441,1.140100403
442,1.126509363
443,1.112944874
444,1.099445852
445,1.086051475
446,1.072801303
447,1.059733835
448,1.046887013
449,1.034296957
450,1.021998156
451,1.010023047
452,0.998401712
453,0.987161647
454,0.976327446
455,0.965921234
456,0.955962398
457,0.946467855
458,0.937452002
459,0.928926939
460,0.920903043
461,0.913388702
462,0.90639084
463,0.899915343
464,0.893966832
465,0.888549062
466,0.883665334
467,0.879318373
468,0.875510243
469,0.872242863
470,0.869517538
471,0.867335211
472,0.865696295
473,0.864600723
474,0.86404763
475,0.864035178
476,0.864561021
477,0.865621074
478,0.86721041
479,0.869322425
480,0.87194899
481,0.875080185
482,0.878704017
483,0.88280648
484,0.887370863
485,0.8923782
486,0.897806401
487,0.903630327
488,0.909821261
489,0.916347086
490,0.923171114
491,0.93025285
492,0.937547212
493,0.945004534
494,0.952570541
495,0.960186942
496,0.967791297
497,0.975318085
498,0.982699107
499,0.989864907
500,0.996745641
501,1.003272436
502,1.00937884
503,1.015002083
504,1.020084479
505,1.024574724
506,1.02842882
507,1.031611193
508,1.034095531
509,1.035865448
510,1.036914582
511,1.037247284
512,1.036878775
513,1.035834545
514,1.034151305
515,1.031875177
516,1.029062157
517,1.025776641
518,1.022090007
519,1.018079015
520,1.013823217
521,1.009402747
522,1.004895476
523,1.000374008
524,0.995903584
525,0.991539532
526,0.987326454
527,0.983296589
528,0.979470172
529,0.975856201
530,0.972452743
531,0.969248988
532,0.966226469
533,0.963361242
534,0.960625443
535,0.957989026
536,0.955421621
537,0.952893772
538,0.95037805
539,0.947849978
540,0.94528855
541,0.942676615
542,0.940001027
543,0.937252104
544,0.934423831
545,0.931513098
546,0.928519417
547,0.925444397
548,0.922291301
549,0.919064495
550,0.915769279
551,0.912411235
552,0.90899623
553,0.905530366
554,0.90201943
555,0.89846882
556,0.894883914
557,0.891269754
558,0.887630831
559,0.883971594
560,0.880296057
561,0.876608057
562,0.872911182
563,0.86920878
564,0.865504221
565,0.861800638
566,0.858101092
567,0.854408708
568,0.850726523
569,0.847057494
570,0.84340471
571,0.839771422
572,0.836160741
573,0.832576064
574,0.829020712
575,0.825498364
576,0.822012533
577,0.818567005
578,0.815165552
579,0.811812065
580,0.808510455
581,0.8052645
582,0.802078079
583,0.798954525
584,0.79589743
585,0.792909834
586,0.789994527
587,0.787153954
588,0.784390211
589,0.781705071
590,0.779099936
591,0.77657589
592,0.774133693
593,0.771773875
594,0.769496891
595,0.767302985
596,0.765192303
597,0.7631649
598,0.761220775
599,0.759359842
600,0.757582139
601,0.755887573
602,0.754275891
603,0.752747097
604,0.751300926
605,0.74993703
606,0.748655135
607,0.747454649
608,0.74633516
609,0.745296077
610,0.74433661
611,0.743455876
612,0.742653066
613,0.741926968
614,0.741276476
615,0.740700462
616,0.740197458
617,0.739766013
618,0.739404635
619,0.739111624
620,0.738885403
621,0.738724096
622,0.738625841
623,0.738588723
624,0.738610761
625,0.738689927
626,0.738824086
627,0.739011076
628,0.739248753
629,0.739534795
630,0.739866788
631,0.74024259
632,0.7406596
633,0.741115348
634,0.741607276
635,0.742132778
636,0.742689241
637,0.743273892
638,0.743883957
639,0.744516714
640,0.745169336
641,0.745838913
642,0.746522773
643,0.747218034
644,0.747922128
645,0.748632382
646,0.749346473
647,0.750062027
648,0.750777098
649,0.751489775
650,0.752198555
651,0.752902394
652,0.753600435
653,0.754292185
654,0.754977654
655,0.755657266
656,0.756331877
657,0.757002858
658,0.757671963
659,0.75834135
660,0.759013956
661,0.75969294
662,0.760381888
663,0.761085071
664,0.76180697
665,0.762552825
666,0.763327983
667,0.764138547
668,0.764990725
669,0.765891259
670,0.766847242
671,0.767866048
672,0.768955388
673,0.770123054
674,0.771377244
675,0.772726151
676,0.774178115
677,0.775741453
678,0.777424747
679,0.779236485
680,0.781185069
681,0.783278953
682,0.785526633
683,0.787936682
684,0.790517439
685,0.793277567
686,0.796225526
687,0.799369958
688,0.802719393
689,0.806282499
690,0.810067914
691,0.814084145
692,0.818339608
693,0.822842441
694,0.827600783
695,0.832621965
696,0.837913047
697,0.843480414
698,0.849329515
699,0.85546474
700,0.861889422
701,0.868605337
702,0.875612676
703,0.882909867
704,0.890493453
705,0.898357993
706,0.90649601
707,0.914898
708,0.92355286
709,0.93244816
710,0.941570515
711,0.950905984
712,0.960441037
713,0.970163253
714,0.980062208
715,0.990129834
716,1.000361784
717,1.010757685
718,1.02132199
719,1.032063544
720,1.042995811
721,1.054135669
722,1.065502069
723,1.077112664
724,1.088980957
725,1.101110968
726,1.113492294
727,1.126094352
728,1.138863206
729,1.151719635
730,1.16456203
731,1.177272168
732,1.18972593
733,1.201805017
734,1.213408459
735,1.224461469
736,1.234920328
737,1.244772824
738,1.254034541
739,1.262741522
740,1.270943002
741,1.278691649
742,1.286036708
743,1.293017723
744,1.299660455
745,1.305975751
746,1.311960069
747,1.317598896
748,1.322869919
749,1.327747475
750,1.33220729
751,1.336229162
752,1.339799155
753,1.342910842
754,1.345564951
755,1.347768523
756,1.349534143
757,1.350877643
758,1.35181764
759,1.352373015
760,1.352563945
761,1.35240894
762,1.35192585
763,1.351131092
764,1.350039829
765,1.348665703
766,1.347021493
767,1.345118382
768,1.342967185
769,1.340577873
770,1.337960059
771,1.335123105
772,1.332076203
773,1.328828562
774,1.325389526
775,1.321768772
776,1.317976095
777,1.314021739
778,1.309915976
779,1.305669882
780,1.301294424
781,1.296801307
782,1.292202321
783,1.287509658
784,1.282735846
785,1.277893673
786,1.272995851
787,1.268055905
788,1.263086991
789,1.258102818
790,1.253116743
791,1.248142736
792,1.243194439
793,1.23828552
794,1.233429871
795,1.228641196
796,1.223932938
797,1.219318628
798,1.214811542
799,1.210425068
800,1.206172
801,1.20206524
802,1.198117072
803,1.194339942
804,1.190745852
805,1.187346415
806,1.18415289
807,1.181176364
808,1.178427588
809,1.175916455
810,1.173652996
811,1.171646628
812,1.169905961
813,1.168439627
814,1.167254914
815,1.166359295
816,1.165758946
817,1.16545947
818,1.165465398
819,1.165780718
820,1.166407607
821,1.167347626
822,1.16860057
823,1.170164661
824,1.172036594
825,1.174210895
826,1.176680045
827,1.179434332
828,1.182461511
829,1.185746475
830,1.189271504
831,1.193015575
832,1.196955063
833,1.201062235
834,1.205306779
835,1.209654342
836,1.21406786
837,1.218506553
838,1.222926552
839,1.227281289
840,1.23152178
841,1.235596884
842,1.239453988
843,1.243039088
844,1.246299137
845,1.249180284
846,1.251630631
847,1.253600326
848,1.255042065
849,1.255912228
850,1.256171205
851,1.255784804
852,1.254724297
853,1.252967412
854,1.250498609
855,1.247310454
856,1.243403478
857,1.238787434
858,1.233480789
859,1.227512143
860,1.220919078
861,1.213749224
862,1.206058914
863,1.197912736
864,1.189382477
865,1.180545265
866,1.171482216
867,1.162276246
868,1.153009469
869,1.143760963
870,1.134604725
871,1.125606385
872,1.11682247
873,1.10829802
874,1.100065909
875,1.092146966
876,1.084550202
877,1.077273878
878,1.070307428
879,1.063632515
880,1.057225943
881,1.051061273
882,1.045110291
883,1.039345026
884,1.033738917
885,1.028267633
886,1.022909901
887,1.017647759
888,1.012466322
889,1.007354558
890,1.00230399
891,0.997308872
892,0.992365799
893,0.987473038
894,0.982630193
895,0.977837747
896,0.97309656
897,0.968408026
898,0.963773316
899,0.959193219
900,0.954668565
901,0.950199246
902,0.945785116
903,0.94142534
904,0.937118601
905,0.932863035
906,0.928656681
907,0.9244971
908,0.920381541
909,0.916307308
910,0.912271397
911,0.908270906
912,0.904302808
913,0.900364301
914,0.896452671
915,0.892565207
916,0.88869958
917,0.884853499
918,0.881025005
919,0.877212319
920,0.873413839
921,0.869628435
922,0.865855022
923,0.862092723
924,0.858341179
925,0.854600012
926,0.850869488
927,0.847149724
928,0.843441476
929,0.839745695
930,0.836063672
931,0.832396832
932,0.828747332
933,0.825117469
934,0.821509757
935,0.817927388
936,0.814373477
937,0.810851796
938,0.807366225
939,0.803920811
940,0.800519987
941,0.797168098
942,0.793869653
943,0.790629316
944,0.787451657
945,0.784341222
946,0.781302382
947,0.778339554
948,0.775457035
949,0.772658906
950,0.769949035
951,0.767331232
952,0.764809094
953,0.76238604
954,0.76006523
955,0.757849439
956,0.755741466
957,0.753743746
958,0.751858364
959,0.750087191
960,0.748431867
961,0.746893623
962,0.745473504
963,0.744172134
964,0.74299012
965,0.74192751
966,0.740984082
967,0.740159447
968,0.739452888
969,0.738863284
970,0.73838934
971,0.738029355
972,0.737781319
973,0.737642944
974,0.7376115
975,0.737683963
976,0.737856843
977,0.738126495
978,0.73848843
979,0.738938234
980,0.739470942
981,0.740081126
982,0.740763009
983,0.741510613
984,0.742317487
985,0.74317698
986,0.74408205
987,0.745025835
988,0.746000891
989,0.747000093
990,0.748016124
991,0.74904172
992,0.750069911
993,0.751093724
994,0.752106482
995,0.753102021
996,0.754074286
997,0.755017844
998,0.755927476
999,0.756798592
1000,0.757626967
1001,0.758408931
1002,0.759141256
1003,0.759821139
1004,0.760446435
1005,0.761015204
1006,0.761526249
1007,0.761978377
1008,0.762371361
1009,0.762704952
1010,0.762979404
1011,0.763195704
1012,0.763354795
1013,0.763458463
1014,0.763508732
1015,0.763508287
1016,0.763460192
1017,0.76336833
1018,0.763236929
1019,0.763071299
1020,0.762876966
1021,0.762660644
1022,0.762429725
1023,0.762192298
1024,0.76195732
1025,0.761734334
1026,0.761533699
1027,0.761366329
1028,0.761243425
1029,0.761176673
1030,0.761177681
1031,0.761258499
1032,0.761430534
1033,0.761705171
1034,0.762093213
1035,0.762604854
1036,0.763249733
1037,0.764036542
1038,0.764973239
1039,0.766066855
1040,0.767323429
1041,0.768748115
1042,0.770345422
1043,0.772118525
1044,0.77407036
1045,0.77620269
1046,0.778516948
1047,0.781013798
1048,0.783693866
1049,0.786556943
1050,0.789602778
1051,0.792830982
1052,0.796240969
1053,0.799831976
1054,0.80360314
1055,0.807553383
1056,0.81168146
1057,0.815985663
1058,0.820464075
1059,0.825114261
1060,0.829933139
1061,0.834916976
1062,0.840061415
1063,0.845361487
1064,0.850811487
1065,0.856405199
1066,0.862135968
1067,0.867996779
1068,0.873980549
1069,0.880080196
1070,0.886288822
1071,0.892599648
1072,0.899006546
1073,0.90550382
1074,0.912086281
1075,0.918749262
1076,0.925488732
1077,0.932301055
1078,0.939183192
1079,0.946131993
1080,0.953144995
1081,0.960219681
1082,0.96735362
1083,0.974544352
1084,0.981789529
1085,0.989086801
1086,0.996433876
1087,1.003828737
1088,1.011269732
1089,1.018755864
1090,1.026287036
1091,1.033864108
1092,1.041489672
1093,1.049168121
1094,1.056905996
1095,1.064712654
1096,1.072599985
1097,1.080583551
1098,1.088682072
1099,1.096917738
1100,1.105316195
1101,1.113906286
1102,1.122719093
1103,1.131786888
1104,1.141142433
1105,1.150816007
1106,1.160833478
1107,1.171213681
1108,1.18196469
1109,1.19308139
1110,1.204542702
1111,1.216309959
1112,1.22832709
1113,1.240521995
1114,1.252809969
1115,1.26509855
1116,1.277293238
1117,1.289302197
1118,1.301042611
1119,1.312441945
1120,1.323441408
1121,1.333995613
1122,1.344071746
1123,1.353648348
1124,1.362712633
1125,1.371259657
1126,1.37928967
1127,1.386807203
1128,1.39381982
1129,1.400337696
1130,1.406372352
1131,1.411937118
1132,1.417046374
1133,1.42171513
1134,1.42595975
1135,1.429796284
1136,1.433241898
1137,1.436313759
1138,1.439028794
1139,1.441404484
1140,1.443457744
1141,1.445205688
1142,1.446664528
1143,1.447851354
1144,1.448781924
1145,1.44947246
1146,1.449938568
1147,1.450195984
1148,1.450260011
1149,1.450146112
1150,1.449869145
1151,1.449444175
1152,1.448886134
1153,1.448209578
1154,1.447429007
1155,1.446558909
1156,1.445613471
1157,1.444606326
1158,1.443551356
1159,1.442461317
1160,1.441349203
1161,1.440227411
1162,1.439107461
1163,1.438000441
1164,1.436916839
1165,1.435865717
1166,1.434855949
1167,1.43389471
1168,1.432988275
1169,1.432141575
1170,1.431357665
1171,1.430638552
1172,1.429984093
1173,1.42939211
1174,1.428858768
1175,1.428377715
1176,1.427940184
1177,1.427535404
1178,1.427149968
1179,1.426768379
1180,1.426372701
1181,1.425942811
1182,1.42545634
1183,1.424889749
1184,1.424217647
1185,1.423413461
1186,1.42244986
1187,1.421299111
1188,1.419933427
1189,1.418325077
1190,1.416447119
1191,1.414273771
1192,1.411780303
1193,1.408943946
1194,1.405743382
1195,1.402159821
1196,1.398176692
1197,1.39377956
1198,1.38895737
1199,1.383701357
1200,1.378006122
1201,1.371869575
1202,1.365293037
1203,1.358281081
1204,1.350842519
1205,1.342990258
1206,1.334740921
1207,1.32611563
1208,1.317139918
1209,1.307842959
1210,1.29825863
1211,1.288423907
1212,1.278379245
1213,1.268167344
1214,1.257833416
1215,1.247423183
1216,1.236982346
1217,1.226555716
1218,1.216185949
1219,1.205912644
1220,1.195771521
1221,1.185793736
1222,1.176005103
1223,1.166426496
1224,1.157072988
1225,1.147954919
1226,1.139077913
1227,1.130443389
1228,1.122049635
1229,1.113891981
1230,1.105963935
1231,1.098257888
1232,1.090765086
1233,1.083476684
1234,1.076384089
1235,1.069478588
1236,1.062752437
1237,1.056197882
1238,1.049808253
1239,1.04357694
1240,1.037497802
1241,1.031565292
1242,1.025773395
1243,1.020116524
1244,1.01458919
1245,1.009185325
1246,1.003899043
1247,0.998724152
1248,0.99365411
1249,0.988682433
1250,0.983802568
1251,0.979007818
1252,0.974291661
1253,0.969647917
1254,0.965070567
1255,0.960554085
1256,0.95609316
1257,0.951683391
1258,0.947320413
1259,0.943000544
1260,0.938720535
1261,0.934477519
1262,0.930269003
1263,0.926092457
1264,0.921945978
1265,0.917827525
1266,0.913735113
1267,0.909666983
1268,0.905621274
1269,0.901596237
1270,0.897589982
1271,0.893600903
1272,0.88962737
1273,0.885667926
1274,0.881721215
1275,0.877786181
1276,0.873862158
1277,0.869948479
1278,0.866045372
1279,0.862153042
1280,0.858272406
1281,0.854404905
1282,0.850552391
1283,0.846717347
1284,0.842902693
1285,0.839111951
1286,0.835349115
1287,0.831618564
1288,0.827925048
1289,0.8242737
1290,0.820669846
1291,0.817118861
1292,0.813626349
1293,0.810197949
1294,0.80683868
1295,0.803553906
1296,0.800348444
1297,0.7972269
1298,0.794193398
1299,0.791251844
1300,0.788405646
1301,0.785657785
1302,0.783011258
1303,0.780468328
1304,0.778031192
1305,0.775701875
1306,0.773482068
1307,0.771373212
1308,0.769376565
1309,0.76749314
1310,0.765723554
1311,0.764068419
1312,0.76252771
1313,0.761101148
1314,0.759788172
1315,0.758587593
1316,0.757498085
1317,0.756517762
1318,0.75564424
1319,0.754875064
1320,0.75420708
1321,0.753636994
1322,0.75316097
1323,0.752775187
1324,0.752475137
1325,0.752256366
1326,0.752114003
1327,0.752043074
1328,0.752038473
1329,0.752094578
1330,0.75220606
1331,0.752367193
1332,0.752572341
1333,0.752815653
1334,0.753091368
1335,0.753393672
1336,0.753716978
1337,0.754055543
1338,0.754403813
1339,0.754756548
1340,0.755108492
1341,0.755454817
1342,0.75579077
1343,0.756111893
1344,0.7564143
1345,0.756694073
1346,0.756947935
1347,0.757172818
1348,0.757366208
1349,0.757525737
1350,0.757649779
1351,0.757736889
1352,0.757786122
1353,0.757797057
1354,0.757769503
1355,0.757703922
1356,0.757601023
1357,0.757462187
1358,0.757288824
1359,0.757082977
1360,0.756846959
1361,0.756583403
1362,0.756295329
1363,0.755985807
1364,0.755658285
1365,0.755316507
1366,0.754964113
1367,0.754605006
1368,0.754243217
1369,0.753882787
1370,0.753527891
1371,0.753182552
1372,0.752851064
1373,0.752537668
1374,0.752246667
1375,0.751982375
1376,0.751749071
1377,0.751551303
1378,0.751393389
1379,0.751279858
1380,0.751215084
1381,0.751203618
1382,0.751249871
1383,0.751358048
1384,0.751532609
1385,0.751777394
1386,0.75209649
1387,0.752493338
1388,0.752971465
1389,0.753533992
1390,0.754183661
1391,0.754922851
1392,0.755753783
1393,0.756678142
1394,0.757697263
1395,0.758812498
1396,0.760024629
1397,0.761334354
1398,0.762742091
1399,0.764248496
1400,0.765853801
1401,0.76755852
1402,0.769363132
1403,0.771268335
1404,0.773274622
1405,0.775382941
1406,0.777594019
1407,0.779908749
1408,0.782327934
1409,0.784852261
1410,0.787482153
1411,0.790217681
1412,0.793058699
1413,0.796004566
1414,0.799054108
1415,0.802205834
1416,0.805457706
1417,0.808807178
1418,0.812251422
1419,0.815787429
1420,0.819411858
1421,0.823121412
1422,0.82691282
1423,0.830782982
1424,0.834729097
1425,0.838748758
1426,0.842839908
1427,0.847000908
1428,0.851230849
1429,0.855529341
1430,0.859896313
1431,0.864332508
1432,0.868838998
1433,0.873417377
1434,0.878069558
1435,0.882797984
1436,0.887605066
1437,0.892493535
1438,0.897466367
1439,0.902526292
1440,0.907676215
1441,0.912918839
1442,0.918256722
1443,0.923692259
1444,0.929227526
1445,0.934864228
1446,0.940603858
1447,0.946447822
1448,0.952396967
1449,0.958451965
1450,0.964613318
1451,0.970881505
1452,0.977256536
1453,0.983738612
1454,0.990327906
1455,0.997024514
1456,1.003828553
1457,1.010740351
1458,1.017760429
1459,1.024889377
1460,1.032127922
1461,1.03947744
1462,1.046939232
1463,1.05451495
1464,1.062206962
1465,1.070017717
1466,1.077950239
1467,1.086008202
1468,1.094195854
1469,1.102517865
1470,1.110979741
1471,1.119587898
1472,1.128349142
1473,1.137271448
1474,1.146363453
1475,1.155634761
1476,1.165095611
1477,1.174756971
1478,1.184630524
1479,1.194728309
1480,1.205062281
1481,1.215644295
1482,1.226485534
1483,1.237595699
1484,1.248982625
1485,1.260651198
1486,1.272602937
1487,1.284834753
1488,1.297338063
1489,1.310098236
1490,1.323093458
1491,1.336294987
1492,1.349666411
1493,1.363164121
1494,1.376738104
1495,1.39033245
1496,1.403887272
1497,1.41733991
1498,1.430627043
1499,1.443686008
1500,1.456456618
1501,1.468882734
1502,1.480913271
1503,1.492503047
1504,1.503612908
1505,1.514210365
1506,1.524269277
1507,1.533768784
1508,1.542694601
1509,1.551036098
1510,1.558787584
1511,1.565946731
1512,1.572514025
1513,1.578492479
1514,1.583886667
1515,1.588702722
1516,1.592947819
1517,1.596629273
1518,1.599755265
1519,1.602333773
1520,1.604372436
1521,1.605878993
1522,1.606860323
1523,1.607323408
1524,1.607274099
1525,1.606718009
1526,1.605659658
1527,1.604103348
1528,1.602053079
1529,1.599511548
1530,1.596481876
1531,1.592966405
1532,1.58896767
1533,1.58448798
1534,1.579530174
1535,1.574097211
1536,1.568193338
1537,1.56182313
1538,1.554992914
1539,1.54770992
1540,1.539983749
1541,1.531825467
1542,1.523248532
1543,1.514268561
1544,1.504903728
1545,1.495174592
1546,1.485104095
1547,1.47471791
1548,1.464043704
1549,1.453111399
1550,1.441952814
1551,1.430601109
1552,1.41909091
1553,1.407457276
1554,1.395735643
1555,1.383960995
1556,1.372168259
1557,1.360390338
1558,1.348659461
1559,1.337004575
1560,1.325453607
1561,1.314030745
1562,1.302757773
1563,1.291653059
1564,1.280732426
1565,1.27000825
1566,1.259489948
1567,1.249184186
1568,1.239095081
1569,1.229224476
1570,1.219571959
1571,1.210135297
1572,1.200910872
1573,1.191893816
1574,1.183078208
1575,1.174457599
1576,1.166024745
1577,1.157772498
1578,1.149693169
1579,1.141779705
1580,1.134024951
1581,1.126422118
1582,1.118964683
1583,1.111647172
1584,1.104463897
1585,1.09741031
1586,1.090481991
1587,1.083675401
1588,1.076987353
1589,1.070414998
1590,1.063956331
1591,1.057609043
1592,1.051371667
1593,1.04524245
1594,1.039220203
1595,1.033303423
1596,1.027490621
1597,1.021780215
1598,1.016170643
1599,1.010659928
1600,1.005245805
1601,0.999926128
1602,0.994698226
1603,0.989559206
1604,0.984506217
1605,0.979536192
1606,0.974645766
1607,0.969831689
1608,0.965090649
1609,0.960419492
1610,0.955814963
1611,0.951274027
1612,0.946793724
1613,0.942371385
1614,0.938004494
1615,0.933690754
1616,0.929427971
1617,0.925214426
1618,0.921048462
1619,0.916928568
1620,0.912853452
1621,0.908822135
1622,0.90483355
1623,0.90088692
1624,0.896981575
1625,0.893116902
1626,0.889292148
1627,0.885507074
1628,0.881761134
1629,0.878053996
1630,0.874385389
1631,0.870755201
1632,0.86716316
1633,0.863609379
1634,0.860094081
1635,0.85661731
1636,0.853179498
1637,0.849781096
1638,0.846422829
1639,0.843105219
1640,0.839829217
1641,0.836595671
1642,0.833405836
1643,0.830260656
1644,0.827161258
1645,0.824108866
1646,0.821104732
1647,0.818149854
1648,0.815245585
1649,0.812392787
1650,0.809592502
1651,0.806845649
1652,0.804152944
1653,0.801515081
1654,0.798932845
1655,0.79640667
1656,0.79393719
1657,0.791525082
1658,0.78917085
1659,0.786875378
1660,0.784639532
1661,0.782464255
1662,0.780350663
1663,0.778299906
1664,0.776313207
1665,0.774391928
1666,0.77253734
1667,0.770750631
1668,0.769032841
1669,0.767385028
1670,0.765807824
1671,0.764301755
1672,0.762867126
1673,0.761503794
1674,0.760211582
1675,0.758989838
1676,0.757837707
1677,0.756754241
1678,0.75573796
1679,0.75478731
1680,0.753900609
1681,0.753075914
1682,0.752311121
1683,0.751604102
1684,0.750952271
1685,0.750353412
1686,0.749804784
1687,0.749303877
1688,0.748847821
1689,0.748433931
1690,0.748059435
1691,0.747721553
1692,0.747417412
1693,0.747144309
1694,0.746899404
1695,0.74668014
1696,0.746483819
1697,0.746307926
1698,0.746150196
1699,0.746008141
1700,0.745879753
1701,0.745763031
1702,0.745656133
1703,0.745557324
1704,0.745465013
1705,0.745377812
1706,0.745294641
1707,0.745214262
1708,0.745135529
1709,0.74505781
1710,0.744980281
1711,0.744902145
1712,0.744822865
1713,0.744741895
1714,0.744658866
1715,0.744573398
1716,0.744485059
1717,0.744393918
1718,0.744299677
1719,0.744202451
1720,0.744102245
1721,0.743999644
1722,0.743895048
1723,0.743789261
1724,0.743683241
1725,0.743578347
1726,0.743476066
1727,0.743378504
1728,0.743287628
1729,0.743205997
1730,0.743136574
1731,0.743082214
1732,0.743046365
1733,0.743032352
1734,0.743044002
1735,0.743085
1736,0.74315911
1737,0.743270018
1738,0.743421479
1739,0.743616939
1740,0.743859784
1741,0.744153082
1742,0.74449971
1743,0.744901885
1744,0.745361957
1745,0.745881644
1746,0.746462302
1747,0.7471051
1748,0.747810857
1749,0.748580093
1750,0.749413111
1751,0.750310323
1752,0.751271719
1753,0.752297445
1754,0.753387673
1755,0.754542535
1756,0.755762355
1757,0.757047355
1758,0.758397953
1759,0.759814734
1760,0.761298022
1761,0.762848399
1762,0.764466199
1763,0.766151461
1764,0.767904661
1765,0.769725317
1766,0.771613202
1767,0.773567498
1768,0.775587689
1769,0.777672285
1770,0.779820171
1771,0.782029672
1772,0.784299341
1773,0.786627303
1774,0.789012074
1775,0.791451936
1776,0.793945356
1777,0.796490881
1778,0.799087351
1779,0.801733803
1780,0.804429471
1781,0.807173707
1782,0.809966196
1783,0.812806763
1784,0.8156956
1785,0.818632874
1786,0.821619175
1787,0.824655067
1788,0.827741417
1789,0.830879119
1790,0.834069236
1791,0.837313164
1792,0.840612086
1793,0.843967611
1794,0.847381429
1795,0.850855117
1796,0.854390654
1797,0.85798975
1798,0.861654596
1799,0.86538706
1800,0.869189138
1801,0.873063012
1802,0.877010627
1803,0.881033876
1804,0.88513487
1805,0.88931547
1806,0.893577467
1807,0.897922846
1808,0.902353325
1809,0.906870685
1810,0.911476753
1811,0.916173512
1812,0.920962583
1813,0.925846057
1814,0.930825927
1815,0.935904248
1816,0.941083155
1817,0.946364939
1818,0.951752142
1819,0.957247003
1820,0.962852099
1821,0.968569956
1822,0.974403224
1823,0.980354434
1824,0.986426185
1825,0.992620988
1826,0.998941405
1827,1.005389658
1828,1.011968071
1829,1.018678709
1830,1.025523608
1831,1.032504526
1832,1.039623228
1833,1.046880977
1834,1.054279187
1835,1.06181899
1836,1.069501162
1837,1.077326384
1838,1.085295341
1839,1.093408129
1840,1.101665085
1841,1.110066197
1842,1.118610967
1843,1.127299179
1844,1.136130105
1845,1.145102783
1846,1.154216138
1847,1.163468664
1848,1.172858683
1849,1.182383906
1850,1.192041841
1851,1.201829444
1852,1.211742845
1853,1.221777797
1854,1.231929216
1855,1.242191055
1856,1.252556367
1857,1.263017232
1858,1.273564371
1859,1.284187089
1860,1.294873227
1861,1.305609259
1862,1.316379796
1863,1.327167836
1864,1.337954359
1865,1.348718882
1866,1.359438734
1867,1.370089683
1868,1.38064598
1869,1.391080065
1870,1.401363286
1871,1.41146571
1872,1.42135722
1873,1.431006594
1874,1.440382632
1875,1.449454578
1876,1.458192381
1877,1.466566194
1878,1.474548242
1879,1.482111736
1880,1.489231912
1881,1.495886012
1882,1.502053564
1883,1.507716146
1884,1.512858217
1885,1.517466296
1886,1.521530043
1887,1.525041201
1888,1.527994481
1889,1.53038686
1890,1.532218055
1891,1.533490105
1892,1.534207658
1893,1.534377499
1894,1.534008698
1895,1.533112613
1896,1.531702453
1897,1.529793761
1898,1.527403658
1899,1.524550611
1900,1.521255276
1901,1.517539014
1902,1.513424581
1903,1.508935452
1904,1.504096129
1905,1.498930964
1906,1.493464763
1907,1.487722007
1908,1.481727112
1909,1.475503434
1910,1.469073859
1911,1.462459976
1912,1.455682104
1913,1.448759339
1914,1.441709388
1915,1.434548215
1916,1.427290299
1917,1.419948762
1918,1.412535115
1919,1.405059251
1920,1.397530079
1921,1.389954968
1922,1.382340507
1923,1.374692007
1924,1.367014224
1925,1.359311104
1926,1.351586168
1927,1.343842127
1928,1.336082003
1929,1.32830803
1930,1.320522796
1931,1.312728438
1932,1.304927403
1933,1.297122153
1934,1.289315321
1935,1.281509378
1936,1.273707379
1937,1.265912251
1938,1.25812705
1939,1.250355168
1940,1.242599726
1941,1.234864246
1942,1.227152109
1943,1.219466968
1944,1.211812019
1945,1.20419072
1946,1.196606192
1947,1.189061772
1948,1.181560213
1949,1.174104506
1950,1.16669734
1951,1.159340978
1952,1.152037686
1953,1.144789555
1954,1.137598233
1955,1.130465139
1956,1.123391856
1957,1.11637912
1958,1.1094282
1959,1.102539789
1960,1.095714612
1961,1.088952812
1962,1.082255212
1963,1.075621838
1964,1.069053303
1965,1.062549748
1966,1.056111634
1967,1.049739334
1968,1.04343307
1969,1.037193347
1970,1.031020549
1971,1.024915208
1972,1.018877588
1973,1.012908399
1974,1.007007772
1975,1.001176254
1976,0.995414078
1977,0.989721233
1978,0.984098115
1979,0.978544544
1980,0.97306025
1981,0.967645185
1982,0.962298946
1983,0.957021242
1984,0.951811303
1985,0.946668831
1986,0.941593089
1987,0.936583676
1988,0.931639926
1989,0.926761459
1990,0.92194801
1991,0.917199341
1992,0.912515326
1993,0.907896047
1994,0.903341781
1995,0.898852923
1996,0.894429944
1997,0.89007344
1998,0.885784203
1999,0.881563051
2000,0.87741065
2001,0.873327727
2002,0.869315099
2003,0.865373292
2004,0.861502696
2005,0.857703686
2006,0.853976553
2007,0.850321098
2008,0.846737222
2009,0.843224634
2010,0.839783002
2011,0.836412061
2012,0.833111324
2013,0.8298804
2014,0.826719073
2015,0.823627342
2016,0.820604872
2017,0.817652112
2018,0.814769111
2019,0.811956444
2020,0.809214375
2021,0.806543513
2022,0.803944631
2023,0.801418093
2024,0.798964663
2025,0.796584785
2026,0.794278746
2027,0.792046785
2028,0.789889141
2029,0.787805438
2030,0.785795645
2031,0.783859226
2032,0.781995464
2033,0.780203635
2034,0.778482713
2035,0.776831497
2036,0.775248717
2037,0.773732928
2038,0.772282487
2039,0.770895741
2040,0.769570833
2041,0.768305898
2042,0.767098931
2043,0.765947705
2044,0.764850232
2045,0.763804186
2046,0.762807169
2047,0.761856935
2048,0.760951129
2049,0.760087328
2050,0.759262963
2051,0.75847577
2052,0.757723321
2053,0.75700315
2054,0.756313015
2055,0.755650596
2056,0.755013553
2057,0.754399771
2058,0.753807285
2059,0.753233985
2060,0.752678145
2061,0.752137748
2062,0.751611384
2063,0.751097224
2064,0.750594242
2065,0.750100732
2066,0.749615848
2067,0.74913842
2068,0.74866756
2069,0.748202611
2070,0.747742978
2071,0.747288287
2072,0.746838245
2073,0.746392944
2074,0.745952335
2075,0.745516891
2076,0.745087071
2077,0.744663683
2078,0.74424768
2079,0.74384018
2080,0.743442611
2081,0.743056509
2082,0.742683747
2083,0.742326227
2084,0.74198615
2085,0.741665791
2086,0.741367508
2087,0.741093977
2088,0.740847756
2089,0.740631358
2090,0.74044757
2091,0.740298835
2092,0.74018784
2093,0.740116732
2094,0.740087926
2095,0.740103369
2096,0.740164881
2097,0.740273882
2098,0.740431677
2099,0.740639193
2100,0.740897027
2101,0.7412056
2102,0.74156481
2103,0.741974598
2104,0.74243461
2105,0.742944094
2106,0.743502416
2107,0.744108742
2108,0.74476222
2109,0.745462011
2110,0.746207356
2111,0.746997313
2112,0.747831334
2113,0.748708898
2114,0.749629292
2115,0.750592362
2116,0.751597686
2117,0.75264494
2118,0.753734025
2119,0.754864817
2120,0.756037149
2121,0.757251078
2122,0.758506412
2123,0.759803306
2124,0.76114169
2125,0.762521679
2126,0.76394338
2127,0.76540688
2128,0.766912466
2129,0.768460328
2130,0.770050715
2131,0.771684034
2132,0.773360615
2133,0.775080838
2134,0.776845092
2135,0.778653768
2136,0.780507147
2137,0.782405637
2138,0.784349485
2139,0.786338611
2140,0.788373476
2141,0.790453922
2142,0.792579786
2143,0.794751043
2144,0.796967403
2145,0.799228468
2146,0.801533997
2147,0.803883699
2148,0.806277058
2149,0.808713712
2150,0.81119339
2151,0.813716005
2152,0.816281199
2153,0.818889098
2154,0.82153964
2155,0.824233234
2156,0.826970073
2157,0.829750728
2158,0.832575717
2159,0.835445913
2160,0.838362168
2161,0.841325446
2162,0.844336781
2163,0.847397447
2164,0.850508755
2165,0.853672028
2166,0.856888652
2167,0.860160367
2168,0.863488745
2169,0.866875589
2170,0.870322753
2171,0.87383228
2172,0.877406348
2173,0.881047227
2174,0.884757242
2175,0.8885392
2176,0.892395594
2177,0.896329273
2178,0.900343342
2179,0.904440777
2180,0.908624768
2181,0.91289854
2182,0.917265366
2183,0.921728454
2184,0.926291233
