Day,Beta
1,0.632833553
2,0.637246031
3,0.642446192
4,0.648461515
5,0.655314634
6,0.663024975
7,0.671609879
8,0.681086008
9,0.691470213
10,0.702780485
11,0.715036117
12,0.728257656
13,0.742466632
14,0.757685348
15,0.773936145
16,0.791241236
17,0.809622202
18,0.829099417
19,0.849691495
20,0.87141405
21,0.894278526
22,0.918289334
23,0.943441577
24,0.969716631
25,0.997078195
26,1.025466383
27,1.054793939
28,1.084941477
29,1.115754962
30,1.147046357
31,1.178596526
32,1.210160837
33,1.241478756
34,1.272284403
35,1.302317247
36,1.331333622
37,1.359115139
38,1.385474369
39,1.410258874
40,1.43335171
41,1.454670042
42,1.474161968
43,1.49180235
44,1.507587984
45,1.521534011
46,1.533669114
47,1.544032767
48,1.552671358
49,1.559637323
50,1.564986587
51,1.568777397
52,1.571069762
53,1.571925521
54,1.571406707
55,1.569577038
56,1.566500291
57,1.562240854
58,1.556864172
59,1.550436467
60,1.543024376
61,1.53469415
62,1.525512889
63,1.515547559
64,1.504864573
65,1.493529961
66,1.481609121
67,1.469166026
68,1.456263736
69,1.442963243
70,1.429324493
71,1.415405467
72,1.401261702
73,1.386946797
74,1.372512281
75,1.358007073
76,1.343477279
77,1.328966409
78,1.31451562
79,1.300162181
80,1.285940737
81,1.271882504
82,1.258015767
83,1.244364962
84,1.23095192
85,1.217794374
86,1.204908073
87,1.192305297
88,1.179995745
89,1.167986915
90,1.156284526
91,1.144892365
92,1.13381277
93,1.123047456
94,1.112597212
95,1.102462739
96,1.092644379
97,1.083143115
98,1.073959842
99,1.065096349
100,1.056555063
101,1.048338898
102,1.040451482
103,1.032896891
104,1.025679536
105,1.018803485
106,1.012273014
107,1.006091118
108,1.000259891
109,0.994779386
110,0.989647977
111,0.984860502
112,0.980409622
113,0.976284102
114,0.972469538
115,0.96894823
116,0.965699099
117,0.962698974
118,0.959922336
119,0.957342476
120,0.954932384
121,0.952664644
122,0.95051261
123,0.948450506
124,0.946452945
125,0.944495738
126,0.942554556
127,0.940605089
128,0.93862249
129,0.936581239
130,0.934454314
131,0.932213485
132,0.929830156
133,0.927275367
134,0.924520805
135,0.921540827
136,0.918313742
137,0.914824225
138,0.911065482
139,0.907041401
140,0.902768552
141,0.898277082
142,0.89361266
143,0.888835214
144,0.884018004
145,0.879245296
146,0.874609962
147,0.870209299
148,0.866141967
149,0.862503849
150,0.859384902
151,0.856865786
152,0.855015308
153,0.85388802
154,0.853521295
155,0.853934973
156,0.855129145
157,0.857083552
158,0.859759837
159,0.863101348
160,0.867037296
161,0.871485434
162,0.87635617
163,0.881554842
164,0.886986941
165,0.892558359
166,0.898177765
167,0.903758883
168,0.909220137
169,0.914487585
170,0.919494756
171,0.92418424
172,0.928509325
173,0.932433821
174,0.935932718
175,0.938992724
176,0.94161021
177,0.943791054
178,0.945548862
179,0.946903825
180,0.947880059
181,0.948504962
182,0.948807925
183,0.948817998
184,0.948563434
185,0.948071942
186,0.947368316
187,0.946475931
188,0.945414804
189,0.944202937
190,0.942855693
191,0.941386357
192,0.939805888
193,0.938123532
194,0.936346985
195,0.934482686
196,0.93253611
197,0.930511497
198,0.928413205
199,0.926244713
200,0.924009904
201,0.921712153
202,0.919355161
203,0.916942783
204,0.914479062
205,0.911968499
206,0.909415454
207,0.906824768
208,0.904201642
209,0.901551299
210,0.898878887
211,0.896189734
212,0.893489361
213,0.890783116
214,0.888076425
215,0.885374032
216,0.882681295
217,0.880002998
218,0.877343833
219,0.874708466
220,0.872101456
221,0.869526692
222,0.866988607
223,0.864491023
224,0.862037875
225,0.859632932
226,0.857279643
227,0.854981691
228,0.852742285
229,0.850564674
230,0.848452084
231,0.846407168
232,0.844432965
233,0.842531741
234,0.84070579
235,0.83895757
236,0.837288707
237,0.835700721
238,0.834195063
239,0.832772687
240,0.831434436
241,0.830180816
242,0.829012051
243,0.827927977
244,0.826928221
245,0.826012358
246,0.825179592
247,0.824428961
248,0.82375931
249,0.823169604
250,0.822658651
251,0.822225086
252,0.821868107
253,0.821586557
254,0.821379371
255,0.821246251
256,0.821186684
257,0.821200445
258,0.821287721
259,0.821449056
260,0.821685165
261,0.821997151
262,0.822386637
263,0.822855435
264,0.823405378
265,0.82403902
266,0.824758977
267,0.825568132
268,0.826469339
269,0.827465825
270,0.828560911
271,0.829757601
272,0.831059158
273,0.832468599
274,0.833988793
275,0.835622251
276,0.837371238
277,0.839237764
278,0.841223285
279,0.84332864
280,0.845554501
281,0.847900815
282,0.850366697
283,0.852950908
284,0.855651766
285,0.858466625
286,0.861392535
287,0.864425547
288,0.867562003
289,0.870796449
290,0.874124117
291,0.877539046
292,0.881034948
293,0.884605139
294,0.88824261
295,0.891939327
296,0.895687141
297,0.899477184
298,0.903299831
299,0.907144964
300,0.91100125
301,0.914856561
302,0.918697253
303,0.922508962
304,0.926275335
305,0.929978281
306,0.933598019
307,0.937112577
308,0.940497771
309,0.943727419
310,0.946772613
311,0.949602701
312,0.952185221
313,0.954485565
314,0.956468791
315,0.958098978
316,0.959341519
317,0.960162655
318,0.960531726
319,0.960420944
320,0.959807158
321,0.958672099
322,0.957002461
323,0.954790764
324,0.952033602
325,0.948732682
326,0.94489333
327,0.940524802
328,0.935639612
329,0.930254541
330,0.92439156
331,0.9180803
332,0.91136004
333,0.904281951
334,0.896913238
335,0.889338724
336,0.881662436
337,0.874007836
338,0.866515987
339,0.859341979
340,0.852649137
341,0.846602954
342,0.841364481
343,0.837085187
344,0.833903432
345,0.831944391
346,0.831321441
347,0.83214163
348,0.834510691
349,0.838541713
350,0.844360743
351,0.852113806
352,0.86196918
353,0.874113008
354,0.888732322
355,0.905982383
356,0.925934978
357,0.948516585
358,0.97345411
359,1.000255585
360,1.028243683
361,1.056639887
362,1.084674932
363,1.111688934
364,1.137197271
365,1.160911784
366,1.182728201
367,1.202688813
368,1.220938087
369,1.237679884
370,1.253141582
371,1.26754792
372,1.281104997
373,1.293991879
374,1.306358039
375,1.318324879
376,1.32999146
377,1.341437101
378,1.352728024
379,1.363919958
380,1.375060037
381,1.386186585
382,1.397328004
383,1.408500403
384,1.419702828
385,1.430917248
386,1.442104489
387,1.453205392
388,1.464142621
389,1.474823385
390,1.485145167
391,1.495000765
392,1.504283994
393,1.512894392
394,1.520741507
395,1.52774854
396,1.533851638
397,1.539002672
398,1.543166786
399,1.546322331
400,1.548458219
401,1.549573287
402,1.549673542
403,1.548771769
404,1.546885803
405,1.544037446
406,1.540252015
407,1.53555797
408,1.52998656
409,1.523571476
410,1.5163486
411,1.508356243
412,1.499634832
413,1.490226105
414,1.480174378
415,1.469524264
416,1.458322808
417,1.446616307
418,1.434452131
419,1.421877712
420,1.408939958
421,1.395684808
422,1.38215749
423,1.368401155
424,1.354458526
425,1.340369344
426,1.326172084
427,1.31190303
428,1.297597051
429,1.283285961
430,1.269001082
431,1.254770562
432,1.240621626
433,1.22657989
434,1.212669879
435,1.1989142
436,1.185334921
437,1.171953276
438,1.158789471
439,1.14586316
440,1.133193359
441,1.120798618
442,1.108696789
443,1.096905552
444,1.085441321
445,1.074320741
446,1.063558705
447,1.053169854
448,1.043167561
449,1.033563726
450,1.024369322
451,1.015593357
452,1.007243879
453,0.9993264
454,0.991845392
455,0.984802917
456,0.978199624
457,0.972034164
458,0.966303572
459,0.961002789
460,0.956125855
461,0.951664701
462,0.947610192
463,0.943951428
464,0.940677039
465,0.937773503
466,0.935226649
467,0.933021337
468,0.931140788
469,0.929567084
470,0.928281143
471,0.927262448
472,0.926488899
473,0.925936922
474,0.925581038
475,0.925394669
476,0.925349317
477,0.925415419
478,0.925562546
479,0.92576021
480,0.925978474
481,0.926189311
482,0.926367424
483,0.926491916
484,0.92654714
485,0.926523998
486,0.926420435
487,0.926241264
488,0.925998837
489,0.925712101
490,0.925404772
491,0.92510543
492,0.924846217
493,0.924659282
494,0.924578503
495,0.924637437
496,0.92486655
497,0.925295196
498,0.925949275
499,0.926851727
500,0.928020328
501,0.929469295
502,0.931206822
503,0.933236577
504,0.93555481
505,0.938152224
506,0.941011786
507,0.944110326
508,0.947416693
509,0.950894363
510,0.954499245
511,0.95818153
512,0.961888492
513,0.965563409
514,0.969148971
515,0.972589344
516,0.975831069
517,0.978826061
518,0.98153279
519,0.983918175
520,0.985956751
521,0.987631798
522,0.988934867
523,0.98986496
524,0.990426384
525,0.990628898
526,0.990486175
527,0.990013734
528,0.989229858
529,0.988152988
530,0.986803189
531,0.985199988
532,0.98336333
533,0.981313482
534,0.979070246
535,0.976652645
536,0.974079922
537,0.971370086
538,0.968540594
539,0.96560742
540,0.962585449
541,0.959488146
542,0.956327215
543,0.953113392
544,0.949855573
545,0.946561776
546,0.943238661
547,0.939891554
548,0.936525635
549,0.933145195
550,0.929753847
551,0.926355109
552,0.922952048
553,0.919547737
554,0.916145042
555,0.912746616
556,0.909355111
557,0.905972965
558,0.902602561
559,0.899246268
560,0.895906106
561,0.892584048
562,0.889282078
563,0.886002272
564,0.882746696
565,0.879517235
566,0.876316436
567,0.87314637
568,0.87000984
569,0.86690972
570,0.863848776
571,0.860830463
572,0.857858002
573,0.854934834
574,0.852064252
575,0.849249542
576,0.846493982
577,0.843800656
578,0.841172241
579,0.838611342
580,0.83612024
581,0.833700612
582,0.831354335
583,0.829082511
584,0.826886587
585,0.824767381
586,0.822725713
587,0.820762642
588,0.818878718
589,0.817075044
590,0.815352529
591,0.813712224
592,0.812155098
593,0.810682364
594,0.809295274
595,0.807994626
596,0.806781456
597,0.805656359
598,0.80461999
599,0.803672619
600,0.802814193
601,0.802044533
602,0.801363118
603,0.80076918
604,0.800261877
605,0.799840309
606,0.799503513
607,0.799250618
608,0.799080834
609,0.798993699
610,0.79898899
611,0.79906705
612,0.799228281
613,0.799473837
614,0.799805239
615,0.800224431
616,0.800733753
617,0.801336333
618,0.802035026
619,0.802833676
620,0.803736001
621,0.804745682
622,0.805866845
623,0.807103425
624,0.808459044
625,0.809937201
626,0.81154111
627,0.813273318
628,0.815136053
629,0.817130633
630,0.819258109
631,0.821518466
632,0.823910944
633,0.826434061
634,0.829085693
635,0.831862666
636,0.834760994
637,0.837776296
638,0.840903535
639,0.844136804
640,0.847470015
641,0.85089653
642,0.854409769
643,0.858002611
644,0.861668482
645,0.865400158
646,0.869191587
647,0.873036504
648,0.876929201
649,0.880864397
650,0.884837851
651,0.888845824
652,0.892885089
653,0.896953613
654,0.901050195
655,0.905174106
656,0.909325883
657,0.913506798
658,0.91771856
659,0.921963736
660,0.926245786
661,0.930568427
662,0.93493586
663,0.939352177
664,0.943821758
665,0.948349044
666,0.95293735
667,0.957589395
668,0.962307215
669,0.967091344
670,0.971940145
671,0.976850308
672,0.981815949
673,0.986828513
674,0.991876051
675,0.996943891
676,1.002013177
677,1.007062048
678,1.012065016
679,1.016993254
680,1.021814518
681,1.026493832
682,1.030994125
683,1.035276487
684,1.039300837
685,1.043027125
686,1.046415091
687,1.049426235
688,1.052024111
689,1.054174274
690,1.055846013
691,1.057011522
692,1.057646908
693,1.057731159
694,1.057246506
695,1.056177422
696,1.054510109
697,1.052231684
698,1.049329512
699,1.045790739
700,1.041602172
701,1.036750354
702,1.031222254
703,1.025006235
704,1.018093161
705,1.010479145
706,1.002165824
707,0.993164316
708,0.983495437
709,0.973191857
710,0.962300099
711,0.950879872
712,0.939004868
713,0.926761873
714,0.914248481
715,0.901571341
716,0.888841979
717,0.876174502
718,0.86368072
719,0.85146746
720,0.839632608
721,0.828263283
722,0.817433517
723,0.807203494
724,0.797619622
725,0.788715042
726,0.780510034
727,0.773014624
728,0.766229726
729,0.760149583
730,0.754763287
731,0.750057261
732,0.746016774
733,0.742627669
734,0.739877626
735,0.737757297
736,0.736260282
737,0.735383812
738,0.735128172
739,0.735496484
740,0.736493111
741,0.738123439
742,0.740391742
743,0.743300222
744,0.746848147
745,0.751030162
746,0.755836394
747,0.761251103
748,0.767253313
749,0.773816615
750,0.780910425
751,0.788499974
752,0.796547409
753,0.805012703
754,0.813854501
755,0.823029585
756,0.832494617
757,0.842204675
758,0.852114558
759,0.862177774
760,0.872347124
761,0.88257499
762,0.892813347
763,0.903014719
764,0.913132884
765,0.923123874
766,0.932946578
767,0.9425641
768,0.951944143
769,0.961060375
770,0.969892077
771,0.978424706
772,0.986650728
773,0.994567655
774,1.002180122
775,1.009497598
776,1.016534477
777,1.023309991
778,1.0298471
779,1.036171153
780,1.042310812
781,1.048295811
782,1.054157481
783,1.059927993
784,1.065638617
785,1.071321085
786,1.077005789
787,1.082722709
788,1.088499233
789,1.094361819
790,1.100334965
791,1.106440648
792,1.112699069
793,1.119127944
794,1.12574286
795,1.132556431
796,1.139579497
797,1.146819904
798,1.15428324
799,1.161972106
800,1.169887081
801,1.178025834
802,1.186382934
803,1.19495067
804,1.20371893
805,1.212674469
806,1.22180146
807,1.23108241
808,1.240497008
809,1.250023246
810,1.259638175
811,1.26931718
812,1.279035181
813,1.288766697
814,1.298486352
815,1.308169514
816,1.317792132
817,1.3273305
818,1.336762205
819,1.346065626
820,1.355220854
821,1.364206284
822,1.373003244
823,1.381591305
824,1.389951617
825,1.398064256
826,1.405908629
827,1.413465261
828,1.420713365
829,1.427631527
830,1.434199229
831,1.440394238
832,1.446194902
833,1.451579854
834,1.456526399
835,1.461012691
836,1.465017185
837,1.468517348
838,1.471491829
839,1.473918632
840,1.475777805
841,1.477048188
842,1.477710575
843,1.477746919
844,1.477139845
845,1.475874901
846,1.473939106
847,1.471323088
848,1.468018934
849,1.464024425
850,1.459339455
851,1.453968272
852,1.447921202
853,1.441211611
854,1.433858633
855,1.425885677
856,1.417321488
857,1.408198521
858,1.398553878
859,1.388428062
860,1.377864301
861,1.36690788
862,1.35560523
863,1.344004735
864,1.332152829
865,1.320096493
866,1.307881117
867,1.29555048
868,1.283146918
869,1.270709559
870,1.258277029
871,1.245884195
872,1.23356472
873,1.221350387
874,1.209269807
875,1.197350845
876,1.185619146
877,1.174097478
878,1.162807114
879,1.151767284
880,1.140993282
881,1.130499549
882,1.120296963
883,1.110392995
884,1.100793749
885,1.091500662
886,1.082514077
887,1.073831119
888,1.065446109
889,1.057352133
890,1.049539573
891,1.041998029
892,1.034715213
893,1.027678467
894,1.020873904
895,1.01428806
896,1.007906735
897,1.001715869
898,0.995701946
899,0.989851967
900,0.984153636
901,0.978595383
902,0.973166987
903,0.967858501
904,0.962661982
905,0.957570322
906,0.952577583
907,0.947679229
908,0.942871854
909,0.938153028
910,0.933521867
911,0.928977914
912,0.924521923
913,0.920154944
914,0.915878907
915,0.911695845
916,0.907607913
917,0.903617367
918,0.899725705
919,0.8959345
920,0.892244488
921,0.888655812
922,0.885167442
923,0.881777868
924,0.878484301
925,0.87528345
926,0.872170791
927,0.869141415
928,0.866189241
929,0.863308154
930,0.860491596
931,0.85773287
932,0.855025075
933,0.852361783
934,0.849736638
935,0.84714444
936,0.844579965
937,0.842039503
938,0.839519948
939,0.837019503
940,0.834537409
941,0.832074158
942,0.82963147
943,0.827212125
944,0.824820407
945,0.822461061
946,0.82013993
947,0.817863576
948,0.815638974
949,0.813473046
950,0.81137307
951,0.809345961
952,0.807398103
953,0.8055356
954,0.803763628
955,0.802086689
956,0.800508834
957,0.799033582
958,0.797662877
959,0.796399236
960,0.795244403
961,0.794199727
962,0.793266304
963,0.792445362
964,0.791737869
965,0.791144788
966,0.790667236
967,0.790306121
968,0.7900621
969,0.789936304
970,0.789929263
971,0.790041558
972,0.790273301
973,0.790624328
974,0.791094333
975,0.791682243
976,0.792386808
977,0.793206222
978,0.794138327
979,0.795180149
980,0.796328582
981,0.797579788
982,0.798929513
983,0.800372973
984,0.801905438
985,0.803521223
986,0.80521439
987,0.806979157
988,0.808808982
989,0.810697414
990,0.812637851
991,0.814623557
992,0.816648059
993,0.81870465
994,0.820786931
995,0.822888792
996,0.825004481
997,0.827128507
998,0.829255939
999,0.831382476
1000,0.833504394
1001,0.835618667
1002,0.837722823
1003,0.839815333
1004,0.8418957
1005,0.843964025
1006,0.846021064
1007,0.848068818
1008,0.850109816
1009,0.852147557
1010,0.854186051
1011,0.856230035
1012,0.858284943
1013,0.860356353
1014,0.862450629
1015,0.864574097
1016,0.866733059
1017,0.868934028
1018,0.871183462
1019,0.873487033
1020,0.875850499
1021,0.878278419
1022,0.880775228
1023,0.883343965
1024,0.885986857
1025,0.888705544
1026,0.891499899
1027,0.894368969
1028,0.897310711
1029,0.90032161
1030,0.903397061
1031,0.906531751
1032,0.909718923
1033,0.912950762
1034,0.916218668
1035,0.9195133
1036,0.922824115
1037,0.926139653
1038,0.929447956
1039,0.932735883
1040,0.935989298
1041,0.939193495
1042,0.942332096
1043,0.945388429
1044,0.948344879
1045,0.951183192
1046,0.953884535
1047,0.956430264
1048,0.958802134
1049,0.960982881
1050,0.962956667
1051,0.964710213
1052,0.966232494
1053,0.967516281
1054,0.968557902
1055,0.969357915
1056,0.969920658
1057,0.970254429
1058,0.970370926
1059,0.970284596
1060,0.970011607
1061,0.969568886
1062,0.968973696
1063,0.968241684
1064,0.967387222
1065,0.966422029
1066,0.965355113
1067,0.964192383
1068,0.962937169
1069,0.961590178
1070,0.960149959
1071,0.958613984
1072,0.956978656
1073,0.955240317
1074,0.953396343
1075,0.951445147
1076,0.949386939
1077,0.947224356
1078,0.94496274
1079,0.942610249
1080,0.940178156
1081,0.937680274
1082,0.935133241
1083,0.932555728
1084,0.929968208
1085,0.927392639
1086,0.924851291
1087,0.922366828
1088,0.919961371
1089,0.917656735
1090,0.915473543
1091,0.913431332
1092,0.911548704
1093,0.909843318
1094,0.908331797
1095,0.907030307
1096,0.905954711
1097,0.905119859
1098,0.90454106
1099,0.904233061
1100,0.904210702
1101,0.904487975
1102,0.905078731
1103,0.905996248
1104,0.90725223
1105,0.908857293
1106,0.910820678
1107,0.913149603
1108,0.915849179
1109,0.918922067
1110,0.922368236
1111,0.926185049
1112,0.930366889
1113,0.934905455
1114,0.939789206
1115,0.945004717
1116,0.950534835
1117,0.956361085
1118,0.96246244
1119,0.968816459
1120,0.975399576
1121,0.98218701
1122,0.989154056
1123,0.996276073
1124,1.003528669
1125,1.010888383
1126,1.018333316
1127,1.025843062
1128,1.033398829
1129,1.040984236
1130,1.048584931
1131,1.056188919
1132,1.063787006
1133,1.071371563
1134,1.078938089
1135,1.086484075
1136,1.094009027
1137,1.101514339
1138,1.109002851
1139,1.116479523
1140,1.123949625
1141,1.131419383
1142,1.138895489
1143,1.146385185
1144,1.153894633
1145,1.161429897
1146,1.168996632
1147,1.17659913
1148,1.184240475
1149,1.191922888
1150,1.199646875
1151,1.207411692
1152,1.215215072
1153,1.223053381
1154,1.230922401
1155,1.238815784
1156,1.246727124
1157,1.254648462
1158,1.262571514
1159,1.270486653
1160,1.278384671
1161,1.286255956
1162,1.294089541
1163,1.301875442
1164,1.309602812
1165,1.317260399
1166,1.324836954
1167,1.33232066
1168,1.339699522
1169,1.346961081
1170,1.354091972
1171,1.361078247
1172,1.367905021
1173,1.374556929
1174,1.381017178
1175,1.387268722
1176,1.393292859
1177,1.399070665
1178,1.404582411
1179,1.409807637
1180,1.414726198
1181,1.419318289
1182,1.423564196
1183,1.427445695
1184,1.430946007
1185,1.434050232
1186,1.436746135
1187,1.439023659
1188,1.440875903
1189,1.442299396
1190,1.443291783
1191,1.443854183
1192,1.443989575
1193,1.443701565
1194,1.442995355
1195,1.441874981
1196,1.440344945
1197,1.438408807
1198,1.436069176
1199,1.43332766
1200,1.43018575
1201,1.426643029
1202,1.422699824
1203,1.418356508
1204,1.413614497
1205,1.408475861
1206,1.402944848
1207,1.397026971
1208,1.390730277
1209,1.384066164
1210,1.377047211
1211,1.369689465
1212,1.362011164
1213,1.354033306
1214,1.345778957
1215,1.337273136
1216,1.328542545
1217,1.319615275
1218,1.31052047
1219,1.301286802
1220,1.29194428
1221,1.282522112
1222,1.273049206
1223,1.263553932
1224,1.25406307
1225,1.244602785
1226,1.23519744
1227,1.22587055
1228,1.216643512
1229,1.207536027
1230,1.198566496
1231,1.189751431
1232,1.181105554
1233,1.172641382
1234,1.16437006
1235,1.156300053
1236,1.148438498
1237,1.140789941
1238,1.133356899
1239,1.126139954
1240,1.119137451
1241,1.112345278
1242,1.105757862
1243,1.099367246
1244,1.093163908
1245,1.087136552
1246,1.081272334
1247,1.075557739
1248,1.069977984
1249,1.064517945
1250,1.059161961
1251,1.053894818
1252,1.048701495
1253,1.043567821
1254,1.03848055
1255,1.033427872
1256,1.028399065
1257,1.02338542
1258,1.018379733
1259,1.013376638
1260,1.008372284
1261,1.003364474
1262,0.998353019
1263,0.993338235
1264,0.988322191
1265,0.983308084
1266,0.978299074
1267,0.973299392
1268,0.968313433
1269,0.963345952
1270,0.958401226
1271,0.953483954
1272,0.948597752
1273,0.943746276
1274,0.938933469
1275,0.934161156
1276,0.929432362
1277,0.924748771
1278,0.920111775
1279,0.915522896
1280,0.910982482
1281,0.906491406
1282,0.902049921
1283,0.897658102
1284,0.893315926
1285,0.889023438
1286,0.884780213
1287,0.880586363
1288,0.87644133
1289,0.872345135
1290,0.868297257
1291,0.864297852
1292,0.860346578
1293,0.856443532
1294,0.85258922
1295,0.848784
1296,0.845029376
1297,0.841326691
1298,0.837678403
1299,0.834087379
1300,0.830558084
1301,0.827095523
1302,0.823705889
1303,0.820396423
1304,0.817175515
1305,0.814052239
1306,0.811036557
1307,0.808138557
1308,0.805368423
1309,0.802736096
1310,0.800250828
1311,0.797920793
1312,0.795752928
1313,0.793752573
1314,0.791923575
1315,0.790268227
1316,0.788786575
1317,0.787478045
1318,0.78633973
1319,0.785368346
1320,0.784559049
1321,0.783906192
1322,0.78340362
1323,0.783044666
1324,0.782822132
1325,0.782728933
1326,0.782757379
1327,0.782900102
1328,0.783149585
1329,0.783498563
1330,0.783939637
1331,0.78446576
1332,0.785070062
1333,0.785745762
1334,0.786486298
1335,0.787285306
1336,0.788137004
1337,0.789035618
1338,0.789975569
1339,0.790951595
1340,0.791959099
1341,0.792993397
1342,0.794050269
1343,0.795125738
1344,0.796216615
1345,0.797319695
1346,0.798432276
1347,0.799552202
1348,0.800677501
1349,0.801806815
1350,0.80293905
1351,0.804073468
1352,0.805210218
1353,0.80634924
1354,0.807491176
1355,0.808636665
1356,0.809787124
1357,0.810943887
1358,0.812108442
1359,0.813282505
1360,0.814467922
1361,0.81566634
1362,0.816879317
1363,0.818108484
1364,0.819354914
1365,0.820619494
1366,0.821902364
1367,0.823203869
1368,0.824523099
1369,0.825858973
1370,0.827209763
1371,0.828572907
1372,0.829945363
1373,0.831323422
1374,0.832703151
1375,0.834079966
1376,0.835448802
1377,0.836804792
1378,0.838142551
1379,0.839456797
1380,0.840742759
1381,0.841995366
1382,0.843210585
1383,0.844384305
1384,0.84551324
1385,0.846594803
1386,0.847627141
1387,0.848608963
1388,0.849539779
1389,0.850419983
1390,0.851250559
1391,0.852033414
1392,0.852771185
1393,0.853467219
1394,0.854125522
1395,0.854751371
1396,0.855350189
1397,0.855928972
1398,0.856494911
1399,0.857056558
1400,0.857623011
1401,0.858203992
1402,0.858810589
1403,0.859453775
1404,0.86014501
1405,0.860895723
1406,0.861717492
1407,0.862620942
1408,0.86361564
1409,0.864710189
1410,0.865911447
1411,0.867224142
1412,0.868650988
1413,0.87019217
1414,0.871845976
1415,0.873607911
1416,0.875471316
1417,0.877427585
1418,0.879466228
1419,0.881575599
1420,0.883742087
1421,0.885951951
1422,0.888191
1423,0.890444562
1424,0.892698705
1425,0.894939698
1426,0.897155106
1427,0.899333633
1428,0.9014652
1429,0.903542057
1430,0.905557945
1431,0.907509044
1432,0.909394003
1433,0.911213689
1434,0.912971683
1435,0.914673857
1436,0.916328713
1437,0.917947412
1438,0.919542998
1439,0.921130575
1440,0.922726989
1441,0.924350277
1442,0.92601943
1443,0.92775365
1444,0.929571971
1445,0.931493044
1446,0.933534227
1447,0.935711406
1448,0.938038856
1449,0.940528587
1450,0.94319126
1451,0.946034864
1452,0.949065655
1453,0.952288121
1454,0.955705628
1455,0.95931977
1456,0.963131666
1457,0.9671413
1458,0.971348532
1459,0.975752994
1460,0.980354197
1461,0.985151596
1462,0.990144894
1463,0.995333999
1464,1.000718765
1465,1.006299391
1466,1.012076303
1467,1.018049322
1468,1.024218433
1469,1.030583322
1470,1.037142888
1471,1.043895729
1472,1.050839573
1473,1.057971224
1474,1.065286852
1475,1.072780959
1476,1.080447882
1477,1.088280171
1478,1.096269667
1479,1.104407385
1480,1.112683281
1481,1.121086821
1482,1.129606679
1483,1.138231337
1484,1.146949112
1485,1.155747607
1486,1.164614707
1487,1.173538134
1488,1.18250607
1489,1.191506132
1490,1.200526521
1491,1.20955503
1492,1.21857968
1493,1.227587938
1494,1.236567482
1495,1.245505273
1496,1.254388139
1497,1.263202161
1498,1.271933347
1499,1.280566573
1500,1.289086863
1501,1.297478154
1502,1.305724233
1503,1.313808784
1504,1.321715534
1505,1.329427406
1506,1.336928025
1507,1.344201654
1508,1.351231754
1509,1.358003274
1510,1.364501551
1511,1.370712429
1512,1.37662226
1513,1.382219002
1514,1.387490526
1515,1.392426267
1516,1.397015423
1517,1.401249573
1518,1.405119434
1519,1.408617407
1520,1.411736503
1521,1.414470494
1522,1.416813046
1523,1.418759555
1524,1.420305312
1525,1.421446517
1526,1.422179863
1527,1.42250289
1528,1.422413304
1529,1.421909705
1530,1.420991629
1531,1.419659153
1532,1.417912737
1533,1.415754691
1534,1.413187221
1535,1.410213932
1536,1.40683955
1537,1.403069809
1538,1.398911774
1539,1.394373685
1540,1.389464945
1541,1.384196907
1542,1.378581524
1543,1.37263307
1544,1.366366819
1545,1.359800011
1546,1.352950603
1547,1.345839009
1548,1.338486478
1549,1.330915481
1550,1.323150501
1551,1.315216318
1552,1.307139382
1553,1.298946336
1554,1.290664792
1555,1.282322809
1556,1.273948133
1557,1.265569195
1558,1.25721328
1559,1.248907536
1560,1.240678072
1561,1.232549474
1562,1.224545181
1563,1.216686249
1564,1.208992437
1565,1.201480731
1566,1.194165736
1567,1.187059507
1568,1.180171892
1569,1.173509613
1570,1.167077512
1571,1.160877928
1572,1.15491116
1573,1.149175331
1574,1.143667608
1575,1.138382927
1576,1.133315742
1577,1.128458723
1578,1.123804376
1579,1.11934422
1580,1.115069091
1581,1.110969722
1582,1.107036203
1583,1.103258237
1584,1.099625632
1585,1.096127585
1586,1.09275344
1587,1.089491963
1588,1.086332202
1589,1.083263114
1590,1.080273405
1591,1.077352077
1592,1.074488193
1593,1.071670979
1594,1.068889514
1595,1.066134304
1596,1.063395172
1597,1.060662866
1598,1.05792883
1599,1.055184618
1600,1.052422717
1601,1.049636044
1602,1.046818003
1603,1.043962404
1604,1.041063443
1605,1.038116045
1606,1.035114706
1607,1.032054745
1608,1.028930947
1609,1.025738694
1610,1.022473045
1611,1.019128866
1612,1.015701599
1613,1.01218608
1614,1.008577421
1615,1.004870921
1616,1.001062103
1617,0.9971468
1618,0.993121728
1619,0.988983966
1620,0.984731518
1621,0.980363369
1622,0.975880086
1623,0.971283153
1624,0.966575816
1625,0.961762324
1626,0.956849001
1627,0.951843806
1628,0.946755528
1629,0.941594988
1630,0.936374187
1631,0.931105934
1632,0.925804093
1633,0.920483336
1634,0.915158153
1635,0.909843698
1636,0.904554218
1637,0.899303995
1638,0.894106418
1639,0.888973713
1640,0.883917265
1641,0.878946908
1642,0.874071255
1643,0.869297154
1644,0.864630297
1645,0.860074662
1646,0.8556327
1647,0.851305768
1648,0.847093716
1649,0.84299583
1650,0.839009896
1651,0.835133299
1652,0.831362791
1653,0.827694729
1654,0.824125774
1655,0.820652232
1656,0.817270897
1657,0.813979506
1658,0.810776003
1659,0.807659417
1660,0.8046299
1661,0.801688455
1662,0.798836872
1663,0.796078421
1664,0.793416739
1665,0.790856242
1666,0.78840179
1667,0.786058202
1668,0.783830591
1669,0.781723164
1670,0.779739797
1671,0.777883507
1672,0.776156418
1673,0.774559855
1674,0.773094133
1675,0.771758445
1676,0.770551331
1677,0.769470431
1678,0.768513076
1679,0.767675862
1680,0.766954921
1681,0.766346559
1682,0.765846401
1683,0.765450493
1684,0.765154645
1685,0.764954738
1686,0.764846593
1687,0.764826566
1688,0.764890827
1689,0.765035935
1690,0.765258446
1691,0.765554935
1692,0.765922703
1693,0.76635851
1694,0.766859874
1695,0.767423868
1696,0.768047825
1697,0.768729538
1698,0.769466393
1699,0.770256147
1700,0.771096282
1701,0.77198451
1702,0.772918426
1703,0.773895554
1704,0.774913028
1705,0.775968499
1706,0.777058646
1707,0.77818045
1708,0.779330522
1709,0.780504689
1710,0.781698853
1711,0.782908663
1712,0.784128673
1713,0.785353601
1714,0.786577486
1715,0.787793651
1716,0.788995303
1717,0.790175132
1718,0.79132548
1719,0.792438291
1720,0.79350549
1721,0.794519208
1722,0.795470878
1723,0.796352759
1724,0.797157273
1725,0.797877125
1726,0.798505776
1727,0.799037449
1728,0.799466878
1729,0.799789943
1730,0.800003827
1731,0.800105982
1732,0.800095625
1733,0.799972832
1734,0.799738921
1735,0.799396396
1736,0.798948668
1737,0.798400924
1738,0.797758743
1739,0.797028743
1740,0.796219498
1741,0.795339674
1742,0.794399492
1743,0.793409586
1744,0.79238192
1745,0.791328833
1746,0.790263794
1747,0.789200395
1748,0.788152777
1749,0.787135579
1750,0.786163397
1751,0.785250731
1752,0.784412101
1753,0.783661187
1754,0.783011496
1755,0.782475144
1756,0.782063767
1757,0.781787336
1758,0.781654626
1759,0.781673245
1760,0.781848706
1761,0.782185264
1762,0.782685615
1763,0.783350326
1764,0.784178972
1765,0.785169519
1766,0.786318138
1767,0.787620224
1768,0.789069481
1769,0.790658876
1770,0.792380609
1771,0.79422579
1772,0.796184793
1773,0.798247762
1774,0.800404295
1775,0.802643567
1776,0.80495473
1777,0.80732657
1778,0.809748136
1779,0.812208571
1780,0.81469696
1781,0.817203254
1782,0.819717444
1783,0.822230399
1784,0.824733958
1785,0.827220835
1786,0.829684421
1787,0.832120046
1788,0.834523872
1789,0.836894073
1790,0.839230128
1791,0.84153337
1792,0.843807049
1793,0.846055925
1794,0.848287359
1795,0.850509822
1796,0.852733828
1797,0.85497161
1798,0.857236691
1799,0.859543934
1800,0.861908659
1801,0.864347331
1802,0.866876006
1803,0.869510449
1804,0.872265987
1805,0.875156417
1806,0.878194451
1807,0.881390765
1808,0.884754747
1809,0.888293497
1810,0.892011978
1811,0.895913795
1812,0.900000453
1813,0.904272392
1814,0.908728495
1815,0.913367011
1816,0.918185107
1817,0.923179917
1818,0.928348385
1819,0.933687173
1820,0.939193472
1821,0.944864519
1822,0.950698286
1823,0.956693202
1824,0.962848008
1825,0.969161935
1826,0.975634731
1827,0.982266434
1828,0.98905734
1829,0.996007606
1830,1.003117777
1831,1.010387495
1832,1.017816268
1833,1.025403
1834,1.033146203
1835,1.041042626
1836,1.049088612
1837,1.05727914
1838,1.06560789
1839,1.074066937
1840,1.082647502
1841,1.091339052
1842,1.100130022
1843,1.109007657
1844,1.117958501
1845,1.126967773
1846,1.136020601
1847,1.145101473
1848,1.154195234
1849,1.163286537
1850,1.17236048
1851,1.181403279
1852,1.190401226
1853,1.199341878
1854,1.208213717
1855,1.217006207
1856,1.225710049
1857,1.234316692
1858,1.242818296
1859,1.251207888
1860,1.259478867
1861,1.2676256
1862,1.275641575
1863,1.283521459
1864,1.29125914
1865,1.29884845
1866,1.306282923
1867,1.313555285
1868,1.320657879
1869,1.327582762
1870,1.334321052
1871,1.34086363
1872,1.347200468
1873,1.353321642
1874,1.35921669
1875,1.36487487
1876,1.370285541
1877,1.375438333
1878,1.380322635
1879,1.384928569
1880,1.389246747
1881,1.393267825
1882,1.396983713
1883,1.400386974
1884,1.403470919
1885,1.406229511
1886,1.408657521
1887,1.410751194
1888,1.412507311
1889,1.413923576
1890,1.414998755
1891,1.415732235
1892,1.416124865
1893,1.416178048
1894,1.415893808
1895,1.415275291
1896,1.414326787
1897,1.413052917
1898,1.411459416
1899,1.409553021
1900,1.407340616
1901,1.404830292
1902,1.402031541
1903,1.398953542
1904,1.395607397
1905,1.392003849
1906,1.388155222
1907,1.38407445
1908,1.379774645
1909,1.375270218
1910,1.370575875
1911,1.365706533
1912,1.360677749
1913,1.355505392
1914,1.350205764
1915,1.344794855
1916,1.339289024
1917,1.333704248
1918,1.328056619
1919,1.322361678
1920,1.316634879
1921,1.310891002
1922,1.305144936
1923,1.299410224
1924,1.293700203
1925,1.288027525
1926,1.282404155
1927,1.276840687
1928,1.271348178
1929,1.265935153
1930,1.26061064
1931,1.255381405
1932,1.250254303
1933,1.245233908
1934,1.240324974
1935,1.235530645
1936,1.230852515
1937,1.226291567
1938,1.22184822
1939,1.217521444
1940,1.213309452
1941,1.20920971
1942,1.205218911
1943,1.201333463
1944,1.197548836
1945,1.193860367
1946,1.190262541
1947,1.186750025
1948,1.183316782
1949,1.179956615
1950,1.176663369
1951,1.173430294
1952,1.170250565
1953,1.167117178
1954,1.164023012
1955,1.160960749
1956,1.157922566
1957,1.154900685
1958,1.151887238
1959,1.148874387
1960,1.145853207
1961,1.142815471
1962,1.139752671
1963,1.136655748
1964,1.133516043
1965,1.13032496
1966,1.127073467
1967,1.123752907
1968,1.120354801
1969,1.116870165
1970,1.113291219
1971,1.109609827
1972,1.10581781
1973,1.10190782
1974,1.097872302
1975,1.093704745
1976,1.089398041
1977,1.084946185
1978,1.080343328
1979,1.075583935
1980,1.070663184
1981,1.065576673
1982,1.060320973
1983,1.054893374
1984,1.049291693
1985,1.043515183
1986,1.037564307
1987,1.031440452
1988,1.025146902
1989,1.0186885
1990,1.012071595
1991,1.005304493
1992,0.998397559
1993,0.991362683
1994,0.984213732
1995,0.976966433
1996,0.969637714
1997,0.962246597
1998,0.954812624
1999,0.947356284
2000,0.939898871
2001,0.932461515
2002,0.925065078
2003,0.917730041
2004,0.910475977
2005,0.903321013
2006,0.896282122
2007,0.889373824
2008,0.882609874
2009,0.876001157
2010,0.869557254
2011,0.863285787
2012,0.857192323
2013,0.851281427
2014,0.845555738
2015,0.840017475
2016,0.834667109
2017,0.829505034
2018,0.824531056
2019,0.819744095
2020,0.815143093
2021,0.810726896
2022,0.806494191
2023,0.802443177
2024,0.79857225
2025,0.794879273
2026,0.791362152
2027,0.788018219
2028,0.784844793
2029,0.781838916
2030,0.778997198
2031,0.776315965
2032,0.77379138
2033,0.771419518
2034,0.769196317
2035,0.767117441
2036,0.765178636
2037,0.76337564
2038,0.761704363
2039,0.760160401
2040,0.758739792
2041,0.757438488
2042,0.756252415
2043,0.755177848
2044,0.754210614
2045,0.753347464
2046,0.752584212
2047,0.751917288
2048,0.751342624
2049,0.750856586
2050,0.75045523
2051,0.750134483
2052,0.749889947
2053,0.749717519
2054,0.749612443
2055,0.749570124
2056,0.749585465
2057,0.749653354
2058,0.749768235
2059,0.749924257
2060,0.750115871
2061,0.750336453
2062,0.750579678
2063,0.750839129
2064,0.751107842
2065,0.751378991
2066,0.751645342
2067,0.751900449
2068,0.752136774
2069,0.752347864
2070,0.752527088
2071,0.752667941
2072,0.752764635
2073,0.752811365
2074,0.752803341
2075,0.752735935
2076,0.75260552
2077,0.752408721
2078,0.752143316
2079,0.751807466
2080,0.75140053
2081,0.750922292
2082,0.750373818
2083,0.7497565
2084,0.749072745
2085,0.748326004
2086,0.747520022
2087,0.746659629
2088,0.745749742
2089,0.74479679
2090,0.743807152
2091,0.742787838
2092,0.741746217
2093,0.74069044
2094,0.739628404
2095,0.738568731
2096,0.737519778
2097,0.736490324
2098,0.73548919
2099,0.734524712
2100,0.73360537
2101,0.732739657
2102,0.731935255
2103,0.73119992
2104,0.730540641
2105,0.729964115
2106,0.729476534
2107,0.729083426
2108,0.728789665
2109,0.728599809
2110,0.728516944
2111,0.728544526
2112,0.728684552
2113,0.728938535
2114,0.729307413
2115,0.729791328
2116,0.730389819
2117,0.731101781
2118,0.731925383
2119,0.732858568
2120,0.733898029
2121,0.735040851
2122,0.736282945
2123,0.737620018
2124,0.739047378
2125,0.740559816
2126,0.742151991
2127,0.743817978
2128,0.745551743
2129,0.747347012
2130,0.749197386
2131,0.751096278
2132,0.753037028
2133,0.755012982
2134,0.757017605
2135,0.759044625
2136,0.761087961
2137,0.763142087
2138,0.765201755
2139,0.767262392
2140,0.769320033
2141,0.771371543
2142,0.773414299
2143,0.775446557
2144,0.777467616
2145,0.779477395
2146,0.781476848
2147,0.783467472
2148,0.785452142
2149,0.78743428
2150,0.789418288
2151,0.791409425
2152,0.793414243
2153,0.795439601
2154,0.79749389
2155,0.799585886
2156,0.801725283
2157,0.803922534
2158,0.806188442
2159,0.808534123
2160,0.810970716
2161,0.813509442
2162,0.816160806
2163,0.81893485
2164,0.821840547
2165,0.824885935
2166,0.828077719
2167,0.831421152
2168,0.834920213
2169,0.838577345
2170,0.842393614
2171,0.846368991
2172,0.850501753
2173,0.854790121
2174,0.859230384
2175,0.863819055
2176,0.868551761
2177,0.873424113
2178,0.878431574
2179,0.883569628
2180,0.888834171
2181,0.894221112
2182,0.899727054
2183,0.905349255
2184,0.911085315
