,Avg,
2013/1/1,30.6,-0.777777778
2013/1/2,19.2,-7.111111111
2013/1/3,21.9,-5.611111111
2013/1/4,28.9,-1.722222222
2013/1/5,28.3,-2.055555556
2013/1/6,33.7,0.944444444
2013/1/7,30.8,-0.666666667
2013/1/8,33.3,0.722222222
2013/1/9,39.8,4.333333333
2013/1/10,35.2,1.777777778
2013/1/11,52.6,11.44444444
2013/1/12,58.5,14.72222222
2013/1/13,57,13.88888889
2013/1/14,31.7,-0.166666667
2013/1/15,29,-1.666666667
2013/1/16,33.5,0.833333333
2013/1/17,34.5,1.388888889
2013/1/18,28.1,-2.166666667
2013/1/19,43.2,6.222222222
2013/1/20,33.1,0.611111111
2013/1/21,20.9,-6.166666667
2013/1/22,11.4,-11.44444444
2013/1/23,16.7,-8.5
2013/1/24,18.2,-7.666666667
2013/1/25,19.6,-6.888888889
2013/1/26,25.9,-3.388888889
2013/1/27,25.9,-3.388888889
2013/1/28,42.8,6
2013/1/29,55.4,13
2013/1/30,54.9,12.72222222
2013/1/31,26.9,-2.833333333
2013/2/1,14.1,-9.944444444
2013/2/2,21.6,-5.777777778
2013/2/3,22.9,-5.055555556
2013/2/4,24.7,-4.055555556
2013/2/5,29.4,-1.444444444
2013/2/6,31.5,-0.277777778
2013/2/7,37.2,2.888888889
2013/2/8,36.6,2.555555556
2013/2/9,28.5,-1.944444444
2013/2/10,39.3,4.055555556
2013/2/11,46.6,8.111111111
2013/2/12,38.3,3.5
2013/2/13,31.1,-0.5
2013/2/14,35.6,2
2013/2/15,33,0.555555556
2013/2/16,25.3,-3.722222222
2013/2/17,19.2,-7.111111111
2013/2/18,35.5,1.944444444
2013/2/19,33.1,0.611111111
2013/2/20,20.7,-6.277777778
2013/2/21,24.1,-4.388888889
2013/2/22,34,1.111111111
2013/2/23,36.7,2.611111111
2013/2/24,30.9,-0.611111111
2013/2/25,35,1.666666667
2013/2/26,40,4.444444444
2013/2/27,38.7,3.722222222
2013/2/28,34.8,1.555555556
2013/3/1,31.9,-0.055555556
2013/3/2,27.8,-2.333333333
2013/3/3,26.7,-2.944444444
2013/3/4,30.3,-0.944444444
2013/3/5,35.5,1.944444444
2013/3/6,35,1.666666667
2013/3/7,35.9,2.166666667
2013/3/8,37.6,3.111111111
2013/3/9,42.6,5.888888889
2013/3/10,58.6,14.77777778
2013/3/11,51.2,10.66666667
2013/3/12,37.4,3
2013/3/13,31.4,-0.333333333
2013/3/14,32.6,0.333333333
2013/3/15,39.8,4.333333333
2013/3/16,42.7,5.944444444
2013/3/17,35,1.666666667
2013/3/18,41.7,5.388888889
2013/3/19,36.5,2.5
2013/3/20,31.7,-0.166666667
2013/3/21,25,-3.888888889
2013/3/22,32.3,0.166666667
2013/3/23,36.1,2.277777778
2013/3/24,34.7,1.5
2013/3/25,33.2,0.666666667
2013/3/26,36.5,2.5
2013/3/27,37.8,3.222222222
2013/3/28,40.2,4.555555556
2013/3/29,41.8,5.444444444
2013/3/30,44,6.666666667
2013/3/31,48.5,9.166666667
2013/4/1,41.4,5.222222222
2013/4/2,35.3,1.833333333
2013/4/3,36.4,2.444444444
2013/4/4,40.9,4.944444444
2013/4/5,44.4,6.888888889
2013/4/6,47,8.333333333
2013/4/7,64.1,17.83333333
2013/4/8,63.4,17.44444444
2013/4/9,69.3,20.72222222
2013/4/10,71,21.66666667
2013/4/11,61.8,16.55555556
2013/4/12,50.2,10.11111111
2013/4/13,45.9,7.722222222
2013/4/14,51.5,10.83333333
2013/4/15,62.4,16.88888889
2013/4/16,64.3,17.94444444
2013/4/17,59.5,15.27777778
2013/4/18,72.8,22.66666667
2013/4/19,53.4,11.88888889
2013/4/20,40.7,4.833333333
2013/4/21,43.6,6.444444444
2013/4/22,55,12.77777778
2013/4/23,61.2,16.22222222
2013/4/24,52.8,11.55555556
2013/4/25,45.5,7.5
2013/4/26,48.8,9.333333333
2013/4/27,57.6,14.22222222
2013/4/28,58.2,14.55555556
2013/4/29,58.9,14.94444444
2013/4/30,63.5,17.5
2013/5/1,69.7,20.94444444
2013/5/2,67.9,19.94444444
2013/5/3,68.6,20.33333333
2013/5/4,63.8,17.66666667
2013/5/5,64.1,17.83333333
2013/5/6,62,16.66666667
2013/5/7,63,17.22222222
2013/5/8,63.9,17.72222222
2013/5/9,67.8,19.88888889
2013/5/10,64.6,18.11111111
2013/5/11,55.3,12.94444444
2013/5/12,47.3,8.5
2013/5/13,48.3,9.055555556
2013/5/14,59.7,15.38888889
2013/5/15,77.5,25.27777778
2013/5/16,70.8,21.55555556
2013/5/17,67.2,19.55555556
2013/5/18,70.9,21.61111111
2013/5/19,72.7,22.61111111
2013/5/20,75.1,23.94444444
2013/5/21,78.1,25.61111111
2013/5/22,73.2,22.88888889
2013/5/23,63.6,17.55555556
2013/5/24,50.7,10.38888889
2013/5/25,53.2,11.77777778
2013/5/26,57.6,14.22222222
2013/5/27,60,15.55555556
2013/5/28,75.3,24.05555556
2013/5/29,78.8,26
2013/5/30,78.9,26.05555556
2013/5/31,76,24.44444444
2013/6/1,76.5,24.72222222
2013/6/2,71.3,21.83333333
2013/6/3,62.5,16.94444444
2013/6/4,63.8,17.66666667
2013/6/5,70.8,21.55555556
2013/6/6,66.6,19.22222222
2013/6/7,61.7,16.5
2013/6/8,64.5,18.05555556
2013/6/9,74.2,23.44444444
2013/6/10,70.1,21.16666667
2013/6/11,72.7,22.61111111
2013/6/12,80,26.66666667
2013/6/13,70.9,21.61111111
2013/6/14,69.3,20.72222222
2013/6/15,69.6,20.88888889
2013/6/16,73.4,23
2013/6/17,74,23.33333333
2013/6/18,73.2,22.88888889
2013/6/19,68.4,20.22222222
2013/6/20,72.3,22.38888889
2013/6/21,76.2,24.55555556
2013/6/22,79.5,26.38888889
2013/6/23,79.6,26.44444444
2013/6/24,78.8,26
2013/6/25,81.6,27.55555556
2013/6/26,74.5,23.61111111
2013/6/27,73.3,22.94444444
2013/6/28,75.4,24.11111111
2013/6/29,69,20.55555556
2013/6/30,70.6,21.44444444
2013/7/1,72.4,22.44444444
2013/7/2,74.4,23.55555556
2013/7/3,77.2,25.11111111
2013/7/4,73.4,23
2013/7/5,71.2,21.77777778
2013/7/6,75.4,24.11111111
2013/7/7,72.6,22.55555556
2013/7/8,71,21.66666667
2013/7/9,77.3,25.16666667
2013/7/10,75.5,24.16666667
2013/7/11,71.6,22
2013/7/12,70.6,21.44444444
2013/7/13,75.6,24.22222222
2013/7/14,81,27.22222222
2013/7/15,83.2,28.44444444
2013/7/16,83.7,28.72222222
2013/7/17,85,29.44444444
2013/7/18,84.4,29.11111111
2013/7/19,82.6,28.11111111
2013/7/20,74.9,23.83333333
2013/7/21,76.9,24.94444444
2013/7/22,72.7,22.61111111
2013/7/23,74.8,23.77777778
2013/7/24,69.5,20.83333333
2013/7/25,68,20
2013/7/26,71.1,21.72222222
2013/7/27,68.8,20.44444444
2013/7/28,65.6,18.66666667
2013/7/29,67.6,19.77777778
2013/7/30,70.3,21.27777778
2013/7/31,71,21.66666667
2013/8/1,71.8,22.11111111
2013/8/2,71.5,21.94444444
2013/8/3,71.4,21.88888889
2013/8/4,68.9,20.5
2013/8/5,67.3,19.61111111
2013/8/6,73.9,23.27777778
2013/8/7,76.2,24.55555556
2013/8/8,74.7,23.72222222
2013/8/9,72.4,22.44444444
2013/8/10,75.4,24.11111111
2013/8/11,75,23.88888889
2013/8/12,75,23.88888889
2013/8/13,70.9,21.61111111
2013/8/14,61.7,16.5
2013/8/15,64.6,18.11111111
2013/8/16,68.6,20.33333333
2013/8/17,71.7,22.05555556
2013/8/18,70.4,21.33333333
2013/8/19,72.6,22.55555556
2013/8/20,74.9,23.83333333
2013/8/21,74.4,23.55555556
2013/8/22,73.9,23.27777778
2013/8/23,74.6,23.66666667
2013/8/24,73.7,23.16666667
2013/8/25,74.6,23.66666667
2013/8/26,77.5,25.27777778
2013/8/27,79.5,26.38888889
2013/8/28,81.3,27.38888889
2013/8/29,76.7,24.83333333
2013/8/30,78.5,25.83333333
2013/8/31,76.3,24.61111111
2013/9/1,77.8,25.44444444
2013/9/2,76.7,24.83333333
2013/9/3,64.2,17.88888889
2013/9/4,68.3,20.16666667
2013/9/5,69.1,20.61111111
2013/9/6,64.6,18.11111111
2013/9/7,69.9,21.05555556
2013/9/8,75.4,24.11111111
2013/9/9,77.5,25.27777778
2013/9/10,84,28.88888889
2013/9/11,79.9,26.61111111
2013/9/12,71.8,22.11111111
2013/9/13,59.7,15.38888889
2013/9/14,57.4,14.11111111
2013/9/15,62.3,16.83333333
2013/9/16,63,17.22222222
2013/9/17,61.3,16.27777778
2013/9/18,66,18.88888889
2013/9/19,68.4,20.22222222
2013/9/20,72.9,22.72222222
2013/9/21,67.2,19.55555556
2013/9/22,57.6,14.22222222
2013/9/23,55.3,12.94444444
2013/9/24,56.6,13.66666667
2013/9/25,60.5,15.83333333
2013/9/26,65.4,18.55555556
2013/9/27,64.3,17.94444444
2013/9/28,66.8,19.33333333
2013/9/29,66.1,18.94444444
2013/9/30,66.2,19
2013/10/1,68.4,20.22222222
2013/10/2,69.2,20.66666667
2013/10/3,71.7,22.05555556
2013/10/4,71.6,22
2013/10/5,73,22.77777778
2013/10/6,67.8,19.88888889
2013/10/7,54.3,12.38888889
2013/10/8,55.4,13
2013/10/9,58.2,14.55555556
2013/10/10,59.8,15.44444444
2013/10/11,63.5,17.5
2013/10/12,64.8,18.22222222
2013/10/13,63.8,17.66666667
2013/10/14,60,15.55555556
2013/10/15,61,16.11111111
2013/10/16,64.3,17.94444444
2013/10/17,51.3,10.72222222
2013/10/18,53,11.66666667
2013/10/19,47.3,8.5
2013/10/20,49.1,9.5
2013/10/21,55.4,13
2013/10/22,45,7.222222222
2013/10/23,40,4.444444444
2013/10/24,39.6,4.222222222
2013/10/25,39.7,4.277777778
2013/10/26,41.2,5.111111111
2013/10/27,43.3,6.277777778
2013/10/28,46,7.777777778
2013/10/29,49.2,9.555555556
2013/10/30,58.6,14.77777778
2013/10/31,63.1,17.27777778
2013/11/1,56.9,13.83333333
2013/11/2,49.2,9.555555556
2013/11/3,45.4,7.444444444
2013/11/4,46,7.777777778
2013/11/5,54.7,12.61111111
2013/11/6,58.8,14.88888889
2013/11/7,45.4,7.444444444
2013/11/8,39.8,4.333333333
2013/11/9,48.6,9.222222222
2013/11/10,44.2,6.777777778
2013/11/11,41.6,5.333333333
2013/11/12,30.9,-0.611111111
2013/11/13,31,-0.555555556
2013/11/14,39,3.888888889
2013/11/15,46.3,7.944444444
2013/11/16,53.8,12.11111111
2013/11/17,60,15.55555556
2013/11/18,46.4,8
2013/11/19,37.4,3
2013/11/20,38.7,3.722222222
2013/11/21,49,9.444444444
2013/11/22,48.8,9.333333333
2013/11/23,31.6,-0.222222222
2013/11/24,21.5,-5.833333333
2013/11/25,28.8,-1.777777778
2013/11/26,32.7,0.388888889
2013/11/27,28.5,-1.944444444
2013/11/28,26.6,-3
2013/11/29,30.5,-0.833333333
2013/11/30,34.8,1.555555556
2013/12/1,39.2,4
2013/12/2,40.3,4.611111111
2013/12/3,44.1,6.722222222
2013/12/4,55.4,13
2013/12/5,53.4,11.88888889
2013/12/6,31.2,-0.444444444
2013/12/7,24.7,-4.055555556
2013/12/8,26.6,-3
2013/12/9,32.3,0.166666667
2013/12/10,22,-5.555555556
2013/12/11,22.4,-5.333333333
2013/12/12,16.6,-8.555555556
2013/12/13,25.8,-3.444444444
2013/12/14,34.6,1.444444444
2013/12/15,27.2,-2.666666667
2013/12/16,24.2,-4.333333333
2013/12/17,29.2,-1.555555556
2013/12/18,28.1,-2.166666667
2013/12/19,40.6,4.777777778
2013/12/20,52.9,11.61111111
2013/12/21,60.5,15.83333333
2013/12/22,58.3,14.61111111
2013/12/23,35.8,2.111111111
2013/12/24,20.9,-6.166666667
2013/12/25,24.8,-4
2013/12/26,34.1,1.166666667
2013/12/27,37.6,3.111111111
2013/12/28,41.6,5.333333333
2013/12/29,40.4,4.666666667
2013/12/30,28.8,-1.777777778
2013/12/31,25.7,-3.5
2014/1/1,31.9,-0.055555556
2014/1/2,23.4,-4.777777778
2014/1/3,8.9,-12.83333333
2014/1/4,22.8,-5.111111111
2014/1/5,38.2,3.444444444
2014/1/6,8.5,-13.05555556
2014/1/7,0.7,-17.38888889
2014/1/8,18.4,-7.555555556
2014/1/9,29.2,-1.555555556
2014/1/10,38.2,3.444444444
2014/1/11,47.5,8.611111111
2014/1/12,36.5,2.5
2014/1/13,45.7,7.611111111
2014/1/14,40.8,4.888888889
2014/1/15,29,-1.666666667
2014/1/16,26.7,-2.944444444
2014/1/17,29.3,-1.5
2014/1/18,18.8,-7.333333333
2014/1/19,26.1,-3.277777778
2014/1/20,33.8,1
2014/1/21,19.4,-7
2014/1/22,8.2,-13.22222222
2014/1/23,9.4,-12.55555556
2014/1/24,6.2,-14.33333333
2014/1/25,22.3,-5.388888889
2014/1/26,17,-8.333333333
2014/1/27,15.9,-8.944444444
2014/1/28,-2.3,-19.05555556
2014/1/29,5.5,-14.72222222
2014/1/30,19.7,-6.833333333
2014/1/31,32.7,0.388888889
2014/2/1,39.7,4.277777778
2014/2/2,34.8,1.555555556
2014/2/3,26.8,-2.888888889
2014/2/4,26.3,-3.166666667
2014/2/5,28,-2.222222222
2014/2/6,18.3,-7.611111111
2014/2/7,6.8,-14
2014/2/8,14.9,-9.5
2014/2/9,24.1,-4.388888889
2014/2/10,13.8,-10.11111111
2014/2/11,8.3,-13.16666667
2014/2/12,15,-9.444444444
2014/2/13,27,-2.777777778
2014/2/14,28,-2.222222222
2014/2/15,21.4,-5.888888889
2014/2/16,22.6,-5.222222222
2014/2/17,24.5,-4.166666667
2014/2/18,39.6,4.222222222
2014/2/19,41,5
2014/2/20,45.7,7.611111111
2014/2/21,44.2,6.777777778
2014/2/22,43.2,6.222222222
2014/2/23,36,2.222222222
2014/2/24,27.6,-2.444444444
2014/2/25,25.7,-3.5
2014/2/26,19.6,-6.888888889
2014/2/27,18.8,-7.333333333
2014/2/28,18.8,-7.333333333
2014/3/1,37.3,2.944444444
2014/3/2,25.1,-3.833333333
2014/3/3,14.8,-9.555555556
2014/3/4,19.9,-6.722222222
2014/3/5,25.5,-3.611111111
2014/3/6,31.3,-0.388888889
2014/3/7,41.4,5.222222222
2014/3/8,38.9,3.833333333
2014/3/9,36.2,2.333333333
2014/3/10,46.6,8.111111111
2014/3/11,57.4,14.11111111
2014/3/12,38.1,3.388888889
2014/3/13,23.8,-4.555555556
2014/3/14,47.3,8.5
2014/3/15,45.3,7.388888889
2014/3/16,29,-1.666666667
2014/3/17,31.7,-0.166666667
2014/3/18,44.6,7
2014/3/19,48,8.888888889
2014/3/20,39.6,4.222222222
2014/3/21,49.5,9.722222222
2014/3/22,46.6,8.111111111
2014/3/23,32.4,0.222222222
2014/3/24,29.3,-1.5
2014/3/25,30.5,-0.833333333
2014/3/26,27,-2.777777778
2014/3/27,42.5,5.833333333
2014/3/28,53.9,12.16666667
2014/3/29,36.6,2.555555556
2014/3/30,38.5,3.611111111
2014/3/31,47.7,8.722222222
2014/4/1,61.9,16.61111111
2014/4/2,50.1,10.05555556
2014/4/3,50.4,10.22222222
2014/4/4,55.4,13
2014/4/5,41.7,5.388888889
2014/4/6,46.5,8.055555556
2014/4/7,53.1,11.72222222
2014/4/8,51.4,10.77777778
2014/4/9,52,11.11111111
2014/4/10,59.4,15.22222222
2014/4/11,60.4,15.77777778
2014/4/12,61.9,16.61111111
2014/4/13,72.5,22.5
2014/4/14,63.5,17.5
2014/4/15,36.4,2.444444444
2014/4/16,38.2,3.444444444
2014/4/17,53.7,12.05555556
2014/4/18,57.5,14.16666667
2014/4/19,56.8,13.77777778
2014/4/20,61.3,16.27777778
2014/4/21,65.9,18.83333333
2014/4/22,62.9,17.16666667
2014/4/23,48.8,9.333333333
2014/4/24,53.4,11.88888889
2014/4/25,55.4,13
2014/4/26,58.8,14.88888889
2014/4/27,54.9,12.72222222
2014/4/28,54.6,12.55555556
2014/4/29,64.2,17.88888889
2014/4/30,58.2,14.55555556
2014/5/1,54.1,12.27777778
2014/5/2,53.2,11.77777778
2014/5/3,58.3,14.61111111
2014/5/4,60.2,15.66666667
2014/5/5,51.2,10.66666667
2014/5/6,60.1,15.61111111
2014/5/7,71.3,21.83333333
2014/5/8,77.1,25.05555556
2014/5/9,72.3,22.38888889
2014/5/10,63.2,17.33333333
2014/5/11,65.2,18.44444444
2014/5/12,72,22.22222222
2014/5/13,78.9,26.05555556
2014/5/14,70.2,21.22222222
2014/5/15,60.2,15.66666667
2014/5/16,49.8,9.888888889
2014/5/17,49.9,9.944444444
2014/5/18,53.8,12.11111111
2014/5/19,59.3,15.16666667
2014/5/20,68.5,20.27777778
2014/5/21,70.2,21.22222222
2014/5/22,69.4,20.77777778
2014/5/23,63.4,17.44444444
2014/5/24,65.7,18.72222222
2014/5/25,70.6,21.44444444
2014/5/26,74.9,23.83333333
2014/5/27,79.7,26.5
2014/5/28,76.3,24.61111111
2014/5/29,72.7,22.61111111
2014/5/30,71.4,21.88888889
2014/5/31,74.6,23.66666667
2014/6/1,76.7,24.83333333
2014/6/2,76.2,24.55555556
2014/6/3,76.7,24.83333333
2014/6/4,68.6,20.33333333
2014/6/5,66.1,18.94444444
2014/6/6,68.5,20.27777778
2014/6/7,72.2,22.33333333
2014/6/8,68.3,20.16666667
2014/6/9,68,20
2014/6/10,68.1,20.05555556
2014/6/11,72,22.22222222
2014/6/12,71.8,22.11111111
2014/6/13,70.2,21.22222222
2014/6/14,66.1,18.94444444
2014/6/15,73.1,22.83333333
2014/6/16,78.9,26.05555556
2014/6/17,82.8,28.22222222
2014/6/18,80.3,26.83333333
2014/6/19,74.7,23.72222222
2014/6/20,75.8,24.33333333
2014/6/21,73,22.77777778
2014/6/22,74.6,23.66666667
2014/6/23,80.1,26.72222222
2014/6/24,75.8,24.33333333
2014/6/25,74.6,23.66666667
2014/6/26,76.4,24.66666667
2014/6/27,78.6,25.88888889
2014/6/28,77,25
2014/6/29,79.5,26.38888889
2014/6/30,79.3,26.27777778
2014/7/1,81,27.22222222
2014/7/2,75.7,24.27777778
2014/7/3,70,21.11111111
2014/7/4,68.2,20.11111111
2014/7/5,69.3,20.72222222
2014/7/6,71.8,22.11111111
2014/7/7,75.5,24.16666667
2014/7/8,76.6,24.77777778
2014/7/9,76.2,24.55555556
2014/7/10,74.1,23.38888889
2014/7/11,75.6,24.22222222
2014/7/12,78.6,25.88888889
2014/7/13,79.9,26.61111111
2014/7/14,74.5,23.61111111
2014/7/15,70.1,21.16666667
2014/7/16,64.9,18.27777778
2014/7/17,67,19.44444444
2014/7/18,69.2,20.66666667
2014/7/19,67.3,19.61111111
2014/7/20,72.9,22.72222222
2014/7/21,79.1,26.16666667
2014/7/22,81.8,27.66666667
2014/7/23,74.8,23.77777778
2014/7/24,68,20
2014/7/25,69.4,20.77777778
2014/7/26,76.3,24.61111111
2014/7/27,74.3,23.5
2014/7/28,68.7,20.38888889
2014/7/29,65.8,18.77777778
2014/7/30,67.4,19.66666667
2014/7/31,72.3,22.38888889
2014/8/1,75.5,24.16666667
2014/8/2,70.3,21.27777778
2014/8/3,72.7,22.61111111
2014/8/4,76.1,24.5
2014/8/5,75.4,24.11111111
2014/8/6,74.3,23.5
2014/8/7,71.8,22.11111111
2014/8/8,74.2,23.44444444
2014/8/9,75.9,24.38888889
2014/8/10,78.7,25.94444444
2014/8/11,75.5,24.16666667
2014/8/12,72.3,22.38888889
2014/8/13,74.7,23.72222222
2014/8/14,69.3,20.72222222
2014/8/15,65.4,18.55555556
2014/8/16,67.4,19.66666667
2014/8/17,76.2,24.55555556
2014/8/18,77.2,25.11111111
2014/8/19,79.5,26.38888889
2014/8/20,79.5,26.38888889
2014/8/21,73.5,23.05555556
2014/8/22,75.3,24.05555556
2014/8/23,77,25
2014/8/24,76.4,24.66666667
2014/8/25,78.5,25.83333333
2014/8/26,79.7,26.5
2014/8/27,79.9,26.61111111
2014/8/28,71.9,22.16666667
2014/8/29,73.9,23.27777778
2014/8/30,81.6,27.55555556
2014/8/31,74.7,23.72222222
2014/9/1,77.7,25.38888889
2014/9/2,75,23.88888889
2014/9/3,72.7,22.61111111
2014/9/4,77.5,25.27777778
2014/9/5,81.4,27.44444444
2014/9/6,73,22.77777778
2014/9/7,67.4,19.66666667
2014/9/8,68.3,20.16666667
2014/9/9,73.4,23
2014/9/10,77.4,25.22222222
2014/9/11,69.2,20.66666667
2014/9/12,62.2,16.77777778
2014/9/13,60.6,15.88888889
2014/9/14,58.1,14.5
2014/9/15,61.8,16.55555556
2014/9/16,59.3,15.16666667
2014/9/17,59.9,15.5
2014/9/18,62.3,16.83333333
2014/9/19,64.7,18.16666667
2014/9/20,72.8,22.66666667
2014/9/21,71.8,22.11111111
2014/9/22,56.9,13.83333333
2014/9/23,58.7,14.83333333
2014/9/24,63.8,17.66666667
2014/9/25,65.1,18.38888889
2014/9/26,66.8,19.33333333
2014/9/27,67.9,19.94444444
2014/9/28,67.3,19.61111111
2014/9/29,69,20.55555556
2014/9/30,57.7,14.27777778
2014/10/1,57.6,14.22222222
2014/10/2,67.8,19.88888889
2014/10/3,64.8,18.22222222
2014/10/4,45.2,7.333333333
2014/10/5,50.3,10.16666667
2014/10/6,53,11.66666667
2014/10/7,54.1,12.27777778
2014/10/8,56,13.33333333
2014/10/9,49.9,9.944444444
2014/10/10,53.2,11.77777778
2014/10/11,52,11.11111111
2014/10/12,55.2,12.88888889
2014/10/13,66.4,19.11111111
2014/10/14,64.8,18.22222222
2014/10/15,58.7,14.83333333
2014/10/16,56.3,13.5
2014/10/17,58.8,14.88888889
2014/10/18,50.1,10.05555556
2014/10/19,47.2,8.444444444
2014/10/20,51.4,10.77777778
2014/10/21,48.8,9.333333333
2014/10/22,47.3,8.5
2014/10/23,46.2,7.888888889
2014/10/24,50.1,10.05555556
2014/10/25,57.8,14.33333333
2014/10/26,52,11.11111111
2014/10/27,59.7,15.38888889
2014/10/28,63.9,17.72222222
2014/10/29,50.3,10.16666667
2014/10/30,46,7.777777778
2014/10/31,42.7,5.944444444
2014/11/1,38.8,3.777777778
2014/11/2,37,2.777777778
2014/11/3,46,7.777777778
2014/11/4,55.9,13.27777778
2014/11/5,50.1,10.05555556
2014/11/6,47.9,8.833333333
2014/11/7,39.8,4.333333333
2014/11/8,41.4,5.222222222
2014/11/9,45.5,7.5
2014/11/10,52.1,11.16666667
2014/11/11,55.7,13.16666667
2014/11/12,37.1,2.833333333
2014/11/13,30.1,-1.055555556
2014/11/14,27.7,-2.388888889
2014/11/15,28.7,-1.833333333
2014/11/16,33,0.555555556
2014/11/17,27.4,-2.555555556
2014/11/18,16.4,-8.666666667
2014/11/19,24.1,-4.388888889
2014/11/20,25.5,-3.611111111
2014/11/21,21.9,-5.611111111
2014/11/22,35.7,2.055555556
2014/11/23,53.1,11.72222222
2014/11/24,54.5,12.5
2014/11/25,35.9,2.166666667
2014/11/26,32.4,0.222222222
2014/11/27,31,-0.555555556
2014/11/28,27.8,-2.333333333
2014/11/29,42.4,5.777777778
2014/11/30,58.5,14.72222222
2014/12/1,42,5.555555556
2014/12/2,31.2,-0.444444444
2014/12/3,35.8,2.111111111
2014/12/4,31.6,-0.222222222
2014/12/5,39.5,4.166666667
2014/12/6,40.6,4.777777778
2014/12/7,33.9,1.055555556
2014/12/8,39.3,4.055555556
2014/12/9,38.8,3.777777778
2014/12/10,32.4,0.222222222
2014/12/11,28.7,-1.833333333
2014/12/12,30.6,-0.777777778
2014/12/13,36.6,2.555555556
2014/12/14,44,6.666666667
2014/12/15,45.2,7.333333333
2014/12/16,45.3,7.388888889
2014/12/17,31.5,-0.277777778
2014/12/18,27.5,-2.5
2014/12/19,29,-1.666666667
2014/12/20,29.8,-1.222222222
2014/12/21,30.9,-0.611111111
2014/12/22,37.1,2.833333333
2014/12/23,49.9,9.944444444
2014/12/24,53.1,11.72222222
2014/12/25,38,3.333333333
2014/12/26,38.4,3.555555556
2014/12/27,45.5,7.5
2014/12/28,37.6,3.111111111
2014/12/29,28.8,-1.777777778
2014/12/30,25.6,-3.555555556
2014/12/31,20.7,-6.277777778
2015/1/1,27,-2.777777778
2015/1/2,31,-0.555555556
2015/1/3,42.5,5.833333333
2015/1/4,46,7.777777778
2015/1/5,15.7,-9.055555556
2015/1/6,16.2,-8.777777778
2015/1/7,9.6,-12.44444444
2015/1/8,5.1,-14.94444444
2015/1/9,15.3,-9.277777778
2015/1/10,7.8,-13.44444444
2015/1/11,28.1,-2.166666667
2015/1/12,32.6,0.333333333
2015/1/13,19.9,-6.722222222
2015/1/14,16.6,-8.555555556
2015/1/15,25,-3.888888889
2015/1/16,29.3,-1.5
2015/1/17,36.1,2.277777778
2015/1/18,37.9,3.277777778
2015/1/19,34.8,1.555555556
2015/1/20,37.2,2.888888889
2015/1/21,36.9,2.722222222
2015/1/22,32.4,0.222222222
2015/1/23,31.2,-0.444444444
2015/1/24,31.4,-0.333333333
2015/1/25,33.8,1
2015/1/26,20.7,-6.277777778
2015/1/27,14.6,-9.666666667
2015/1/28,17.5,-8.055555556
2015/1/29,33,0.555555556
2015/1/30,25.4,-3.666666667
2015/1/31,23.7,-4.611111111
2015/2/1,33.4,0.777777778
2015/2/2,24.9,-3.944444444
2015/2/3,22.4,-5.333333333
2015/2/4,32.8,0.444444444
2015/2/5,16.4,-8.666666667
2015/2/6,20,-6.666666667
2015/2/7,38.1,3.388888889
2015/2/8,47.7,8.722222222
2015/2/9,29,-1.666666667
2015/2/10,23.7,-4.611111111
2015/2/11,30,-1.111111111
2015/2/12,23.4,-4.777777778
2015/2/13,15.1,-9.388888889
2015/2/14,22.4,-5.333333333
2015/2/15,3.2,-16
2015/2/16,6.1,-14.38888889
2015/2/17,9.5,-12.5
2015/2/18,14.2,-9.888888889
2015/2/19,2.9,-16.16666667
2015/2/20,4,-15.55555556
2015/2/21,23,-5
2015/2/22,22.6,-5.222222222
2015/2/23,8.3,-13.16666667
2015/2/24,8.4,-13.11111111
2015/2/25,24.8,-4
2015/2/26,16.3,-8.722222222
2015/2/27,10.7,-11.83333333
2015/2/28,15,-9.444444444
2015/3/1,28.2,-2.111111111
2015/3/2,24.4,-4.222222222
2015/3/3,33.6,0.888888889
2015/3/4,32.8,0.444444444
2015/3/5,18,-7.777777778
2015/3/6,14,-10
2015/3/7,29.3,-1.5
2015/3/8,37.3,2.944444444
2015/3/9,39.7,4.277777778
2015/3/10,43.4,6.333333333
2015/3/11,41.5,5.277777778
2015/3/12,36.9,2.722222222
2015/3/13,47.7,8.722222222
2015/3/14,49.5,9.722222222
2015/3/15,43.2,6.222222222
2015/3/16,55.2,12.88888889
2015/3/17,47.6,8.666666667
2015/3/18,36.8,2.666666667
2015/3/19,43.3,6.277777778
2015/3/20,41.5,5.277777778
2015/3/21,48.3,9.055555556
2015/3/22,37.7,3.166666667
2015/3/23,29.9,-1.166666667
2015/3/24,35.5,1.944444444
2015/3/25,52.2,11.22222222
2015/3/26,42.9,6.055555556
2015/3/27,30.2,-1
2015/3/28,24,-4.444444444
2015/3/29,35.2,1.777777778
2015/3/30,47.1,8.388888889
2015/3/31,48.6,9.222222222
2015/4/1,46.3,7.944444444
2015/4/2,55.2,12.88888889
2015/4/3,53.6,12
2015/4/4,41.1,5.055555556
2015/4/5,49.5,9.722222222
2015/4/6,52.4,11.33333333
2015/4/7,58.5,14.72222222
2015/4/8,59.2,15.11111111
2015/4/9,64,17.77777778
2015/4/10,58.7,14.83333333
2015/4/11,49.5,9.722222222
2015/4/12,55.3,12.94444444
2015/4/13,65.5,18.61111111
2015/4/14,56.8,13.77777778
2015/4/15,57.2,14
2015/4/16,57.5,14.16666667
2015/4/17,62.8,17.11111111
2015/4/18,64.1,17.83333333
2015/4/19,61.5,16.38888889
2015/4/20,58.9,14.94444444
2015/4/21,52,11.11111111
2015/4/22,43.2,6.222222222
2015/4/23,42.7,5.944444444
2015/4/24,45.5,7.5
2015/4/25,45.7,7.611111111
2015/4/26,48.4,9.111111111
2015/4/27,45.1,7.277777778
2015/4/28,49.3,9.611111111
2015/4/29,54.5,12.5
2015/4/30,51.2,10.66666667
2015/5/1,56.6,13.66666667
2015/5/2,60.4,15.77777778
2015/5/3,64.3,17.94444444
2015/5/4,65.6,18.66666667
2015/5/5,69,20.55555556
2015/5/6,71.2,21.77777778
2015/5/7,75.3,24.05555556
2015/5/8,75.6,24.22222222
2015/5/9,74.7,23.72222222
2015/5/10,74.1,23.38888889
2015/5/11,72.2,22.33333333
2015/5/12,61.4,16.33333333
2015/5/13,53.9,12.16666667
2015/5/14,54.5,12.5
2015/5/15,69.3,20.72222222
2015/5/16,71.3,21.83333333
2015/5/17,71.3,21.83333333
2015/5/18,72.6,22.55555556
2015/5/19,61.8,16.55555556
2015/5/20,52.1,11.16666667
2015/5/21,51.8,11
2015/5/22,57.7,14.27777778
2015/5/23,63.1,17.27777778
2015/5/24,70,21.11111111
2015/5/25,74.2,23.44444444
2015/5/26,71.6,22
2015/5/27,71,21.66666667
2015/5/28,73,22.77777778
2015/5/29,75.5,24.16666667
2015/5/30,73.9,23.27777778
2015/5/31,64,17.77777778
2015/6/1,52.4,11.33333333
2015/6/2,57.3,14.05555556
2015/6/3,65.3,18.5
2015/6/4,70.3,21.27777778
2015/6/5,73.6,23.11111111
2015/6/6,68.2,20.11111111
2015/6/7,72.5,22.5
2015/6/8,71.7,22.05555556
2015/6/9,66.5,19.16666667
2015/6/10,76,24.44444444
2015/6/11,80.8,27.11111111
2015/6/12,77.5,25.27777778
2015/6/13,75,23.88888889
2015/6/14,79,26.11111111
2015/6/15,76.4,24.66666667
2015/6/16,75.2,24
2015/6/17,65.7,18.72222222
2015/6/18,74.7,23.72222222
2015/6/19,71.3,21.83333333
2015/6/20,69.9,21.05555556
2015/6/21,76.8,24.88888889
2015/6/22,75.8,24.33333333
2015/6/23,79.2,26.22222222
2015/6/24,72.7,22.61111111
2015/6/25,68.9,20.5
2015/6/26,70.1,21.16666667
2015/6/27,66.1,18.94444444
2015/6/28,64.3,17.94444444
2015/6/29,63.6,17.55555556
2015/6/30,65.9,18.83333333
2015/7/1,65.5,18.61111111
2015/7/2,67.2,19.55555556
2015/7/3,68,20
2015/7/4,69.3,20.72222222
2015/7/5,70.7,21.5
2015/7/6,74.2,23.44444444
2015/7/7,74.5,23.61111111
2015/7/8,66.8,19.33333333
2015/7/9,72.1,22.27777778
2015/7/10,69.1,20.61111111
2015/7/11,71.3,21.83333333
2015/7/12,71.4,21.88888889
2015/7/13,68.7,20.38888889
2015/7/14,70.2,21.22222222
2015/7/15,68.1,20.05555556
2015/7/16,68,20
2015/7/17,75.5,24.16666667
2015/7/18,79.5,26.38888889
2015/7/19,75.8,24.33333333
2015/7/20,74.9,23.83333333
2015/7/21,77.3,25.16666667
2015/7/22,70.1,21.16666667
2015/7/23,72.3,22.38888889
2015/7/24,73.8,23.22222222
2015/7/25,76.8,24.88888889
2015/7/26,76.1,24.5
2015/7/27,77.7,25.38888889
2015/7/28,80,26.66666667
2015/7/29,79.3,26.27777778
2015/7/30,77,25
2015/7/31,75.8,24.33333333
2015/8/1,74.1,23.38888889
2015/8/2,76.3,24.61111111
2015/8/3,73.7,23.16666667
2015/8/4,73,22.77777778
2015/8/5,72.3,22.38888889
2015/8/6,65.3,18.5
2015/8/7,71.5,21.94444444
2015/8/8,74.4,23.55555556
2015/8/9,76.1,24.5
2015/8/10,73.9,23.27777778
2015/8/11,72.7,22.61111111
2015/8/12,69.3,20.72222222
2015/8/13,69.1,20.61111111
2015/8/14,73.3,22.94444444
2015/8/15,75.4,24.11111111
2015/8/16,77,25
2015/8/17,75,23.88888889
2015/8/18,74.8,23.77777778
2015/8/19,75.3,24.05555556
2015/8/20,70.9,21.61111111
2015/8/21,67.5,19.72222222
2015/8/22,69.8,21
2015/8/23,72.8,22.66666667
2015/8/24,68.3,20.16666667
2015/8/25,62.9,17.16666667
2015/8/26,62.9,17.16666667
2015/8/27,67.2,19.55555556
2015/8/28,67.4,19.66666667
2015/8/29,71.9,22.16666667
2015/8/30,74.8,23.77777778
2015/8/31,76,24.44444444
2015/9/1,77.4,25.22222222
2015/9/2,74.7,23.72222222
2015/9/3,76.1,24.5
2015/9/4,72.7,22.61111111
2015/9/5,75.7,24.27777778
2015/9/6,78,25.55555556
2015/9/7,78.6,25.88888889
2015/9/8,78.3,25.72222222
2015/9/9,75,23.88888889
2015/9/10,71.4,21.88888889
2015/9/11,65.1,18.38888889
2015/9/12,59.2,15.11111111
2015/9/13,57.9,14.38888889
2015/9/14,61,16.11111111
2015/9/15,65.1,18.38888889
2015/9/16,67.9,19.94444444
2015/9/17,69.3,20.72222222
2015/9/18,70.7,21.5
2015/9/19,69.3,20.72222222
2015/9/20,61.1,16.16666667
2015/9/21,63.5,17.5
2015/9/22,65.3,18.5
2015/9/23,66.6,19.22222222
2015/9/24,68.7,20.38888889
2015/9/25,68.1,20.05555556
2015/9/26,67.3,19.61111111
2015/9/27,68.3,20.16666667
2015/9/28,72.2,22.33333333
2015/9/29,68.9,20.5
2015/9/30,60.8,16
2015/10/1,54.3,12.38888889
2015/10/2,51.2,10.66666667
2015/10/3,48.1,8.944444444
2015/10/4,60.4,15.77777778
2015/10/5,63.5,17.5
2015/10/6,64.8,18.22222222
2015/10/7,64,17.77777778
2015/10/8,65.5,18.61111111
2015/10/9,64.4,18
2015/10/10,54.8,12.66666667
2015/10/11,56.3,13.5
2015/10/12,62,16.66666667
2015/10/13,59,15
2015/10/14,52.9,11.61111111
2015/10/15,53.5,11.94444444
2015/10/16,51.1,10.61111111
2015/10/17,40.6,4.777777778
2015/10/18,40.8,4.888888889
2015/10/19,48.8,9.333333333
2015/10/20,57.3,14.05555556
2015/10/21,58.7,14.83333333
2015/10/22,63.5,17.5
2015/10/23,59.9,15.5
2015/10/24,62.7,17.05555556
2015/10/25,53.4,11.88888889
2015/10/26,50.1,10.05555556
2015/10/27,50.2,10.11111111
2015/10/28,56.9,13.83333333
2015/10/29,47.5,8.611111111
2015/10/30,45.7,7.611111111
2015/10/31,49.3,9.611111111
2015/11/1,56.1,13.38888889
2015/11/2,53.5,11.94444444
2015/11/3,58,14.44444444
2015/11/4,62.7,17.05555556
2015/11/5,66.7,19.27777778
2015/11/6,63.5,17.5
2015/11/7,47.5,8.611111111
2015/11/8,41.6,5.333333333
2015/11/9,46.2,7.888888889
2015/11/10,46.4,8
2015/11/11,43.7,6.5
2015/11/12,50.6,10.33333333
2015/11/13,44.4,6.888888889
2015/11/14,41.3,5.166666667
2015/11/15,48.1,8.944444444
2015/11/16,47.4,8.555555556
2015/11/17,55.5,13.05555556
2015/11/18,62.2,16.77777778
2015/11/19,52.8,11.55555556
2015/11/20,40.5,4.722222222
2015/11/21,41.6,5.333333333
2015/11/22,31.2,-0.444444444
2015/11/23,30.7,-0.722222222
2015/11/24,36.6,2.555555556
2015/11/25,45.5,7.5
2015/11/26,54.4,12.44444444
2015/11/27,57,13.88888889
2015/11/28,45.6,7.555555556
2015/11/29,39.9,4.388888889
2015/11/30,39.6,4.222222222
2015/12/1,50.1,10.05555556
2015/12/2,41.2,5.111111111
2015/12/3,36,2.222222222
2015/12/4,31.7,-0.166666667
2015/12/5,31.3,-0.388888889
2015/12/6,30.7,-0.722222222
2015/12/7,39.2,4
2015/12/8,42.6,5.888888889
2015/12/9,45.6,7.555555556
2015/12/10,44.4,6.888888889
2015/12/11,53.4,11.88888889
2015/12/12,63.3,17.38888889
2015/12/13,60.4,15.77777778
2015/12/14,56.9,13.83333333
2015/12/15,44.1,6.722222222
2015/12/16,49.5,9.722222222
2015/12/17,41.7,5.388888889
2015/12/18,30.8,-0.666666667
2015/12/19,29,-1.666666667
2015/12/20,33.6,0.888888889
2015/12/21,46.7,8.166666667
2015/12/22,54.2,12.33333333
2015/12/23,56.7,13.72222222
2015/12/24,52,11.11111111
2015/12/25,48.6,9.222222222
2015/12/26,50.3,10.16666667
2015/12/27,51,10.55555556
2015/12/28,38.6,3.666666667
2015/12/29,47.9,8.833333333
2015/12/30,39.4,4.111111111
2015/12/31,31.8,-0.111111111
2016/1/1,30,-1.111111111
2016/1/2,30.9,-0.611111111
2016/1/3,30.9,-0.611111111
2016/1/4,26.9,-2.833333333
2016/1/5,20.6,-6.333333333
2016/1/6,27.3,-2.611111111
2016/1/7,30.9,-0.611111111
2016/1/8,40.2,4.555555556
2016/1/9,47.3,8.5
2016/1/10,35.4,1.888888889
2016/1/11,15.3,-9.277777778
2016/1/12,24,-4.444444444
2016/1/13,12.1,-11.05555556
2016/1/14,33.9,1.055555556
2016/1/15,42.3,5.722222222
2016/1/16,33.1,0.611111111
2016/1/17,23.1,-4.944444444
2016/1/18,8.3,-13.16666667
2016/1/19,11.9,-11.16666667
2016/1/20,16.1,-8.833333333
2016/1/21,19.8,-6.777777778
2016/1/22,23.2,-4.888888889
2016/1/23,24,-4.444444444
2016/1/24,22.3,-5.388888889
2016/1/25,34.4,1.333333333
2016/1/26,39.5,4.166666667
2016/1/27,27.5,-2.5
2016/1/28,32.7,0.388888889
2016/1/29,30.1,-1.055555556
2016/1/30,42.6,5.888888889
2016/1/31,55.9,13.27777778
2016/2/1,43.5,6.388888889
2016/2/2,43,6.111111111
2016/2/3,53.5,11.94444444
2016/2/4,32,0
2016/2/5,29.5,-1.388888889
2016/2/6,33,0.555555556
2016/2/7,38.3,3.5
2016/2/8,35.3,1.833333333
2016/2/9,25.3,-3.722222222
2016/2/10,16.9,-8.388888889
2016/2/11,17.6,-8
2016/2/12,17.8,-7.888888889
2016/2/13,11.4,-11.44444444
2016/2/14,12.8,-10.66666667
2016/2/15,27.6,-2.444444444
2016/2/16,31.8,-0.111111111
2016/2/17,31.5,-0.277777778
2016/2/18,32.3,0.166666667
2016/2/19,45.8,7.666666667
2016/2/20,55,12.77777778
2016/2/21,46.1,7.833333333
2016/2/22,36.8,2.666666667
2016/2/23,42.3,5.722222222
2016/2/24,46.3,7.944444444
2016/2/25,32.9,0.5
2016/2/26,29.1,-1.611111111
2016/2/27,37.3,2.944444444
2016/2/28,51.6,10.88888889
2016/2/29,44.8,7.111111111
2016/3/1,44.5,6.944444444
2016/3/2,26.6,-3
2016/3/3,30.1,-1.055555556
2016/3/4,32.1,0.055555556
2016/3/5,36,2.222222222
2016/3/6,36.6,2.555555556
2016/3/7,48.9,9.388888889
2016/3/8,59.7,15.38888889
2016/3/9,59.5,15.27777778
2016/3/10,57.9,14.38888889
2016/3/11,48.9,9.388888889
2016/3/12,53.1,11.72222222
2016/3/13,53.5,11.94444444
2016/3/14,59,15
2016/3/15,56.8,13.77777778
2016/3/16,59.2,15.11111111
2016/3/17,51.7,10.94444444
2016/3/18,46.7,8.166666667
2016/3/19,38.1,3.388888889
2016/3/20,35.9,2.166666667
2016/3/21,38,3.333333333
2016/3/22,49.3,9.611111111
2016/3/23,57.1,13.94444444
2016/3/24,59.4,15.22222222
2016/3/25,39.7,4.277777778
2016/3/26,45.8,7.666666667
2016/3/27,59.4,15.22222222
2016/3/28,48.8,9.333333333
2016/3/29,45.3,7.388888889
2016/3/30,54.6,12.55555556
2016/3/31,60.1,15.61111111
2016/4/1,54.4,12.44444444
2016/4/2,41.1,5.055555556
2016/4/3,39.8,4.333333333
2016/4/4,41,5
2016/4/5,32.5,0.277777778
2016/4/6,48.4,9.111111111
2016/4/7,42.4,5.777777778
2016/4/8,36.6,2.555555556
2016/4/9,29.9,-1.166666667
2016/4/10,38.8,3.777777778
2016/4/11,51.7,10.94444444
2016/4/12,41,5
2016/4/13,44.6,7
2016/4/14,51.3,10.72222222
2016/4/15,59.3,15.16666667
2016/4/16,63.1,17.27777778
2016/4/17,64.2,17.88888889
2016/4/18,67.5,19.72222222
2016/4/19,62.2,16.77777778
2016/4/20,62.9,17.16666667
2016/4/21,64.8,18.22222222
2016/4/22,60.4,15.77777778
2016/4/23,50,10
2016/4/24,56.4,13.55555556
2016/4/25,65.9,18.83333333
2016/4/26,67.5,19.72222222
2016/4/27,53.3,11.83333333
2016/4/28,55.3,12.94444444
2016/4/29,52.4,11.33333333
2016/4/30,50.6,10.33333333
2016/5/1,62.7,17.05555556
2016/5/2,56.3,13.5
2016/5/3,52.3,11.27777778
2016/5/4,50.7,10.38888889
2016/5/5,48.4,9.111111111
2016/5/6,57.6,14.22222222
2016/5/7,59.2,15.11111111
2016/5/8,56.5,13.61111111
2016/5/9,51.2,10.66666667
2016/5/10,60.3,15.72222222
2016/5/11,62.7,17.05555556
2016/5/12,67,19.44444444
2016/5/13,59.5,15.27777778
2016/5/14,48.8,9.333333333
2016/5/15,45.5,7.5
2016/5/16,49.8,9.888888889
2016/5/17,54.1,12.27777778
2016/5/18,56.4,13.55555556
2016/5/19,57.8,14.33333333
2016/5/20,60.8,16
2016/5/21,56.1,13.38888889
2016/5/22,58.3,14.61111111
2016/5/23,62.1,16.72222222
2016/5/24,67.2,19.55555556
2016/5/25,69.5,20.83333333
2016/5/26,72.8,22.66666667
2016/5/27,76,24.44444444
2016/5/28,73.1,22.83333333
2016/5/29,73,22.77777778
2016/5/30,73.3,22.94444444
2016/5/31,74.7,23.72222222
2016/6/1,76.2,24.55555556
2016/6/2,75.4,24.11111111
2016/6/3,75.4,24.11111111
2016/6/4,72.2,22.33333333
2016/6/5,70.6,21.44444444
2016/6/6,74.2,23.44444444
2016/6/7,64.6,18.11111111
2016/6/8,62.2,16.77777778
2016/6/9,65.1,18.38888889
2016/6/10,72.6,22.55555556
2016/6/11,81.4,27.44444444
2016/6/12,77.9,25.5
2016/6/13,69,20.55555556
2016/6/14,72.8,22.66666667
2016/6/15,74,23.33333333
2016/6/16,72.7,22.61111111
2016/6/17,72.2,22.33333333
2016/6/18,75.6,24.22222222
2016/6/19,77.1,25.05555556
2016/6/20,80.5,26.94444444
2016/6/21,78.1,25.61111111
2016/6/22,70.7,21.5
2016/6/23,69.5,20.83333333
2016/6/24,73,22.77777778
2016/6/25,74.9,23.83333333
2016/6/26,76.9,24.94444444
2016/6/27,78.6,25.88888889
2016/6/28,73.9,23.27777778
2016/6/29,67.1,19.5
2016/6/30,69.5,20.83333333
2016/7/1,70.7,21.5
2016/7/2,66.6,19.22222222
2016/7/3,66.1,18.94444444
2016/7/4,67.2,19.55555556
2016/7/5,73.1,22.83333333
2016/7/6,75.1,23.94444444
2016/7/7,75.5,24.16666667
2016/7/8,77,25
2016/7/9,74.5,23.61111111
2016/7/10,72.8,22.66666667
2016/7/11,76.9,24.94444444
2016/7/12,77.8,25.44444444
2016/7/13,79.4,26.33333333
2016/7/14,74.2,23.44444444
2016/7/15,75.8,24.33333333
2016/7/16,74.3,23.5
2016/7/17,76.1,24.5
2016/7/18,76.7,24.83333333
2016/7/19,78.3,25.72222222
2016/7/20,77.5,25.27777778
2016/7/21,79.8,26.55555556
2016/7/22,76.2,24.55555556
2016/7/23,80,26.66666667
2016/7/24,81.7,27.61111111
2016/7/25,83.9,28.83333333
2016/7/26,79.9,26.61111111
2016/7/27,80.3,26.83333333
2016/7/28,75.6,24.22222222
2016/7/29,72.8,22.66666667
2016/7/30,75.3,24.05555556
2016/7/31,77,25
2016/8/1,77.8,25.44444444
2016/8/2,78.8,26
2016/8/3,80.7,27.05555556
2016/8/4,79.2,26.22222222
2016/8/5,81.5,27.5
2016/8/6,78.5,25.83333333
2016/8/7,75.8,24.33333333
2016/8/8,76.9,24.94444444
2016/8/9,79.2,26.22222222
2016/8/10,80.5,26.94444444
2016/8/11,84,28.88888889
2016/8/12,85,29.44444444
2016/8/13,80.9,27.16666667
2016/8/14,73.3,22.94444444
2016/8/15,75.2,24
2016/8/16,75.2,24
2016/8/17,73.6,23.11111111
2016/8/18,74,23.33333333
2016/8/19,74.7,23.72222222
2016/8/20,73.9,23.27777778
2016/8/21,71.4,21.88888889
2016/8/22,67.8,19.88888889
2016/8/23,69.5,20.83333333
2016/8/24,73.5,23.05555556
2016/8/25,77.2,25.11111111
2016/8/26,79.1,26.16666667
2016/8/27,76.5,24.72222222
2016/8/28,76.6,24.77777778
2016/8/29,77.4,25.22222222
2016/8/30,75.8,24.33333333
2016/8/31,74.6,23.66666667
2016/9/1,68.7,20.38888889
2016/9/2,66.3,19.05555556
2016/9/3,67.8,19.88888889
2016/9/4,69.8,21
2016/9/5,73,22.77777778
2016/9/6,77.5,25.27777778
2016/9/7,80.6,27
2016/9/8,79.5,26.38888889
2016/9/9,74.1,23.38888889
2016/9/10,74.3,23.5
2016/9/11,65,18.33333333
2016/9/12,67.5,19.72222222
2016/9/13,69.5,20.83333333
2016/9/14,68.4,20.22222222
2016/9/15,66.5,19.16666667
2016/9/16,73.4,23
2016/9/17,74.7,23.72222222
2016/9/18,72.9,22.72222222
2016/9/19,71.2,21.77777778
2016/9/20,72.7,22.61111111
2016/9/21,74.3,23.5
2016/9/22,74,23.33333333
2016/9/23,76.5,24.72222222
2016/9/24,71.8,22.11111111
2016/9/25,68.1,20.05555556
2016/9/26,63.5,17.5
2016/9/27,61.1,16.16666667
2016/9/28,56.8,13.77777778
2016/9/29,60.7,15.94444444
2016/9/30,61.9,16.61111111
2016/10/1,58.7,14.83333333
2016/10/2,61.2,16.22222222
2016/10/3,60.8,16
2016/10/4,66,18.88888889
2016/10/5,68.6,20.33333333
2016/10/6,67.7,19.83333333
2016/10/7,67.6,19.77777778
2016/10/8,60.3,15.72222222
2016/10/9,52.9,11.61111111
2016/10/10,53,11.66666667
2016/10/11,56.1,13.38888889
2016/10/12,63,17.22222222
2016/10/13,56.9,13.83333333
2016/10/14,52.2,11.22222222
2016/10/15,60.5,15.83333333
2016/10/16,68.8,20.44444444
2016/10/17,72.4,22.44444444
2016/10/18,74.5,23.61111111
2016/10/19,67.7,19.83333333
2016/10/20,61.8,16.55555556
2016/10/21,51.1,10.61111111
2016/10/22,46.6,8.111111111
2016/10/23,56.2,13.44444444
2016/10/24,52.9,11.61111111
2016/10/25,46,7.777777778
2016/10/26,47.8,8.777777778
2016/10/27,51.9,11.05555556
2016/10/28,49.9,9.944444444
2016/10/29,62.6,17
2016/10/30,59.2,15.11111111
2016/10/31,51.6,10.88888889
2016/11/1,63.7,17.61111111
2016/11/2,67,19.44444444
2016/11/3,61.3,16.27777778
2016/11/4,50.4,10.22222222
2016/11/5,47.3,8.5
2016/11/6,50.6,10.33333333
2016/11/7,53,11.66666667
2016/11/8,51.4,10.77777778
2016/11/9,46,7.777777778
2016/11/10,45.3,7.388888889
2016/11/11,45.7,7.611111111
2016/11/12,38.5,3.611111111
2016/11/13,39.2,4
2016/11/14,40,4.444444444
2016/11/15,44.2,6.777777778
2016/11/16,46.6,8.111111111
2016/11/17,51.5,10.83333333
2016/11/18,59.8,15.44444444
2016/11/19,40.7,4.833333333
2016/11/20,33.1,0.611111111
2016/11/21,32,0
2016/11/22,30.4,-0.888888889
2016/11/23,37.6,3.111111111
2016/11/24,46.6,8.111111111
2016/11/25,39.2,4
2016/11/26,39.4,4.111111111
2016/11/27,38.4,3.555555556
2016/11/28,47.7,8.722222222
2016/11/29,54.9,12.72222222
2016/11/30,54.2,12.33333333
2016/12/1,38.7,3.722222222
2016/12/2,37.6,3.111111111
2016/12/3,36.7,2.611111111
2016/12/4,37.3,2.944444444
2016/12/5,37.3,2.944444444
2016/12/6,39.8,4.333333333
2016/12/7,34.2,1.222222222
2016/12/8,26.5,-3.055555556
2016/12/9,24.1,-4.388888889
2016/12/10,24.8,-4
2016/12/11,29.1,-1.611111111
2016/12/12,34.9,1.611111111
2016/12/13,29.6,-1.333333333
2016/12/14,17.8,-7.888888889
2016/12/15,8.9,-12.83333333
2016/12/16,14,-10
2016/12/17,36.5,2.5
2016/12/18,27.8,-2.333333333
2016/12/19,20,-6.666666667
2016/12/20,24,-4.444444444
2016/12/21,29.9,-1.166666667
2016/12/22,34.3,1.277777778
2016/12/23,31.8,-0.111111111
2016/12/24,41,5
2016/12/25,42.1,5.611111111
2016/12/26,58.3,14.61111111
2016/12/27,41.4,5.222222222
2016/12/28,36.3,2.388888889
2016/12/29,38,3.333333333
2016/12/30,33.4,0.777777778
2016/12/31,38.6,3.666666667
2017/1/1,38.1,3.388888889
2017/1/2,46.1,7.833333333
2017/1/3,51.9,11.05555556
2017/1/4,31.9,-0.055555556
2017/1/5,20.7,-6.277777778
2017/1/6,11.8,-11.22222222
2017/1/7,10.8,-11.77777778
2017/1/8,15,-9.444444444
2017/1/9,23.4,-4.777777778
2017/1/10,40.5,4.722222222
2017/1/11,48.7,9.277777778
2017/1/12,56.7,13.72222222
2017/1/13,34,1.111111111
2017/1/14,33.3,0.722222222
2017/1/15,32.9,0.5
2017/1/16,41.5,5.277777778
2017/1/17,55.6,13.11111111
2017/1/18,41.8,5.444444444
2017/1/19,41.6,5.333333333
2017/1/20,50.4,10.22222222
2017/1/21,55.3,12.94444444
2017/1/22,56,13.33333333
2017/1/23,49.4,9.666666667
2017/1/24,41.5,5.277777778
2017/1/25,43.6,6.444444444
2017/1/26,34.8,1.555555556
2017/1/27,28.5,-1.944444444
2017/1/28,27.5,-2.5
2017/1/29,26.6,-3
2017/1/30,23.5,-4.722222222
2017/1/31,36,2.222222222
2017/2/1,34.5,1.388888889
2017/2/2,26.3,-3.166666667
2017/2/3,19.9,-6.722222222
2017/2/4,20.3,-6.5
2017/2/5,35.9,2.166666667
2017/2/6,39,3.888888889
2017/2/7,53.1,11.72222222
2017/2/8,36.4,2.444444444
2017/2/9,21.3,-5.944444444
2017/2/10,25.3,-3.722222222
2017/2/11,51.7,10.94444444
2017/2/12,52.1,11.16666667
2017/2/13,37.8,3.222222222
2017/2/14,42.6,5.888888889
2017/2/15,36.6,2.555555556
2017/2/16,33.6,0.888888889
2017/2/17,47.3,8.5
2017/2/18,53.8,12.11111111
2017/2/19,48.2,9
2017/2/20,46.3,7.944444444
2017/2/21,57.8,14.33333333
2017/2/22,57.3,14.05555556
2017/2/23,62.3,16.83333333
2017/2/24,67.2,19.55555556
2017/2/25,42.6,5.888888889
2017/2/26,36,2.222222222
2017/2/27,44.3,6.833333333
2017/2/28,51.5,10.83333333
2017/3/1,56.2,13.44444444
2017/3/2,35.5,1.944444444
2017/3/3,29.9,-1.166666667
2017/3/4,29.5,-1.388888889
2017/3/5,43.7,6.5
2017/3/6,53.7,12.05555556
2017/3/7,54.6,12.55555556
2017/3/8,49.6,9.777777778
2017/3/9,49.8,9.888888889
2017/3/10,35.2,1.777777778
2017/3/11,26.2,-3.222222222
2017/3/12,29.4,-1.444444444
2017/3/13,31.1,-0.5
2017/3/14,25,-3.888888889
2017/3/15,24.4,-4.222222222
2017/3/16,32.5,0.277777778
2017/3/17,32.3,0.166666667
2017/3/18,40.2,4.555555556
2017/3/19,40,4.444444444
2017/3/20,40.8,4.888888889
2017/3/21,47.2,8.444444444
2017/3/22,33.8,1
2017/3/23,39.4,4.111111111
2017/3/24,61.8,16.55555556
2017/3/25,66.7,19.27777778
2017/3/26,59.5,15.27777778
2017/3/27,58,14.44444444
2017/3/28,56.1,13.38888889
2017/3/29,50.3,10.16666667
2017/3/30,60.7,15.94444444
2017/3/31,54.6,12.55555556
2017/4/1,46,7.777777778
2017/4/2,50.5,10.27777778
2017/4/3,59.5,15.27777778
2017/4/4,58.2,14.55555556
2017/4/5,57.6,14.22222222
2017/4/6,47.7,8.722222222
2017/4/7,40.8,4.888888889
2017/4/8,47.4,8.555555556
2017/4/9,60,15.55555556
2017/4/10,69.8,21
2017/4/11,61.9,16.61111111
2017/4/12,56,13.33333333
2017/4/13,57.4,14.11111111
2017/4/14,62,16.66666667
2017/4/15,68.6,20.33333333
2017/4/16,70.4,21.33333333
2017/4/17,63.1,17.27777778
2017/4/18,63.8,17.66666667
2017/4/19,69.4,20.77777778
2017/4/20,71.2,21.77777778
2017/4/21,58.7,14.83333333
2017/4/22,49.3,9.611111111
2017/4/23,54.7,12.61111111
2017/4/24,59.1,15.05555556
2017/4/25,64.3,17.94444444
2017/4/26,70.5,21.38888889
2017/4/27,68.6,20.33333333
2017/4/28,58.3,14.61111111
2017/4/29,62.7,17.05555556
2017/4/30,67.4,19.66666667
2017/5/1,63.8,17.66666667
2017/5/2,53.1,11.72222222
2017/5/3,50.5,10.27777778
2017/5/4,54.5,12.5
2017/5/5,51.8,11
2017/5/6,50.2,10.11111111
2017/5/7,48.9,9.388888889
2017/5/8,48.5,9.166666667
2017/5/9,51.8,11
2017/5/10,63.2,17.33333333
2017/5/11,62.2,16.77777778
2017/5/12,57,13.88888889
2017/5/13,59.2,15.11111111
2017/5/14,68.1,20.05555556
2017/5/15,64,17.77777778
2017/5/16,73.7,23.16666667
2017/5/17,77.5,25.27777778
2017/5/18,77.4,25.22222222
2017/5/19,68.9,20.5
2017/5/20,64.8,18.22222222
2017/5/21,69.2,20.66666667
2017/5/22,61.3,16.27777778
2017/5/23,64.4,18
2017/5/24,64.7,18.16666667
2017/5/25,62,16.66666667
2017/5/26,64.5,18.05555556
2017/5/27,70.1,21.16666667
2017/5/28,71,21.66666667
2017/5/29,70,21.11111111
2017/5/30,70.3,21.27777778
2017/5/31,68.3,20.16666667
2017/6/1,66.9,19.38888889
2017/6/2,68.5,20.27777778
2017/6/3,72.3,22.38888889
2017/6/4,73.4,23
2017/6/5,69.8,21
2017/6/6,63.2,17.33333333
2017/6/7,59.3,15.16666667
2017/6/8,64.4,18
2017/6/9,69.8,21
2017/6/10,75.9,24.38888889
2017/6/11,79,26.11111111
2017/6/12,81.5,27.5
2017/6/13,79.1,26.16666667
2017/6/14,76.5,24.72222222
2017/6/15,77.2,25.11111111
2017/6/16,81.1,27.27777778
2017/6/17,81.4,27.44444444
2017/6/18,78.7,25.94444444
2017/6/19,69.2,20.66666667
2017/6/20,70.9,21.61111111
2017/6/21,76.3,24.61111111
2017/6/22,78.5,25.83333333
2017/6/23,71.1,21.72222222
2017/6/24,70.9,21.61111111
2017/6/25,67.8,19.88888889
2017/6/26,64.3,17.94444444
2017/6/27,63.2,17.33333333
2017/6/28,67,19.44444444
2017/6/29,76.6,24.77777778
2017/6/30,76.7,24.83333333
2017/7/1,73.6,23.11111111
2017/7/2,76.1,24.5
2017/7/3,76.5,24.72222222
2017/7/4,76.7,24.83333333
2017/7/5,77,25
2017/7/6,74.1,23.38888889
2017/7/7,70.6,21.44444444
2017/7/8,75.5,24.16666667
2017/7/9,70.4,21.33333333
2017/7/10,72.3,22.38888889
2017/7/11,75.3,24.05555556
2017/7/12,80,26.66666667
2017/7/13,75,23.88888889
2017/7/14,78.1,25.61111111
2017/7/15,73.8,23.22222222
2017/7/16,75,23.88888889
2017/7/17,75.2,24
2017/7/18,79.7,26.5
2017/7/19,81.6,27.55555556
2017/7/20,80.1,26.72222222
2017/7/21,78.6,25.88888889
2017/7/22,76.8,24.88888889
2017/7/23,74.1,23.38888889
2017/7/24,72.1,22.27777778
2017/7/25,68,20
2017/7/26,71,21.66666667
2017/7/27,72.7,22.61111111
2017/7/28,74.1,23.38888889
2017/7/29,69.9,21.05555556
2017/7/30,73.1,22.83333333
2017/7/31,75,23.88888889
2017/8/1,75.2,24
2017/8/2,74.3,23.5
2017/8/3,75.2,24
2017/8/4,72.7,22.61111111
2017/8/5,67.9,19.94444444
2017/8/6,67.7,19.83333333
2017/8/7,66.1,18.94444444
2017/8/8,69.3,20.72222222
2017/8/9,70.1,21.16666667
2017/8/10,71.6,22
2017/8/11,71.5,21.94444444
2017/8/12,70.9,21.61111111
2017/8/13,70.3,21.27777778
2017/8/14,74.4,23.55555556
2017/8/15,77,25
2017/8/16,78.5,25.83333333
2017/8/17,78.2,25.66666667
2017/8/18,77,25
2017/8/19,76.2,24.55555556
2017/8/20,76.5,24.72222222
2017/8/21,80.4,26.88888889
2017/8/22,77.2,25.11111111
2017/8/23,69.2,20.66666667
2017/8/24,66.1,18.94444444
2017/8/25,64.7,18.16666667
2017/8/26,65.4,18.55555556
2017/8/27,67.7,19.83333333
2017/8/28,70,21.11111111
2017/8/29,70.2,21.22222222
2017/8/30,67.9,19.94444444
2017/8/31,69.2,20.66666667
2017/9/1,59,15
2017/9/2,57.6,14.22222222
2017/9/3,65.8,18.77777778
2017/9/4,71.2,21.77777778
2017/9/5,67.9,19.94444444
2017/9/6,58.8,14.88888889
2017/9/7,59,15
2017/9/8,60.8,16
2017/9/9,60.5,15.83333333
2017/9/10,59.4,15.22222222
2017/9/11,61.6,16.44444444
2017/9/12,63.9,17.72222222
2017/9/13,64.8,18.22222222
2017/9/14,64.5,18.05555556
2017/9/15,66.4,19.11111111
2017/9/16,69.3,20.72222222
2017/9/17,70.8,21.55555556
2017/9/18,71.7,22.05555556
2017/9/19,72.9,22.72222222
2017/9/20,74.8,23.77777778
2017/9/21,76.6,24.77777778
2017/9/22,77.5,25.27777778
2017/9/23,76.8,24.88888889
2017/9/24,76.2,24.55555556
2017/9/25,77.2,25.11111111
2017/9/26,77.1,25.05555556
2017/9/27,76.3,24.61111111
2017/9/28,64.4,18
2017/9/29,61,16.11111111
2017/9/30,57.6,14.22222222
2017/10/1,57.6,14.22222222
2017/10/2,63,17.22222222
2017/10/3,67.7,19.83333333
2017/10/4,71.2,21.77777778
2017/10/5,66.1,18.94444444
2017/10/6,66.8,19.33333333
2017/10/7,75,23.88888889
2017/10/8,67.3,19.61111111
2017/10/9,70.3,21.27777778
2017/10/10,66.4,19.11111111
2017/10/11,67.8,19.88888889
2017/10/12,61.7,16.5
2017/10/13,63.8,17.66666667
2017/10/14,66.4,19.11111111
2017/10/15,65.9,18.83333333
2017/10/16,51.5,10.83333333
2017/10/17,52.5,11.38888889
2017/10/18,55.3,12.94444444
2017/10/19,59.4,15.22222222
2017/10/20,59.5,15.27777778
2017/10/21,61.6,16.44444444
2017/10/22,65.5,18.61111111
2017/10/23,62,16.66666667
2017/10/24,50.5,10.27777778
2017/10/25,44.8,7.111111111
2017/10/26,43.6,6.444444444
2017/10/27,55.5,13.05555556
2017/10/28,39.4,4.111111111
2017/10/29,40.6,4.777777778
2017/10/30,40,4.444444444
2017/10/31,38,3.333333333
2017/11/1,42.6,5.888888889
2017/11/2,61.5,16.38888889
2017/11/3,56.7,13.72222222
2017/11/4,51.5,10.83333333
2017/11/5,64.5,18.05555556
2017/11/6,54,12.22222222
2017/11/7,43.4,6.333333333
2017/11/8,41.8,5.444444444
2017/11/9,41.6,5.333333333
2017/11/10,29.3,-1.5
2017/11/11,29.1,-1.611111111
2017/11/12,41.6,5.333333333
2017/11/13,40.2,4.555555556
2017/11/14,39,3.888888889
2017/11/15,42.9,6.055555556
2017/11/16,41,5
2017/11/17,41.7,5.388888889
2017/11/18,53.8,12.11111111
2017/11/19,38,3.333333333
2017/11/20,34.9,1.611111111
2017/11/21,45.5,7.5
2017/11/22,34.9,1.611111111
2017/11/23,31.8,-0.111111111
2017/11/24,40.9,4.944444444
2017/11/25,49.4,9.666666667
2017/11/26,37.2,2.888888889
2017/11/27,43.2,6.222222222
2017/11/28,51.4,10.77777778
2017/11/29,48.5,9.166666667
2017/11/30,46.5,8.055555556
2017/12/1,37.7,3.166666667
2017/12/2,37.5,3.055555556
2017/12/3,39.5,4.166666667
2017/12/4,48.5,9.166666667
2017/12/5,47.7,8.722222222
2017/12/6,34.9,1.611111111
2017/12/7,30.2,-1
2017/12/8,24.5,-4.166666667
2017/12/9,26.4,-3.111111111
2017/12/10,29.2,-1.555555556
2017/12/11,34.2,1.222222222
2017/12/12,27.4,-2.555555556
2017/12/13,24.1,-4.388888889
2017/12/14,26.3,-3.166666667
2017/12/15,26.4,-3.111111111
2017/12/16,37.8,3.222222222
2017/12/17,38.1,3.388888889
2017/12/18,43,6.111111111
2017/12/19,46.1,7.833333333
2017/12/20,38.6,3.666666667
2017/12/21,38.3,3.5
2017/12/22,52.3,11.27777778
2017/12/23,39.5,4.166666667
2017/12/24,32.6,0.333333333
2017/12/25,22.2,-5.444444444
2017/12/26,16.6,-8.555555556
2017/12/27,10,-12.22222222
2017/12/28,11.4,-11.44444444
2017/12/29,19.3,-7.055555556
2017/12/30,15.2,-9.333333333
2017/12/31,9.1,-12.72222222
2018/1/1,5.7,-14.61111111
2018/1/2,3.4,-15.88888889
2018/1/3,11.4,-11.44444444
2018/1/4,13.8,-10.11111111
2018/1/5,9.1,-12.72222222
2018/1/6,6.6,-14.11111111
2018/1/7,15.9,-8.944444444
2018/1/8,34,1.111111111
2018/1/9,33.8,1
2018/1/10,42.5,5.833333333
2018/1/11,56.4,13.55555556
2018/1/12,40.8,4.888888889
2018/1/13,16.5,-8.611111111
2018/1/14,10.7,-11.83333333
2018/1/15,21.5,-5.833333333
2018/1/16,14.7,-9.611111111
2018/1/17,10,-12.22222222
2018/1/18,18.1,-7.722222222
2018/1/19,26.9,-2.833333333
2018/1/20,37.9,3.277777778
2018/1/21,44.7,7.055555556
2018/1/22,52.6,11.44444444
2018/1/23,40.8,4.888888889
2018/1/24,31.5,-0.277777778
2018/1/25,32.3,0.166666667
2018/1/26,42.4,5.777777778
2018/1/27,46.6,8.111111111
2018/1/28,38.7,3.722222222
2018/1/29,31.6,-0.222222222
2018/1/30,22.4,-5.333333333
2018/1/31,33.7,0.944444444
2018/2/1,37.5,3.055555556
2018/2/2,16.4,-8.666666667
2018/2/3,24.5,-4.166666667
2018/2/4,33.2,0.666666667
2018/2/5,18.5,-7.5
2018/2/6,25.8,-3.444444444
2018/2/7,24.5,-4.166666667
2018/2/8,20.2,-6.555555556
2018/2/9,32.8,0.444444444
2018/2/10,36.3,2.388888889
2018/2/11,34.2,1.222222222
2018/2/12,29.1,-1.611111111
2018/2/13,31.9,-0.055555556
2018/2/14,44.7,7.055555556
2018/2/15,60,15.55555556
2018/2/16,45.3,7.388888889
2018/2/17,32.8,0.444444444
2018/2/18,37.7,3.166666667
2018/2/19,53.2,11.77777778
2018/2/20,67.8,19.88888889
2018/2/21,53,11.66666667
2018/2/22,41.9,5.5
2018/2/23,54,12.22222222
2018/2/24,49,9.444444444
2018/2/25,51.2,10.66666667
2018/2/26,43.3,6.277777778
2018/2/27,45.4,7.444444444
2018/2/28,53.8,12.11111111
2018/3/1,48.9,9.388888889
2018/3/2,35.6,2
2018/3/3,34.3,1.277777778
2018/3/4,35.2,1.777777778
2018/3/5,35.3,1.833333333
2018/3/6,45.3,7.388888889
2018/3/7,35.6,2
2018/3/8,28.9,-1.722222222
2018/3/9,30.8,-0.666666667
2018/3/10,32.5,0.277777778
2018/3/11,34.1,1.166666667
2018/3/12,33.9,1.055555556
2018/3/13,31.3,-0.388888889
2018/3/14,29.5,-1.388888889
2018/3/15,38.8,3.777777778
2018/3/16,32,0
2018/3/17,35.3,1.833333333
2018/3/18,39.5,4.166666667
2018/3/19,43.6,6.444444444
2018/3/20,36.1,2.277777778
2018/3/21,33,0.555555556
2018/3/22,35.9,2.166666667
2018/3/23,36.3,2.388888889
2018/3/24,34.4,1.333333333
2018/3/25,35.9,2.166666667
2018/3/26,45.9,7.722222222
2018/3/27,50.5,10.27777778
2018/3/28,53.5,11.94444444
2018/3/29,53.2,11.77777778
2018/3/30,42.3,5.722222222
2018/3/31,45.5,7.5
2018/4/1,42,5.555555556
2018/4/2,36.7,2.611111111
2018/4/3,51.6,10.88888889
2018/4/4,40.6,4.777777778
2018/4/5,38,3.333333333
2018/4/6,41.8,5.444444444
2018/4/7,33.5,0.833333333
2018/4/8,34.5,1.388888889
2018/4/9,35.2,1.777777778
2018/4/10,37.7,3.166666667
2018/4/11,47.3,8.5
2018/4/12,65.7,18.72222222
2018/4/13,71.8,22.11111111
2018/4/14,62.9,17.16666667
2018/4/15,52,11.11111111
2018/4/16,38,3.333333333
2018/4/17,34,1.111111111
2018/4/18,42.5,5.833333333
2018/4/19,42.1,5.611111111
2018/4/20,45.5,7.5
2018/4/21,47.7,8.722222222
2018/4/22,56,13.33333333
2018/4/23,57.5,14.16666667
2018/4/24,53.7,12.05555556
2018/4/25,54.6,12.55555556
2018/4/26,53.5,11.94444444
2018/4/27,58.4,14.66666667
2018/4/28,47.5,8.611111111
2018/4/29,46,7.777777778
2018/4/30,54.2,12.33333333
2018/5/1,64.6,18.11111111
2018/5/2,73,22.77777778
2018/5/3,74.1,23.38888889
2018/5/4,70.8,21.55555556
2018/5/5,60.8,16
2018/5/6,64.4,18
2018/5/7,62.1,16.72222222
2018/5/8,64.8,18.22222222
2018/5/9,73.8,23.22222222
2018/5/10,72,22.22222222
2018/5/11,66.5,19.16666667
2018/5/12,72.7,22.61111111
2018/5/13,72.2,22.33333333
2018/5/14,74.4,23.55555556
2018/5/15,73.7,23.16666667
2018/5/16,68.2,20.11111111
2018/5/17,71.7,22.05555556
2018/5/18,69.7,20.94444444
2018/5/19,73.5,23.05555556
2018/5/20,70.1,21.16666667
2018/5/21,69.4,20.77777778
2018/5/22,71.8,22.11111111
2018/5/23,67.6,19.77777778
2018/5/24,70.7,21.5
2018/5/25,74.4,23.55555556
2018/5/26,73.8,23.22222222
2018/5/27,78,25.55555556
2018/5/28,80,26.66666667
2018/5/29,80,26.66666667
2018/5/30,77.4,25.22222222
2018/5/31,77.2,25.11111111
2018/6/1,73.2,22.88888889
2018/6/2,73.5,23.05555556
2018/6/3,73.6,23.11111111
2018/6/4,68.2,20.11111111
2018/6/5,62.1,16.72222222
2018/6/6,59.4,15.22222222
2018/6/7,67.5,19.72222222
2018/6/8,71.4,21.88888889
2018/6/9,72.9,22.72222222
2018/6/10,73.7,23.16666667
2018/6/11,70.5,21.38888889
2018/6/12,71.8,22.11111111
2018/6/13,74.3,23.5
2018/6/14,71.8,22.11111111
2018/6/15,74.7,23.72222222
2018/6/16,77.6,25.33333333
2018/6/17,81.8,27.66666667
2018/6/18,84.1,28.94444444
2018/6/19,80.6,27
2018/6/20,77.2,25.11111111
2018/6/21,70.1,21.16666667
2018/6/22,74.4,23.55555556
2018/6/23,72.5,22.5
2018/6/24,75.7,24.27777778
2018/6/25,71.7,22.05555556
2018/6/26,70.1,21.16666667
2018/6/27,72.8,22.66666667
2018/6/28,75.9,24.38888889
2018/6/29,79.5,26.38888889
2018/6/30,81.4,27.44444444
2018/7/1,82.8,28.22222222
2018/7/2,78.9,26.05555556
2018/7/3,80.7,27.05555556
2018/7/4,81.2,27.33333333
2018/7/5,82.2,27.88888889
2018/7/6,74,23.33333333
2018/7/7,69.5,20.83333333
2018/7/8,72.4,22.44444444
2018/7/9,77,25
2018/7/10,78.9,26.05555556
2018/7/11,74.9,23.83333333
2018/7/12,74.4,23.55555556
2018/7/13,79,26.11111111
2018/7/14,82.5,28.05555556
2018/7/15,81.5,27.5
2018/7/16,79.5,26.38888889
2018/7/17,78.2,25.66666667
2018/7/18,73.7,23.16666667
2018/7/19,74.2,23.44444444
2018/7/20,71.6,22
2018/7/21,70,21.11111111
2018/7/22,71.8,22.11111111
2018/7/23,72.1,22.27777778
2018/7/24,73.5,23.05555556
2018/7/25,77.1,25.05555556
2018/7/26,75.2,24
2018/7/27,73,22.77777778
2018/7/28,70.7,21.5
2018/7/29,71.5,21.94444444
2018/7/30,73,22.77777778
2018/7/31,71.9,22.16666667
2018/8/1,71.2,21.77777778
2018/8/2,73.7,23.16666667
2018/8/3,76.2,24.55555556
2018/8/4,79.1,26.16666667
2018/8/5,81,27.22222222
2018/8/6,81.3,27.38888889
2018/8/7,76.3,24.61111111
2018/8/8,75.3,24.05555556
2018/8/9,75,23.88888889
2018/8/10,73.5,23.05555556
2018/8/11,72.1,22.27777778
2018/8/12,73.9,23.27777778
2018/8/13,73.3,22.94444444
2018/8/14,74.7,23.72222222
2018/8/15,75.4,24.11111111
2018/8/16,73.6,23.11111111
2018/8/17,74.8,23.77777778
2018/8/18,74.9,23.83333333
2018/8/19,72.4,22.44444444
2018/8/20,74.2,23.44444444
2018/8/21,74.8,23.77777778
2018/8/22,69.3,20.72222222
2018/8/23,67.3,19.61111111
2018/8/24,70.4,21.33333333
2018/8/25,75,23.88888889
2018/8/26,77.9,25.5
2018/8/27,81,27.22222222
2018/8/28,82.2,27.88888889
2018/8/29,79.7,26.5
2018/8/30,75.3,24.05555556
2018/8/31,75.9,24.38888889
2018/9/1,75.5,24.16666667
2018/9/2,78.7,25.94444444
2018/9/3,82.2,27.88888889
2018/9/4,83.5,28.61111111
2018/9/5,81.9,27.72222222
2018/9/6,76.1,24.5
2018/9/7,74.3,23.5
2018/9/8,64.9,18.27777778
2018/9/9,59.4,15.22222222
2018/9/10,62.6,17
2018/9/11,64.7,18.16666667
2018/9/12,68.5,20.27777778
2018/9/13,72.5,22.5
2018/9/14,76.6,24.77777778
2018/9/15,77.8,25.44444444
2018/9/16,76.5,24.72222222
2018/9/17,72.1,22.27777778
2018/9/18,74.6,23.66666667
2018/9/19,75.8,24.33333333
2018/9/20,78.4,25.77777778
2018/9/21,78.7,25.94444444
2018/9/22,61.9,16.61111111
2018/9/23,60.9,16.05555556
2018/9/24,66.5,19.16666667
2018/9/25,72.7,22.61111111
2018/9/26,69.2,20.66666667
2018/9/27,58.2,14.55555556
2018/9/28,57.4,14.11111111
2018/9/29,60.1,15.61111111
2018/9/30,66.8,19.33333333
2018/10/1,71.1,21.72222222
2018/10/2,73.3,22.94444444
2018/10/3,73.8,23.22222222
2018/10/4,70.5,21.38888889
2018/10/5,62,16.66666667
2018/10/6,76,24.44444444
2018/10/7,76.8,24.88888889
2018/10/8,78.2,25.66666667
2018/10/9,76.6,24.77777778
2018/10/10,71.8,22.11111111
2018/10/11,62.4,16.88888889
2018/10/12,48.4,9.111111111
2018/10/13,45,7.222222222
2018/10/14,50,10
2018/10/15,54.8,12.66666667
2018/10/16,46.1,7.833333333
2018/10/17,49,9.444444444
2018/10/18,42.7,5.944444444
2018/10/19,47.2,8.444444444
2018/10/20,50.5,10.27777778
2018/10/21,40.5,4.722222222
2018/10/22,48.4,9.111111111
2018/10/23,50.6,10.33333333
2018/10/24,43.2,6.222222222
2018/10/25,42,5.555555556
2018/10/26,46.7,8.166666667
2018/10/27,47.2,8.444444444
2018/10/28,48.2,9
2018/10/29,48.1,8.944444444
2018/10/30,50,10
2018/10/31,59.6,15.33333333
2018/11/1,52.2,11.22222222
2018/11/2,45.7,7.611111111
2018/11/3,43.5,6.388888889
2018/11/4,50,10
2018/11/5,55,12.77777778
2018/11/6,55.4,13
2018/11/7,45,7.222222222
2018/11/8,38,3.333333333
2018/11/9,38.3,3.5
2018/11/10,30,-1.111111111
2018/11/11,31.7,-0.166666667
2018/11/12,36.5,2.5
2018/11/13,36.4,2.444444444
2018/11/14,28.6,-1.888888889
2018/11/15,33.9,1.055555556
2018/11/16,34.2,1.222222222
2018/11/17,40.1,4.5
2018/11/18,42.7,5.944444444
2018/11/19,39.8,4.333333333
2018/11/20,36.3,2.388888889
2018/11/21,33.9,1.055555556
2018/11/22,32.6,0.333333333
2018/11/23,39.2,4
2018/11/24,46.6,8.111111111
2018/11/25,45,7.222222222
2018/11/26,39.8,4.333333333
2018/11/27,28.6,-1.888888889
2018/11/28,25.2,-3.777777778
2018/11/29,29.6,-1.333333333
2018/11/30,39.7,4.277777778
2018/12/1,44.4,6.888888889
2018/12/2,56.3,13.5
2018/12/3,40.3,4.611111111
2018/12/4,34.2,1.222222222
2018/12/5,31.2,-0.444444444
2018/12/6,32.6,0.333333333
2018/12/7,27.2,-2.666666667
2018/12/8,23.7,-4.611111111
2018/12/9,26.9,-2.833333333
2018/12/10,22.6,-5.222222222
2018/12/11,28.9,-1.722222222
2018/12/12,35.7,2.055555556
2018/12/13,42.4,5.777777778
2018/12/14,48.2,9
2018/12/15,48.6,9.222222222
2018/12/16,42.8,6
2018/12/17,37.4,3
2018/12/18,33.1,0.611111111
2018/12/19,36.6,2.555555556
2018/12/20,43.8,6.555555556
2018/12/21,41.3,5.166666667
2018/12/22,34.6,1.444444444
2018/12/23,35,1.666666667
2018/12/24,33.3,0.722222222
2018/12/25,31.9,-0.055555556
2018/12/26,32.4,0.222222222
2018/12/27,42.8,6
2018/12/28,52,11.11111111
2018/12/29,34.5,1.388888889
2018/12/30,35,1.666666667
2018/12/31,49.1,9.5
2019/1/1,43.5,6.388888889
2019/1/2,39.9,4.388888889
2019/1/3,35,1.666666667
2019/1/4,39.2,4
2019/1/5,42,5.555555556
2019/1/6,39.2,4
2019/1/7,44.8,7.111111111
2019/1/8,52.8,11.55555556
2019/1/9,29.1,-1.611111111
2019/1/10,23.9,-4.5
2019/1/11,27.4,-2.555555556
2019/1/12,28.7,-1.833333333
2019/1/13,30.6,-0.777777778
2019/1/14,25.7,-3.5
2019/1/15,20.3,-6.5
2019/1/16,32,0
2019/1/17,33.4,0.777777778
2019/1/18,35.1,1.722222222
2019/1/19,33,0.555555556
2019/1/20,12.9,-10.61111111
2019/1/21,5,-15
2019/1/22,21.3,-5.944444444
2019/1/23,44.5,6.944444444
2019/1/24,31.1,-0.5
2019/1/25,18.1,-7.722222222
2019/1/26,25.6,-3.555555556
2019/1/27,25.7,-3.5
2019/1/28,31.5,-0.277777778
2019/1/29,19.8,-6.777777778
2019/1/30,4.7,-15.16666667
2019/1/31,4.9,-15.05555556
2019/2/1,13.9,-10.05555556
2019/2/2,22.5,-5.277777778
2019/2/3,38.9,3.833333333
2019/2/4,47.9,8.833333333
2019/2/5,45.8,7.666666667
2019/2/6,50.1,10.05555556
2019/2/7,52.5,11.38888889
2019/2/8,26.2,-3.222222222
2019/2/9,19.9,-6.722222222
2019/2/10,28.1,-2.166666667
2019/2/11,34.9,1.611111111
2019/2/12,44.6,7
2019/2/13,30.2,-1
2019/2/14,40.1,4.5
2019/2/15,39,3.888888889
2019/2/16,25.2,-3.777777778
2019/2/17,28.8,-1.777777778
2019/2/18,29,-1.666666667
2019/2/19,27.1,-2.722222222
2019/2/20,36.3,2.388888889
2019/2/21,38.5,3.611111111
2019/2/22,35.5,1.944444444
2019/2/23,43.5,6.388888889
2019/2/24,45.1,7.277777778
2019/2/25,28.2,-2.111111111
2019/2/26,31.5,-0.277777778
2019/2/27,35.7,2.055555556
2019/2/28,30.3,-0.944444444
2019/3/1,33.5,0.833333333
2019/3/2,33.6,0.888888889
2019/3/3,30,-1.111111111
2019/3/4,17.9,-7.833333333
2019/3/5,14.7,-9.611111111
2019/3/6,17.7,-7.944444444
2019/3/7,26.8,-2.888888889
2019/3/8,32.3,0.166666667
2019/3/9,39,3.888888889
2019/3/10,46.3,7.944444444
2019/3/11,39.3,4.055555556
2019/3/12,36.3,2.388888889
2019/3/13,49.2,9.555555556
2019/3/14,62.5,16.94444444
2019/3/15,44,6.666666667
2019/3/16,35.9,2.166666667
2019/3/17,33,0.555555556
2019/3/18,34.6,1.444444444
2019/3/19,37.5,3.055555556
2019/3/20,43,6.111111111
2019/3/21,45.6,7.555555556
2019/3/22,40,4.444444444
2019/3/23,39.1,3.944444444
2019/3/24,45.4,7.444444444
2019/3/25,42.4,5.777777778
2019/3/26,36,2.222222222
2019/3/27,41.9,5.5
2019/3/28,51.3,10.72222222
2019/3/29,54.6,12.55555556
2019/3/30,52.3,11.27777778
2019/3/31,32.6,0.333333333
2019/4/1,33.8,1
2019/4/2,42.6,5.888888889
2019/4/3,50.3,10.16666667
2019/4/4,50.8,10.44444444
2019/4/5,52.9,11.61111111
2019/4/6,58.5,14.72222222
2019/4/7,61.7,16.5
2019/4/8,62.8,17.11111111
2019/4/9,59.9,15.5
2019/4/10,51.2,10.66666667
2019/4/11,60.8,16
2019/4/12,64.6,18.11111111
2019/4/13,57.5,14.16666667
2019/4/14,56.2,13.44444444
2019/4/15,43.2,6.222222222
2019/4/16,56.3,13.5
2019/4/17,64.8,18.22222222
2019/4/18,70.9,21.61111111
2019/4/19,50.9,10.5
2019/4/20,48.1,8.944444444
2019/4/21,47.9,8.833333333
2019/4/22,58,14.44444444
2019/4/23,63.5,17.5
2019/4/24,54,12.22222222
2019/4/25,59.3,15.16666667
2019/4/26,55.8,13.22222222
2019/4/27,48.5,9.166666667
2019/4/28,47.9,8.833333333
2019/4/29,56.9,13.83333333
2019/4/30,54.9,12.72222222
2019/5/1,68.7,20.38888889
2019/5/2,65.6,18.66666667
2019/5/3,63.1,17.27777778
2019/5/4,54.2,12.33333333
2019/5/5,52.9,11.61111111
2019/5/6,60.9,16.05555556
2019/5/7,63.9,17.72222222
2019/5/8,65.1,18.38888889
2019/5/9,70.5,21.38888889
2019/5/10,59.1,15.05555556
2019/5/11,55.7,13.16666667
2019/5/12,50.7,10.38888889
2019/5/13,51.4,10.77777778
2019/5/14,54,12.22222222
2019/5/15,59.1,15.05555556
2019/5/16,65.7,18.72222222
2019/5/17,67.1,19.5
2019/5/18,73.5,23.05555556
2019/5/19,73.6,23.11111111
2019/5/20,62.4,16.88888889
2019/5/21,55,12.77777778
2019/5/22,68.8,20.44444444
2019/5/23,72.9,22.72222222
2019/5/24,71,21.66666667
2019/5/25,75,23.88888889
2019/5/26,72.2,22.33333333
2019/5/27,71.4,21.88888889
2019/5/28,74.7,23.72222222
2019/5/29,75.9,24.38888889
2019/5/30,70,21.11111111
2019/5/31,68.3,20.16666667
2019/6/1,67.5,19.72222222
2019/6/2,67.3,19.61111111
2019/6/3,61,16.11111111
2019/6/4,66.8,19.33333333
2019/6/5,71.7,22.05555556
2019/6/6,71.6,22
2019/6/7,69.8,21
2019/6/8,71.4,21.88888889
2019/6/9,74.5,23.61111111
2019/6/10,69.7,20.94444444
2019/6/11,65,18.33333333
2019/6/12,64.9,18.27777778
2019/6/13,59.2,15.11111111
2019/6/14,63.3,17.38888889
2019/6/15,67.7,19.83333333
2019/6/16,71,21.66666667
2019/6/17,70.8,21.55555556
2019/6/18,70.6,21.44444444
2019/6/19,72,22.22222222
2019/6/20,68.5,20.27777778
2019/6/21,68,20
2019/6/22,71.2,21.77777778
2019/6/23,71.4,21.88888889
2019/6/24,72.4,22.44444444
2019/6/25,75.1,23.94444444
2019/6/26,78.6,25.88888889
2019/6/27,77.5,25.27777778
2019/6/28,79.3,26.27777778
2019/6/29,81,27.22222222
2019/6/30,80.3,26.83333333
2019/7/1,78.2,25.66666667
2019/7/2,80,26.66666667
2019/7/3,73.2,22.88888889
2019/7/4,73.3,22.94444444
2019/7/5,81.1,27.27777778
2019/7/6,79.7,26.5
2019/7/7,77,25
2019/7/8,75.8,24.33333333
2019/7/9,77.3,25.16666667
2019/7/10,81.9,27.72222222
2019/7/11,80.8,27.11111111
2019/7/12,75.8,24.33333333
2019/7/13,77.7,25.38888889
2019/7/14,80.4,26.88888889
2019/7/15,80.8,27.11111111
2019/7/16,78.9,26.05555556
2019/7/17,77.3,25.16666667
2019/7/18,79.5,26.38888889
2019/7/19,81.6,27.55555556
2019/7/20,85.2,29.55555556
2019/7/21,82.4,28
2019/7/22,72.7,22.61111111
2019/7/23,69.3,20.72222222
2019/7/24,68.4,20.22222222
2019/7/25,70.8,21.55555556
2019/7/26,73.6,23.11111111
2019/7/27,76.7,24.83333333
2019/7/28,79.2,26.22222222
2019/7/29,79.7,26.5
2019/7/30,75.8,24.33333333
2019/7/31,76.8,24.88888889
2019/8/1,75.6,24.22222222
2019/8/2,76.8,24.88888889
2019/8/3,75.1,23.94444444
2019/8/4,75.1,23.94444444
2019/8/5,78.2,25.66666667
2019/8/6,75.2,24
2019/8/7,75.9,24.38888889
2019/8/8,77.5,25.27777778
2019/8/9,73.6,23.11111111
2019/8/10,71.1,21.72222222
2019/8/11,72.6,22.55555556
2019/8/12,76.5,24.72222222
2019/8/13,75.6,24.22222222
2019/8/14,74.6,23.66666667
2019/8/15,76,24.44444444
2019/8/16,75.8,24.33333333
2019/8/17,77.8,25.44444444
2019/8/18,82,27.77777778
2019/8/19,76.2,24.55555556
2019/8/20,79.7,26.5
2019/8/21,75.5,24.16666667
2019/8/22,72.2,22.33333333
2019/8/23,68.1,20.05555556
2019/8/24,66.2,19
2019/8/25,68.1,20.05555556
2019/8/26,65.6,18.66666667
2019/8/27,70.6,21.44444444
2019/8/28,69.9,21.05555556
2019/8/29,69.4,20.77777778
2019/8/30,74.9,23.83333333
2019/8/31,69.8,21
2019/9/1,68.8,20.44444444
2019/9/2,69.3,20.72222222
2019/9/3,72.6,22.55555556
2019/9/4,73.3,22.94444444
2019/9/5,66,18.88888889
2019/9/6,66.4,19.11111111
2019/9/7,69.6,20.88888889
2019/9/8,65.5,18.61111111
2019/9/9,71.1,21.72222222
2019/9/10,76.8,24.88888889
2019/9/11,80.3,26.83333333
2019/9/12,80.3,26.83333333
2019/9/13,81.5,27.5
2019/9/14,72,22.22222222
2019/9/15,70.7,21.5
2019/9/16,75.9,24.38888889
2019/9/17,71.5,21.94444444
2019/9/18,72,22.22222222
2019/9/19,71.5,21.94444444
2019/9/20,75.8,24.33333333
2019/9/21,74.4,23.55555556
2019/9/22,76.7,24.83333333
2019/9/23,73.4,23
2019/9/24,65.1,18.38888889
2019/9/25,68.9,20.5
2019/9/26,70.7,21.5
2019/9/27,70,21.11111111
2019/9/28,76.3,24.61111111
2019/9/29,70.4,21.33333333
2019/9/30,78,25.55555556
2019/10/1,79.7,26.5
2019/10/2,79.4,26.33333333
2019/10/3,75.8,24.33333333
2019/10/4,59.2,15.11111111
2019/10/5,59.7,15.38888889
2019/10/6,66.8,19.33333333
2019/10/7,57,13.88888889
2019/10/8,53.5,11.94444444
2019/10/9,60.6,15.88888889
2019/10/10,64.9,18.27777778
2019/10/11,67.6,19.77777778
2019/10/12,47.9,8.833333333
2019/10/13,52.1,11.16666667
2019/10/14,52.9,11.61111111
2019/10/15,57.3,14.05555556
2019/10/16,51.4,10.77777778
2019/10/17,49.6,9.777777778
2019/10/18,48,8.888888889
2019/10/19,51.6,10.88888889
2019/10/20,61.3,16.27777778
2019/10/21,60.9,16.05555556
2019/10/22,59.3,15.16666667
2019/10/23,52.8,11.55555556
2019/10/24,55.8,13.22222222
2019/10/25,53.8,12.11111111
2019/10/26,54,12.22222222
2019/10/27,57.9,14.38888889
2019/10/28,53.1,11.72222222
2019/10/29,52.6,11.44444444
2019/10/30,54.6,12.55555556
2019/10/31,54.8,12.66666667
2019/11/1,36.8,2.666666667
2019/11/2,39.4,4.111111111
2019/11/3,42.8,6
2019/11/4,48.3,9.055555556
,45.9,7.722222222
,41.6,5.333333333
,39.2,4
,29.2,-1.555555556
,31.8,-0.111111111
,46,7.777777778
,41.6,5.333333333
,22.5,-5.277777778
,20,-6.666666667
,32.2,0.111111111
,30.9,-0.611111111
,34.6,1.444444444
,37.6,3.111111111
,42.4,5.777777778
,41.1,5.055555556
,42.1,5.611111111
,47.1,8.388888889
,43.1,6.166666667
,35.3,1.833333333
,37.3,2.944444444
,43.8,6.555555556
,49,9.444444444
,48.4,9.111111111
,37.4,3
,37.7,3.166666667
,39.7,4.277777778
,43.5,6.388888889
,35,1.666666667
,32.6,0.333333333
,37.6,3.111111111
,37.9,3.277777778
,39.4,4.111111111
,30.8,-0.666666667
,41.6,5.333333333
,52,11.11111111
,34.1,1.166666667
,24.3,-4.277777778
,29.4,-1.444444444
,39,3.888888889
,38.9,3.833333333
,31.9,-0.055555556
,32.1,0.055555556
,30.8,-0.666666667
,23.4,-4.777777778
,21.5,-5.833333333
,29.6,-1.333333333
,34.7,1.5
,34.8,1.555555556
,38,3.333333333
,34.4,1.333333333
,39.8,4.333333333
,48.7,9.277777778
,51.8,11
,41.8,5.444444444
,53.6,12
,45.7,7.611111111
,34.9,1.611111111
,36,2.222222222
,42.7,5.944444444
,49.1,9.5
,38.4,3.555555556
