REGION,YEAR,WEEK,ILITOTAL,EMA,,,,,,,,,,,,,,,,,,,,
Indiana,2013,38,44,,,,,,,,,,,,,,,,,,,,,
Indiana,2013,39,43,,,,,,,,,,,,,,,,,,,,,
Indiana,2013,40,90,57.59,1.2478495,58,1,1.2478495,58,,,,,,,,,,,,,,,
Indiana,2013,41,88,66.713,1.2078192,66.9776,2,1.2078192,66.9776,,,,,,,,,,,,,,,
Indiana,2013,42,94,74.8991,1.1003802,78.820404,3,1.1003802,78.820404,,,,,,,,,,,,,,,
Indiana,2013,43,102,83.02937,1.0418329,81.33145,4,1.0418329,81.33145,,,,,,,,,,,,,,,
Indiana,2013,44,98,87.520559,1.0418512,82.467224,5,1.0418512,82.467224,,,,,,,,,,,,,,,
Indiana,2013,45,113,95.1643913,1.070301,85.76526,6,1.070301,85.76526,,,,,,,,,,,,,,,
Indiana,2013,46,111,99.91507391,1.1031268,92.09332,7,1.1031268,92.09332,,,,,,,,,,,,,,,
Indiana,2013,47,98,99.34055174,1.1287489,101.29083,8,1.1287489,101.29083,,,,,,,,,,,,,,,
Indiana,2013,48,97,98.63838622,1.1436316,112.96307,9,1.1436316,112.96307,,,,,,,,,,,,,,,
Indiana,2013,49,117,104.1468704,1.1480858,126.64935,10,1.1480858,126.64935,,,,,,,,,,,,,,,
Indiana,2013,50,147,117.0028092,1.1438564,141.79248,11,1.1438564,141.79248,,,,,,,,,,,,,,,
Indiana,2013,51,235,152.4019665,1.1329756,157.54736,12,1.1329756,157.54736,,,,,,,,,,,,,,,
Indiana,2013,52,305,198.1813765,1.1172944,173.05566,13,1.1172944,173.05566,,,,,,,,,,,,,,,
Indiana,2014,1,223,205.6269636,1.0983362,187.57617,14,1.0983362,187.57617,,,,,,,,,,,,,,,
Indiana,2014,2,208,206.3388745,1.077294,199.99512,15,1.077294,199.99512,,,,,,,,,,,,,,,
Indiana,2014,3,263,223.3372121,1.0550702,209.64563,16,1.0550702,209.64563,,,,,,,,,,,,,,,
Indiana,2014,4,274,238.5360485,1.0323362,215.98657,17,1.0323362,215.98657,,,,,,,,,,,,,,,
Indiana,2014,5,240,238.975234,1.0095818,218.47314,18,1.0095818,218.47314,,,,,,,,,,,,,,,
Indiana,2014,6,198,226.6826638,0.98715806,217.06592,19,0.98715806,217.06592,,,,,,,,,,,,,,,
Indiana,2014,7,156,205.4778646,0.9653125,211.99658,20,0.9653125,211.99658,,,,,,,,,,,,,,,
Indiana,2014,8,152,189.4345052,0.9442147,203.51196,21,0.9442147,203.51196,,,,,,,,,,,,,,,
Indiana,2014,9,152,178.2041537,0.9239758,192.09302,22,0.9239758,192.09302,,,,,,,,,,,,,,,
Indiana,2014,10,116,159.5429076,0.90466344,178.4978,23,0.90466344,178.4978,,,,,,,,,,,,,,,
Indiana,2014,11,95,140.1800353,0.88631386,163.39673,24,0.88631386,163.39673,,,,,,,,,,,,,,,
Indiana,2014,12,117,133.2260247,0.86893904,147.41211,25,0.86893904,147.41211,,,,,,,,,,,,,,,
Indiana,2014,13,77,116.3582173,0.85253245,131.14062,26,0.85253245,131.14062,,,,,,,,,,,,,,,
Indiana,2014,14,78,104.8507521,0.83707696,115.15869,27,0.83707696,115.15869,,,,,,,,,,,,,,,
Indiana,2014,15,49,88.09552648,0.8225445,99.91528,28,0.8225445,99.91528,,,,,,,,,,,,,,,
Indiana,2014,16,50,76.66686853,0.8089014,85.69556,29,0.8089014,85.69556,,,,,,,,,,,,,,,
Indiana,2014,17,50,68.66680797,0.7961102,72.69336,30,0.7961102,72.69336,,,,,,,,,,,,,,,
Indiana,2014,18,63,66.96676558,0.7841301,61.020508,31,0.7841301,61.020508,,,,,,,,,,,,,,,
Indiana,2014,19,49,61.57673591,0.7729198,50.73535,32,0.7729198,50.73535,,,,,,,,,,,,,,,
Indiana,2014,20,82,67.70371513,0.7624368,41.81543,33,0.7624368,41.81543,,,,,,,,,,,,,,,
Indiana,2014,21,30,56.39260059,0.7526396,34.174805,34,0.7526396,34.174805,,,,,,,,,,,,,,,
Indiana,2014,22,19,45.17482042,0.73113465,45,35,0.74348694,27.706055,1,0.73113465,45,,,,,,,,,,,,
Indiana,2014,23,23,38.52237429,0.916402,34.266083,36,0.73493904,22.291016,2,0.916402,34.266083,,,,,,,,,,,,
Indiana,2014,24,22,33.565662,0.9555057,34.990692,37,0.72695744,17.811035,3,0.9555057,34.990692,,,,,,,,,,,,
Indiana,2014,25,17,28.5959634,0.90368235,33.84825,38,0.719506,14.144043,4,0.90368235,33.84825,,,,,,,,,,,,
Indiana,2014,26,29,28.71717438,0.8393737,30.180008,39,0.71254987,11.163574,5,0.8393737,30.180008,,,,,,,,,,,,
Indiana,2014,27,12,23.70202207,0.80243284,25.51352,40,0.70605534,8.760254,6,0.80243284,25.51352,,,,,,,,,,,,
Indiana,2014,28,19,22.29141545,0.80005395,21.350296,,,,7,0.80005395,21.350296,,,,,,,,,,,,
Indiana,2014,29,5,17.10399081,0.8252544,18.269348,,,,8,0.8252544,18.269348,,,,,,,,,,,,
Indiana,2014,30,8,14.37279357,0.86805123,16.263474,,,,9,0.86805123,16.263474,,,,,,,,,,,,
Indiana,2014,31,23,16.9609555,0.9198296,15.139618,,,,10,0.9198296,15.139618,,,,,,,,,,,,
Indiana,2014,32,24,19.07266885,0.97433037,14.734314,,,,11,0.97433037,14.734314,,,,,,,,,,,,
Indiana,2014,33,19,19.05086819,1.0274113,14.947784,,,,12,1.0274113,14.947784,,,,,,,,,,,,
Indiana,2014,34,23,20.23560774,1.0765221,15.744354,,,,13,1.0765221,15.744354,,,,,,,,,,,,
Indiana,2014,35,23,21.06492542,1.1202178,17.154114,,,,14,1.1202178,17.154114,,,,,,,,,,,,
Indiana,2014,36,29,23.44544779,1.1577928,19.21344,,,,15,1.1577928,19.21344,,,,,,,,,,,,
Indiana,2014,37,32,26.01181345,1.1890216,22.048584,,,,16,1.1890216,22.048584,,,,,,,,,,,,
Indiana,2014,38,34,28.40826942,1.213981,25.79654,,,,17,1.213981,25.79654,,,,,,,,,,,,
Indiana,2014,39,29,28.58578859,1.2329369,30.621124,,,,18,1.2329369,30.621124,,,,,,,,,,,,
Indiana,2014,40,46,33.81005201,1.2462629,36.73282,,,,19,1.2462629,36.73282,,,,,,,,,,,,
Indiana,2014,41,76,46.46703641,1.254391,44.395294,,,,20,1.254391,44.395294,,,,,,,,,,,,
Indiana,2014,42,59,50.22692549,1.2577775,53.829163,,,,21,1.2577775,53.829163,,,,,,,,,,,,
Indiana,2014,43,65,54.65884784,1.2568812,65.25409,,,,22,1.2568812,65.25409,,,,,,,,,,,,
Indiana,2014,44,66,58.06119349,1.252148,78.9577,,,,23,1.252148,78.9577,,,,,,,,,,,,
Indiana,2014,45,79,64.34283544,1.244003,95.032776,,,,24,1.244003,95.032776,,,,,,,,,,,,
Indiana,2014,46,95,73.53998481,1.2328463,113.480896,,,,25,1.2328463,113.480896,,,,,,,,,,,,
Indiana,2014,47,176,104.2779894,1.2190486,134.33264,,,,26,1.2190486,134.33264,,,,,,,,,,,,
Indiana,2014,48,126,110.7945926,1.2029505,157.18494,,,,27,1.2029505,157.18494,,,,,,,,,,,,
Indiana,2014,49,342,180.1562148,1.1848648,181.51404,,,,28,1.1848648,181.51404,,,,,,,,,,,,
Indiana,2014,50,543,289.0093504,1.1650746,206.7721,,,,29,1.1650746,206.7721,,,,,,,,,,,,
Indiana,2014,51,590,379.3065452,1.143836,231.81018,,,,30,1.143836,231.81018,,,,,,,,,,,,
Indiana,2014,52,466,405.3145817,1.1213807,255.56128,,,,31,1.1213807,255.56128,,,,,,,,,,,,
Indiana,2014,53,273,365.6202072,1.0979154,276.9878,,,,32,1.0979154,276.9878,,,,,,,,,,,,
Indiana,2015,1,239,327.634145,1.0736264,294.5923,,,,33,1.0736264,294.5923,,,,,,,,,,,,
Indiana,2015,2,280,313.3439015,1.0486794,307.36987,,,,34,1.0486794,307.36987,,,,,,,,,,,,
Indiana,2015,3,176,272.1407311,1.0232233,314.57983,,,,35,1.0232233,314.57983,,,,,,,,,,,,
Indiana,2015,4,150,235.4985117,0.9973888,315.39087,,,,36,0.9973888,315.39087,,,,,,,,,,,,
Indiana,2015,5,184,220.0489582,0.9712928,309.67505,,,,37,0.9712928,309.67505,,,,,,,,,,,,
Indiana,2015,6,180,208.0342708,0.9450389,297.8589,,,,38,0.9450389,297.8589,,,,,,,,,,,,
Indiana,2015,7,128,184.0239895,0.91871816,280.4253,,,,39,0.91871816,280.4253,,,,,,,,,,,,
Indiana,2015,8,117,163.9167927,0.8924117,258.2876,,,,40,0.8924117,258.2876,,,,,,,,,,,,
Indiana,2015,9,118,150.1417549,0.86618996,232.81543,,,,41,0.86618996,232.81543,,,,,,,,,,,,
Indiana,2015,10,155,151.5992284,0.8401156,205.35693,,,,42,0.8401156,205.35693,,,,,,,,,,,,
Indiana,2015,11,142,148.7194599,0.8142421,177.19385,,,,43,0.8142421,177.19385,,,,,,,,,,,,
Indiana,2015,12,107,136.2036219,0.7886176,149.55127,,,,44,0.7886176,149.55127,,,,,,,,,,,,
Indiana,2015,13,115,129.8425353,0.76328343,123.46484,,,,45,0.76328343,123.46484,,,,,,,,,,,,
Indiana,2015,14,102,121.4897747,0.73827463,99.68555,,,,46,0.73827463,99.68555,,,,,,,,,,,,
Indiana,2015,15,99,114.7428423,0.713622,78.81201,,,,47,0.713622,78.81201,,,,,,,,,,,,
Indiana,2015,16,67,100.4199896,0.68935186,60.95752,,,,48,0.68935186,60.95752,,,,,,,,,,,,
Indiana,2015,17,71,91.59399274,0.6654861,46.07666,,,,49,0.6654861,46.07666,,,,,,,,,,,,
Indiana,2015,18,44,77.31579492,0.642043,34.126465,,,,50,0.642043,34.126465,,,,,,,,,,,,
Indiana,2015,19,40,66.12105644,0.6190386,24.723633,,,,51,0.6190386,24.723633,,,,,,,,,,,,
Indiana,2015,20,34,56.48473951,0.59648454,17.533203,,,,52,0.59648454,17.533203,,,,,,,,,,,,
Indiana,2015,21,29,48.23931766,0.5743913,12.182129,,,,53,0.5743913,12.182129,,,,,,,,,,,,
Indiana,2015,22,23,40.66752236,0.55276626,8.280762,,,,54,0.55276626,8.280762,,,,,,,,,,,,
Indiana,2015,23,12,32.06726565,0.5316154,5.5180664,,,,55,0.5316154,5.5180664,,,,,,,,,,,,
Indiana,2015,24,28,30.84708596,0.51094174,3.600586,,,,56,0.51094174,3.600586,,,,,,,,,,,,
Indiana,2015,25,25,29.09296017,0.4907483,2.3017578,,,,57,0.4907483,2.3017578,,,,,,,,,,,,
Indiana,2015,26,19,26.06507212,0.47103503,1.4433594,,,,58,0.47103503,1.4433594,,,,,,,,,,,,
Indiana,2015,27,23,25.14555048,0.4518015,0.88671875,,,,59,0.4518015,0.88671875,,,,,,,,,,,,
Indiana,2015,28,9,20.30188534,0.61209166,20,,,,60,0.43304673,0.5341797,1,0.61209166,20,,,,,,,,,
Indiana,2015,29,13,18.11131974,0.8697004,17.004173,,,,61,0.41476694,0.3154297,2,0.8697004,17.004173,,,,,,,,,
Indiana,2015,30,11,15.97792382,1.0169077,15.815483,,,,62,0.3969592,0.18310547,3,1.0169077,15.815483,,,,,,,,,
Indiana,2015,31,17,16.28454667,1.0903894,17.245514,,,,63,0.37961847,0.104003906,4,1.0903894,17.245514,,,,,,,,,
Indiana,2015,32,21,17.69918267,1.1292229,19.114311,,,,64,0.36274046,0.05810547,5,1.1292229,19.114311,,,,,,,,,
Indiana,2015,33,31,21.68942787,1.1507493,21.447075,,,,65,0.34631866,0.03173828,6,1.1507493,21.447075,,,,,,,,,
Indiana,2015,34,35,25.68259951,1.1606432,24.255905,,,,,,,7,1.1606432,24.255905,,,,,,,,,
Indiana,2015,35,29,26.67781966,1.1616931,27.473785,,,,,,,8,1.1616931,27.473785,,,,,,,,,
Indiana,2015,36,36,29.47447376,1.1564306,31.025269,,,,,,,9,1.1564306,31.025269,,,,,,,,,
Indiana,2015,37,40,32.63213163,1.1472559,34.812225,,,,,,,10,1.1472559,34.812225,,,,,,,,,
Indiana,2015,38,45,36.34249214,1.1361641,38.714188,,,,,,,11,1.1361641,38.714188,,,,,,,,,
Indiana,2015,39,49,40.1397445,1.1246068,42.685028,,,,,,,12,1.1246068,42.685028,,,,,,,,,
Indiana,2015,40,64,47.29782115,1.113519,46.66449,,,,,,,13,1.113519,46.66449,,,,,,,,,
Indiana,2015,41,79,56.8084748,1.1034164,50.583527,,,,,,,14,1.1034164,50.583527,,,,,,,,,
Indiana,2015,42,66,59.56593236,1.0945143,54.45453,,,,,,,15,1.0945143,54.45453,,,,,,,,,
Indiana,2015,43,85,67.19615265,1.0868284,58.285492,,,,,,,16,1.0868284,58.285492,,,,,,,,,
Indiana,2015,44,85,72.53730686,1.0802561,62.044495,,,,,,,17,1.0802561,62.044495,,,,,,,,,
Indiana,2015,45,80,74.7761148,1.074634,65.73572,,,,,,,18,1.074634,65.73572,,,,,,,,,
Indiana,2015,46,85,77.84328036,1.0697758,69.41638,,,,,,,19,1.0697758,69.41638,,,,,,,,,
Indiana,2015,47,56,71.29029625,1.0654943,73.05969,,,,,,,20,1.0654943,73.05969,,,,,,,,,
Indiana,2015,48,59,67.60320738,1.0616177,76.62659,,,,,,,21,1.0616177,76.62659,,,,,,,,,
Indiana,2015,49,95,75.82224516,1.0579948,80.16687,,,,,,,22,1.0579948,80.16687,,,,,,,,,
Indiana,2015,50,104,84.27557161,1.0544986,83.67273,,,,,,,23,1.0544986,83.67273,,,,,,,,,
Indiana,2015,51,64,78.19290013,1.0510243,87.07129,,,,,,,24,1.0510243,87.07129,,,,,,,,,
Indiana,2015,52,64,73.93503009,1.0474906,90.347534,,,,,,,25,1.0474906,90.347534,,,,,,,,,
Indiana,2016,1,65,71.25452106,1.0438337,93.53467,,,,,,,26,1.0438337,93.53467,,,,,,,,,
Indiana,2016,2,57,66.97816474,1.0400085,96.546875,,,,,,,27,1.0400085,96.546875,,,,,,,,,
Indiana,2016,3,84,72.08471532,1.0359815,99.30322,,,,,,,28,1.0359815,99.30322,,,,,,,,,
Indiana,2016,4,104,81.65930072,1.031734,101.84729,,,,,,,29,1.031734,101.84729,,,,,,,,,
Indiana,2016,5,78,80.56151051,1.0272541,104.12256,,,,,,,30,1.0272541,104.12256,,,,,,,,,
Indiana,2016,6,94,84.59305736,1.0225387,106.022095,,,,,,,31,1.0225387,106.022095,,,,,,,,,
Indiana,2016,7,118,94.61514015,1.0175902,107.53931,,,,,,,32,1.0175902,107.53931,,,,,,,,,
Indiana,2016,8,171,117.5305981,1.012416,108.69446,,,,,,,33,1.012416,108.69446,,,,,,,,,
Indiana,2016,9,226,150.0714187,1.0070262,109.39014,,,,,,,34,1.0070262,109.39014,,,,,,,,,
Indiana,2016,10,263,183.9499931,1.0014337,109.56616,,,,,,,35,1.0014337,109.56616,,,,,,,,,
Indiana,2016,11,169,179.4649951,0.99565315,109.29614,,,,,,,36,0.99565315,109.29614,,,,,,,,,
Indiana,2016,12,141,167.9254966,0.9897002,108.53931,,,,,,,37,0.9897002,108.53931,,,,,,,,,
Indiana,2016,13,110,150.5478476,0.9835908,107.23047,,,,,,,38,0.9835908,107.23047,,,,,,,,,
Indiana,2016,14,92,132.9834933,0.9773418,105.41577,,,,,,,39,0.9773418,105.41577,,,,,,,,,
Indiana,2016,15,67,113.1884453,0.97096884,103.157715,,,,,,,40,0.97096884,103.157715,,,,,,,,,
Indiana,2016,16,83,104.1319117,0.964488,100.42212,,,,,,,41,0.964488,100.42212,,,,,,,,,
Indiana,2016,17,77,95.99233821,0.95791525,97.20947,,,,,,,42,0.95791525,97.20947,,,,,,,,,
Indiana,2016,18,39,78.89463675,0.9512647,93.636475,,,,,,,43,0.9512647,93.636475,,,,,,,,,
Indiana,2016,19,33,65.12624573,0.94455075,89.73413,,,,,,,44,0.94455075,89.73413,,,,,,,,,
Indiana,2016,20,40,57.58837201,0.9377869,85.50586,,,,,,,45,0.9377869,85.50586,,,,,,,,,
Indiana,2016,21,31,49.61186041,0.93098533,81.01514,,,,,,,46,0.93098533,81.01514,,,,,,,,,
Indiana,2016,22,21,41.02830228,0.9241585,76.37598,,,,,,,47,0.9241585,76.37598,,,,,,,,,
Indiana,2016,23,35,39.2198116,0.91731673,71.60986,,,,,,,48,0.91731673,71.60986,,,,,,,,,
Indiana,2016,24,35,37.95386812,0.91047096,66.744385,,,,,,,49,0.91047096,66.744385,,,,,,,,,
Indiana,2016,25,14,30.76770768,0.9036301,61.868164,,,,,,,50,0.9036301,61.868164,1,0.400253,31,,,,,,
Indiana,2016,26,6,23.33739538,0.8968033,57.053223,,,,,,,51,0.8968033,57.053223,2,0.77440655,22.434448,,,,,,
Indiana,2016,27,23,23.23617676,0.8899986,52.319336,,,,,,,52,0.8899986,52.319336,3,1.0004395,19.941422,,,,,,
Indiana,2016,28,21,22.56532374,0.8832231,47.69336,,,,,,,53,0.8832231,47.69336,4,1.0850425,22.392967,,,,,,
Indiana,2016,29,28,24.19572661,0.87648404,43.246582,,,,,,,54,0.87648404,43.246582,5,1.090455,24.623123,,,,,,
Indiana,2016,30,19,22.63700863,0.8697871,39.013916,,,,,,,55,0.8697871,39.013916,6,1.0666178,26.281715,,,,,,
Indiana,2016,31,24,23.04590604,1.0392936,27.272568,,,,,,,,,,7,1.0392936,27.272568,,,,,,
Indiana,2016,32,19,21.83213423,1.018516,27.721863,,,,,,,,,,8,1.018516,27.721863,,,,,,
Indiana,2016,33,27,23.38249396,1.0067066,27.796844,,,,,,,,,,9,1.0067066,27.796844,,,,,,
Indiana,2016,34,58,33.76774577,1.0032014,27.865494,,,,,,,,,,10,1.0032014,27.865494,,,,,,
Indiana,2016,35,41,35.93742204,1.0063411,27.886108,,,,,,,,,,11,1.0063411,27.886108,,,,,,
Indiana,2016,36,20,31.15619543,1.0143392,28.114105,,,,,,,,,,12,1.0143392,28.114105,,,,,,
Indiana,2016,37,31,31.1093368,1.0255978,28.585297,,,,,,,,,,13,1.0255978,28.585297,,,,,,
Indiana,2016,38,20,27.77653576,1.0387965,29.357666,,,,,,,,,,14,1.0387965,29.357666,,,,,,
Indiana,2016,39,23,26.34357503,1.0528895,30.494446,,,,,,,,,,15,1.0528895,30.494446,,,,,,
Indiana,2016,40,70,39.44050252,1.0670686,32.02533,,,,,,,,,,16,1.0670686,32.02533,,,,,,
Indiana,2016,41,63,46.50835177,1.0807263,33.97647,,,,,,,,,,17,1.0807263,33.97647,,,,,,
Indiana,2016,42,36,43.35584624,1.0934142,36.410797,,,,,,,,,,18,1.0934142,36.410797,,,,,,
Indiana,2016,43,37,41.44909237,1.1048104,39.383423,,,,,,,,,,19,1.1048104,39.383423,,,,,,
Indiana,2016,44,74,51.21436466,1.1146932,42.906982,,,,,,,,,,20,1.1146932,42.906982,,,,,,
Indiana,2016,45,56,52.65005526,1.122918,47.048157,,,,,,,,,,21,1.122918,47.048157,,,,,,
Indiana,2016,46,36,47.65503868,1.1294003,51.884216,,,,,,,,,,22,1.1294003,51.884216,,,,,,
Indiana,2016,47,37,44.45852708,1.1341026,57.42572,,,,,,,,,,23,1.1341026,57.42572,,,,,,
Indiana,2016,48,60,49.12096895,1.137022,63.700134,,,,,,,,,,24,1.137022,63.700134,,,,,,
Indiana,2016,49,74,56.58467827,1.1381832,70.76953,,,,,,,,,,25,1.1381832,70.76953,,,,,,
Indiana,2016,50,81,63.90927479,1.1376315,78.63867,,,,,,,,,,26,1.1376315,78.63867,,,,,,
Indiana,2016,51,49,59.43649235,1.1354257,87.2262,,,,,,,,,,27,1.1354257,87.2262,,,,,,
Indiana,2016,52,82,66.20554465,1.1316353,96.511475,,,,,,,,,,28,1.1316353,96.511475,,,,,,
Indiana,2017,1,82,70.94388125,1.126338,106.443726,,,,,,,,,,29,1.126338,106.443726,,,,,,
Indiana,2017,2,102,80.26071688,1.1196151,116.819824,,,,,,,,,,30,1.1196151,116.819824,,,,,,
Indiana,2017,3,108,88.58250181,1.11155,127.42529,,,,,,,,,,31,1.11155,127.42529,,,,,,
Indiana,2017,4,207,124.1077513,1.1022294,138.08362,,,,,,,,,,32,1.1022294,138.08362,,,,,,
Indiana,2017,5,281,171.1754259,1.0917364,148.53833,,,,,,,,,,33,1.0917364,148.53833,,,,,,
Indiana,2017,6,306,211.6227981,1.0801553,158.35193,,,,,,,,,,34,1.0801553,158.35193,,,,,,
Indiana,2017,7,363,257.0359587,1.0675668,167.20703,,,,,,,,,,35,1.0675668,167.20703,,,,,,
Indiana,2017,8,317,275.0251711,1.0540498,174.82568,,,,,,,,,,36,1.0540498,174.82568,,,,,,
Indiana,2017,9,201,252.8176198,1.03968,180.83057,,,,,,,,,,37,1.03968,180.83057,,,,,,
Indiana,2017,10,262,255.5723338,1.0245296,184.80176,,,,,,,,,,38,1.0245296,184.80176,,,,,,
Indiana,2017,11,213,242.8006337,1.0086677,186.56006,,,,,,,,,,39,1.0086677,186.56006,,,,,,
Indiana,2017,12,193,227.8604436,0.9921593,186.01172,,,,,,,,,,40,0.9921593,186.01172,,,,,,
Indiana,2017,13,136,200.3023105,0.9750677,182.96729,,,,,,,,,,41,0.9750677,182.96729,,,,,,
Indiana,2017,14,140,182.2116174,0.9574501,177.41846,,,,,,,,,,42,0.9574501,177.41846,,,,,,
Indiana,2017,15,80,151.5481321,0.939362,169.60742,,,,,,,,,,43,0.939362,169.60742,,,,,,
Indiana,2017,16,81,130.3836925,0.9208551,159.81274,,,,,,,,,,44,0.9208551,159.81274,,,,,,
Indiana,2017,17,66,111.0685848,0.9019782,148.22607,,,,,,,,,,45,0.9019782,148.22607,,,,,,
Indiana,2017,18,57,94.84800933,0.8827763,135.31885,,,,,,,,,,46,0.8827763,135.31885,,,,,,
Indiana,2017,19,21,72.69360653,0.8632918,121.62964,,,,,,,,,,47,0.8632918,121.62964,,,,,,
Indiana,2017,20,16,55.68552457,0.843564,107.53369,,,,,,,,,,48,0.843564,107.53369,,,,,,
Indiana,2017,21,11,42.2798672,0.82363,93.44971,,,,,,,,,,49,0.82363,93.44971,,,,,,
Indiana,2017,22,9,32.29590704,0.8035243,79.86865,,,,,,,,,,50,0.8035243,79.86865,,,,,,
Indiana,2017,23,5,24.10713493,0.7832782,67.109375,,,,,,,,,,51,0.7832782,67.109375,,,,,,
Indiana,2017,24,7,18.97499445,0.7629217,55.367676,,,,,,,,,,52,0.7629217,55.367676,,,,,,
Indiana,2017,25,4,14.48249611,0.7424821,44.884766,,,,,,,,,,53,0.7424821,44.884766,,,,,,
Indiana,2017,26,2,10.73774728,0.7219845,35.75293,,,,,,,,,,54,0.7219845,35.75293,,,,,,
Indiana,2017,27,2,8.116423096,0.70145315,27.941895,,,,,,,,,,55,0.70145315,27.941895,,,,,,
Indiana,2017,28,6,7.481496167,0.6809095,21.44336,,,,,,,,,,56,0.6809095,21.44336,,,,,,
Indiana,2017,29,16,10.03704732,0.6603734,16.158691,,,,,,,,,,57,0.6603734,16.158691,,,,,,
Indiana,2017,30,13,10.92593312,0.63986343,11.939453,,,,,,,,,,58,0.63986343,11.939453,,,,,,
Indiana,2017,31,23,14.54815319,0.61939746,8.659668,,,,,,,,,,59,0.61939746,8.659668,,,,,,
Indiana,2017,32,26,17.98370723,0.9798106,18,,,,,,,,,,60,0.5989903,6.1621094,,1,0.9798106,18,,
Indiana,2017,33,25,20.08859506,1.2196848,23.480957,,,,,,,,,,61,0.5786574,4.2978516,,2,1.2196848,23.480957,,
Indiana,2017,34,40,26.06201654,1.2577434,27.52166,,,,,,,,,,62,0.5584114,2.9418945,,3,1.2577434,27.52166,,
Indiana,2017,35,44,31.44341158,1.1877277,33.099342,,,,,,,,,,63,0.5382653,1.9736328,,4,1.1877277,33.099342,,
Indiana,2017,36,49,36.71038811,1.1088865,36.742447,,,,,,,,,,64,0.5182302,1.2978516,,5,1.1088865,36.742447,,
Indiana,2017,37,47,39.79727167,1.0612967,38.58319,,,,,,,,,,65,0.49831605,0.83740234,,6,1.0612967,38.58319,,
Indiana,2017,38,48,42.25809017,1.0467962,39.694992,,,,,,,,,,,,,,7,1.0467962,39.694992,,
Indiana,2017,39,57,46.68066312,1.0547904,41.039062,,,,,,,,,,,,,,8,1.0547904,41.039062,,
Indiana,2017,40,68,53.07646418,1.0743998,43.122437,,,,,,,,,,,,,,9,1.0743998,43.122437,,
Indiana,2017,41,59,54.85352493,1.097838,46.200256,,,,,,,,,,,,,,10,1.097838,46.200256,,
Indiana,2017,42,69,59.09746745,1.1203854,50.436005,,,,,,,,,,,,,,11,1.1203854,50.436005,,
Indiana,2017,43,81,65.66822722,1.1395417,55.90213,,,,,,,,,,,,,,12,1.1395417,55.90213,,
Indiana,2017,44,80,69.96775905,1.154214,62.70804,,,,,,,,,,,,,,13,1.154214,62.70804,,
Indiana,2017,45,70,69.97743134,1.1641339,70.95715,,,,,,,,,,,,,,14,1.1641339,70.95715,,
Indiana,2017,46,58,66.38420193,1.1694816,80.67206,,,,,,,,,,,,,,15,1.1694816,80.67206,,
Indiana,2017,47,39,58.16894135,1.1706623,91.836365,,,,,,,,,,,,,,16,1.1706623,91.836365,,
Indiana,2017,48,110,73.71825895,1.1681705,104.44623,,,,,,,,,,,,,,17,1.1681705,104.44623,,
Indiana,2017,49,127,89.70278126,1.1625191,118.40741,,,,,,,,,,,,,,18,1.1625191,118.40741,,
Indiana,2017,50,106,94.59194688,1.1542006,133.41919,,,,,,,,,,,,,,19,1.1542006,133.41919,,
Indiana,2017,51,159,113.9143628,1.1436646,149.19702,,,,,,,,,,,,,,20,1.1436646,149.19702,,
Indiana,2017,52,167,129.840054,1.1313145,165.40332,,,,,,,,,,,,,,21,1.1313145,165.40332,,
Indiana,2018,1,194,149.0880378,1.1175039,181.56421,,,,,,,,,,,,,,22,1.1175039,181.56421,,
Indiana,2018,2,318,199.7616264,1.10254,197.0166,,,,,,,,,,,,,,23,1.10254,197.0166,,
Indiana,2018,3,369,250.5331385,1.086687,211.23242,,,,,,,,,,,,,,24,1.086687,211.23242,,
Indiana,2018,4,448,309.773197,1.0701703,223.73816,,,,,,,,,,,,,,25,1.0701703,223.73816,,
Indiana,2018,5,423,343.7412379,1.0531815,233.9336,,,,,,,,,,,,,,26,1.0531815,233.9336,,
Indiana,2018,6,442,373.2188665,1.0358826,241.24365,,,,,,,,,,,,,,27,1.0358826,241.24365,,
Indiana,2018,7,356,368.0532066,1.0184108,245.43164,,,,,,,,,,,,,,28,1.0184108,245.43164,,
Indiana,2018,8,158,305.0372446,1.0008793,246.39404,,,,,,,,,,,,,,29,1.0008793,246.39404,,
Indiana,2018,9,180,267.5260712,0.9833835,243.89917,,,,,,,,,,,,,,30,0.9833835,243.89917,,
Indiana,2018,10,132,226.8682498,0.96600264,238.03711,,,,,,,,,,,,,,31,0.96600264,238.03711,,
Indiana,2018,11,73,180.7077749,0.94880223,229.19897,,,,,,,,,,,,,,32,0.94880223,229.19897,,
Indiana,2018,12,154,172.6954424,0.93183535,217.75464,,,,,,,,,,,,,,33,0.93183535,217.75464,,
Indiana,2018,13,118,156.2868097,0.91514474,203.98633,,,,,,,,,,,,,,34,0.91514474,203.98633,,
Indiana,2018,14,101,139.7007668,0.8987654,188.54443,,,,,,,,,,,,,,35,0.8987654,188.54443,,
Indiana,2018,15,110,130.7905368,0.8827244,172.08154,,,,,,,,,,,,,,36,0.8827244,172.08154,,
Indiana,2018,16,75,114.0533757,0.867043,154.97705,,,,,,,,,,,,,,37,0.867043,154.97705,,
Indiana,2018,17,63,98.73736301,0.85173696,137.76416,,,,,,,,,,,,,,38,0.85173696,137.76416,,
Indiana,2018,18,65,88.61615411,0.83681804,120.998535,,,,,,,,,,,,,,39,0.83681804,120.998535,,
Indiana,2018,19,38,73.43130787,0.8222937,104.98779,,,,,,,,,,,,,,40,0.8222937,104.98779,,
Indiana,2018,20,29,60.10191551,0.80816835,89.964355,,,,,,,,,,,,,,41,0.80816835,89.964355,,
Indiana,2018,21,30,51.07134086,0.7944441,76.217285,,,,,,,,,,,,,,42,0.7944441,76.217285,,
Indiana,2018,22,28,44.1499386,0.7811208,63.864258,,,,,,,,,,,,,,43,0.7811208,63.864258,,
Indiana,2018,23,29,39.60495702,0.76819587,52.88916,,,,,,,,,,,,,,44,0.76819587,52.88916,,
Indiana,2018,24,9,30.42346991,0.7556655,43.331543,,,,,,,,,,,,,,45,0.7556655,43.331543,,
Indiana,2018,25,13,25.19642894,0.7435255,35.149414,,,,,,,,,,,,,,46,0.7435255,35.149414,,
Indiana,2018,26,16,22.43750026,0.73176897,28.206543,,,,,,,,,,,,,,47,0.73176897,28.206543,,
Indiana,2018,27,14,19.90625018,0.7203893,22.406738,,,,,,,,,,,,,,48,0.7203893,22.406738,,
Indiana,2018,28,20,19.93437513,0.70937914,17.63916,,,,,,,,,,,,,,49,0.70937914,17.63916,,
Indiana,2018,29,24,21.15406259,0.6987301,13.751465,,,,,,,,,,,,,,50,0.6987301,13.751465,0.5862227,21
Indiana,2018,30,18,20.20784381,0.9673608,17.81409,,,,,,,,,,,,,,51,0.6884338,10.620117,0.9673608,17.81409
Indiana,2018,31,16,18.94549067,1.1693205,19.128204,,,,,,,,,,,,,,52,0.6784815,8.133301,1.1693205,19.128204
Indiana,2018,32,31,22.56184347,1.2166611,23.420498,,,,,,,,,,,,,,53,0.66886413,6.175293,1.2166611,23.420498
Indiana,2018,33,29,24.49329043,1.1871632,27.71756,,,,,,,,,,,,,,54,0.6595725,4.647461,1.1871632,27.71756
Indiana,2018,34,43,30.0453033,1.1376842,31.305328,,,,,,,,,,,,,,55,0.6505974,3.4707031,1.1376842,31.305328
Indiana,2018,35,48,35.43171231,1.0949069,33.927704,,,,,,,,,,,,,,,,7,1.0949069,33.927704
Indiana,2018,36,27,32.90219862,1.0669054,35.773666,,,,,,,,,,,,,,,,8,1.0669054,35.773666
Indiana,2018,37,52,38.63153903,1.0532831,37.198517,,,,,,,,,,,,,,,,9,1.0532831,37.198517
Indiana,2018,38,41,39.34207732,1.0507568,38.574966,,,,,,,,,,,,,,,,10,1.0507568,38.574966
Indiana,2018,39,34,37.73945413,1.055662,40.110596,,,,,,,,,,,,,,,,11,1.055662,40.110596
Indiana,2018,40,65,45.91761789,1.0648787,42.029205,,,,,,,,,,,,,,,,12,1.0648787,42.029205
Indiana,2018,41,58,49.54233252,1.0760479,44.438416,,,,,,,,,,,,,,,,13,1.0760479,44.438416
Indiana,2018,42,47,48.77963277,1.0875143,47.394836,,,,,,,,,,,,,,,,14,1.0875143,47.394836
Indiana,2018,43,65,53.64574294,1.0981846,50.99051,,,,,,,,,,,,,,,,15,1.0981846,50.99051
Indiana,2018,44,77,60.65202005,1.1073817,55.284424,,,,,,,,,,,,,,,,16,1.1073817,55.284424
Indiana,2018,45,79,66.15641404,1.1147271,60.270813,,,,,,,,,,,,,,,,17,1.1147271,60.270813
Indiana,2018,46,81,70.60948983,1.1200463,65.99353,,,,,,,,,,,,,,,,18,1.1200463,65.99353
Indiana,2018,47,54,65.62664288,1.1232975,72.500305,,,,,,,,,,,,,,,,19,1.1232975,72.500305
Indiana,2018,48,93,73.83865002,1.1245285,79.7431,,,,,,,,,,,,,,,,20,1.1245285,79.7431
Indiana,2018,49,96,80.48705501,1.1238385,87.66498,,,,,,,,,,,,,,,,21,1.1238385,87.66498
Indiana,2018,50,108,88.74093851,1.121359,96.24866,,,,,,,,,,,,,,,,22,1.121359,96.24866
Indiana,2018,51,129,100.818657,1.1172347,105.41858,,,,,,,,,,,,,,,,23,1.1172347,105.41858
Indiana,2018,52,104,101.7730599,1.1116154,114.95691,,,,,,,,,,,,,,,,24,1.1116154,114.95691
Indiana,2019,1,98,100.6411419,1.1046512,124.71814,,,,,,,,,,,,,,,,25,1.1046512,124.71814
Indiana,2019,2,144,113.6487993,1.0964848,134.55713,,,,,,,,,,,,,,,,26,1.0964848,134.55713
Indiana,2019,3,211,142.8541595,1.0872517,144.19519,,,,,,,,,,,,,,,,27,1.0872517,144.19519
Indiana,2019,4,171,151.2979117,1.0770793,153.29248,,,,,,,,,,,,,,,,28,1.0770793,153.29248
Indiana,2019,5,165,155.4085382,1.0660834,161.63184,,,,,,,,,,,,,,,,29,1.0660834,161.63184
Indiana,2019,6,204,169.9859767,1.0543723,168.99646,,,,,,,,,,,,,,,,30,1.0543723,168.99646
Indiana,2019,7,214,183.1901837,1.0420443,174.9978,,,,,,,,,,,,,,,,31,1.0420443,174.9978
Indiana,2019,8,252,203.8331286,1.0291891,179.38013,,,,,,,,,,,,,,,,32,1.0291891,179.38013
Indiana,2019,9,263,221.58319,1.0158877,182.03442,,,,,,,,,,,,,,,,33,1.0158877,182.03442
Indiana,2019,10,250,230.108233,1.0022134,182.83496,,,,,,,,,,,,,,,,34,1.0022134,182.83496
Indiana,2019,11,248,235.4757631,0.9882334,181.55298,,,,,,,,,,,,,,,,35,0.9882334,181.55298
Indiana,2019,12,187,220.9330342,0.97400725,178.25488,,,,,,,,,,,,,,,,36,0.97400725,178.25488
Indiana,2019,13,138,196.0531239,0.95958954,173.10327,,,,,,,,,,,,,,,,37,0.95958954,173.10327
Indiana,2019,14,103,168.1371867,0.9450292,166.14941,,,,,,,,,,,,,,,,38,0.9450292,166.14941
Indiana,2019,15,103,148.5960307,0.93036973,157.54175,,,,,,,,,,,,,,,,39,0.93036973,157.54175
Indiana,2019,16,101,134.3172215,0.9156507,147.64087,,,,,,,,,,,,,,,,40,0.9156507,147.64087
Indiana,2019,17,64,113.2220551,0.9009075,136.77612,,,,,,,,,,,,,,,,41,0.9009075,136.77612
Indiana,2019,18,76,102.0554385,0.88617194,125.12964,,,,,,,,,,,,,,,,42,0.88617194,125.12964
Indiana,2019,19,60,89.43880698,0.8714722,113.08447,,,,,,,,,,,,,,,,43,0.8714722,113.08447
Indiana,2019,20,36,73.40716488,0.85683346,101.02051,,,,,,,,,,,,,,,,44,0.85683346,101.02051
Indiana,2019,21,30,60.38501542,0.84227884,89.143555,,,,,,,,,,,,,,,,45,0.84227884,89.143555
Indiana,2019,22,39,53.96951079,0.82782805,77.68262,,,,,,,,,,,,,,,,46,0.82782805,77.68262
Indiana,2019,23,26,45.57865756,0.81349903,66.90674,,,,,,,,,,,,,,,,47,0.81349903,66.90674
Indiana,2019,24,31,41.20506029,0.79930824,56.95215,,,,,,,,,,,,,,,,48,0.79930824,56.95215
Indiana,2019,25,22,35.4435422,0.7852688,47.873047,,,,,,,,,,,,,,,,49,0.7852688,47.873047
Indiana,2019,26,24,32.01047954,0.7713937,39.769043,,,,,,,,,,,,,,,,50,0.7713937,39.769043
Indiana,2019,27,23,29.30733568,0.7576933,32.66748,,,,,,,,,,,,,,,,51,0.7576933,32.66748
Indiana,2019,28,7,22.61513498,0.7441772,26.50586,,,,,,,,,,,,,,,,52,0.7441772,26.50586
Indiana,2019,29,14,20.03059448,0.7308537,21.254883,,,,,,,,,,,,,,,,53,0.7308537,21.254883
Indiana,2019,30,6,15.82141614,0.71772975,16.860352,,,,,,,,,,,,,,,,54,0.71772975,16.860352
Indiana,2019,31,10,14.0749913,0.7048112,13.216309,,,,,,,,,,,,,,,,55,0.7048112,13.216309
Indiana,2019,32,11,13.15249391,0.6921028,10.241211,,,,,,,,,,,,,,,,56,0.6921028,10.241211
Indiana,2019,33,9,11.90674574,0.67960906,7.852539,,,,,,,,,,,,,,,,57,0.67960906,7.852539
Indiana,2019,34,8,10.73472201,0.6673333,5.9526367,,,,,,,,,,,,,,,,58,0.6673333,5.9526367
