Day,Beta,temp
1,1.385259628,17.83
2,1.376729965,21.33
3,1.367957592,22.94
4,1.358974457,22.17
5,1.349812388,20.33
6,1.340502858,12.89
7,1.331076264,9.17
8,1.321562767,14.61
9,1.311990976,17.5
10,1.302389264,17.17
11,1.292783976,17.83
12,1.283200741,19.11
13,1.273663521,14.56
14,1.264195204,12.17
15,1.25481689,14.39
16,1.245547891,11.44
17,1.236406803,8.83
18,1.227409601,9.94
19,1.218571424,7
20,1.209905624,8.56
21,1.201423883,10.33
22,1.193136454,6.44
23,1.185052156,5.17
24,1.177178383,3.44
25,1.169521213,3.39
26,1.162085652,6.67
27,1.154874921,8.11
28,1.147891641,7.67
29,1.1411376,7.78
30,1.134613276,10.06
31,1.12831831,13.78
32,1.122252226,8.28
33,1.116413116,9.11
34,1.110799193,8.56
35,1.105408072,8.72
36,1.100236773,11
37,1.095282435,10.44
38,1.09054184,4.06
39,1.086011767,2.89
40,1.081688762,7.67
41,1.077569723,9.78
42,1.073651314,5.44
43,1.069930673,0.56
44,1.066405177,-5.89
45,1.063071609,2.11
46,1.05992806,6.56
47,1.056972146,7
48,1.054202437,13.56
49,1.051616669,10.06
50,1.049214363,4.61
51,1.046994209,7
52,1.044955254,5.28
53,1.043097615,0.61
54,1.041420698,-5.06
55,1.039924622,-9.22
56,1.038609862,-7.78
57,1.03747654,-0.28
58,1.036525369,-3.11
59,1.035756826,-5.94
60,1.035171866,-2.78
61,1.034770966,-1.44
62,1.034555078,4.28
63,1.034524679,2.28
64,1.034680724,5.28
65,1.035023093,4.28
66,1.035552502,0.39
67,1.036268711,-9.78
68,1.037171721,-13.28
69,1.038260698,-13.94
70,1.039534926,-8.28
71,1.040993094,-14.72
72,1.042633176,-7.44
73,1.044453144,-10.56
74,1.046450138,-7.5
75,1.048620701,-3.44
76,1.050960779,-6.06
77,1.053465724,-8.39
78,1.056130052,-6.44
79,1.058947802,-1.22
80,1.061911941,2.61
81,1.065014839,0.78
82,1.068247795,-3.72
83,1.071601868,-4.83
84,1.075065851,-6.44
85,1.078629613,-16.39
86,1.082280517,-13.28
87,1.086005449,-3.44
88,1.089790821,-1.67
89,1.093621731,1.28
90,1.097482443,4.56
91,1.101356506,-12.06
92,1.105226517,-11.78
93,1.109074235,-11.61
94,1.112880707,-12.89
95,1.11662662,-15.39
96,1.120291233,-9.06
97,1.123854041,-5.39
98,1.127293587,-16.94
99,1.130587935,-21.89
100,1.13371563,-14
101,1.1366539,-11.67
102,1.139380455,-9.22
103,1.141873002,-0.61
104,1.144109368,-1.11
105,1.146067381,4.39
106,1.14772594,2.72
107,1.149063349,-1.06
108,1.150059104,-5.33
109,1.150694132,-4.94
110,1.15094924,-10.89
111,1.150806665,-2.17
112,1.150250196,2.22
113,1.149264693,-2.83
114,1.147836685,-14.5
115,1.145953774,-11.17
116,1.143606901,-17.22
117,1.140787125,-1.83
118,1.1374892,-2.33
119,1.133709073,0.11
120,1.129445195,-16.44
121,1.124699593,-14.06
122,1.119475603,-5.11
123,1.113780022,-1.56
124,1.107622504,-10
125,1.10101521,-8.06
126,1.09397316,-12.39
127,1.086515188,-8.22
128,1.078661561,-7.39
129,1.070436597,-15.11
130,1.061866283,-17.33
131,1.052980065,-13.67
132,1.043808937,-8.61
133,1.034386396,-14.22
134,1.024747968,-18.17
135,1.01493001,-14.39
136,1.004970551,-7.17
137,0.99490881,-1.22
138,0.984783292,-8.94
139,0.974633694,-7.56
140,0.964499116,-4.33
141,0.954416931,-1
142,0.944424808,6.39
143,0.934558034,4.44
144,0.924850702,1.5
145,0.915334582,-1.67
146,0.906039059,-2.28
147,0.896991134,-5.83
148,0.888215065,-6.89
149,0.879732668,-12.89
150,0.871563077,-11.11
151,0.863721967,-14.61
152,0.856222928,-5.22
153,0.84907645,-14.56
154,0.842290938,-18.94
155,0.835871816,-13.67
156,0.829822838,-5.28
157,0.82414484,-4.33
158,0.818837464,-1.67
159,0.813898027,2.28
160,0.809323132,-2.17
161,0.80510664,5.44
162,0.801242888,11.94
163,0.797724009,5.67
164,0.794541597,0.78
165,0.791686773,7.61
166,0.78914994,8.83
167,0.786921382,3.28
168,0.784990788,-2.28
169,0.783348262,1.5
170,0.781982899,5.94
171,0.780884743,2.39
172,0.780043423,6.28
173,0.779449165,6.22
174,0.779091954,-2.61
175,0.778962255,-3.17
176,0.779050589,-1.28
177,0.779348314,-2.78
178,0.779846549,4.78
179,0.780537069,8
180,0.781411767,2.28
181,0.782462955,4.78
182,0.783683062,13.06
183,0.785065055,13.06
184,0.78660202,2.22
185,0.78828752,6.11
186,0.79011488,6.06
187,0.792077899,2.11
188,0.794170678,6.11
189,0.796386957,10.72
190,0.798721254,11.67
191,0.801167786,9.06
192,0.803720951,13.78
193,0.806375146,15.5
194,0.809125125,16.06
195,0.811965287,21.44
196,0.814890206,8.5
197,0.817894638,1.11
198,0.820973396,2.61
199,0.824120879,10.5
200,0.827332079,6.11
201,0.830601871,10.56
202,0.833924651,17.83
203,0.837296009,21.67
204,0.840710223,18.56
205,0.844162881,13.78
206,0.847648799,10.28
207,0.851163268,11.44
208,0.8547014,16.78
209,0.858259082,18.22
210,0.861831367,13.83
211,0.865414083,15.56
212,0.869003236,7.5
213,0.872594595,5.56
214,0.876184344,7.39
215,0.87976867,13.06
216,0.883344054,15.06
217,0.886906922,13.67
218,0.890454054,15.28
219,0.89398247,17.94
220,0.897489011,24.44
221,0.900970936,21.61
222,0.904425502,14.17
223,0.907850266,18.78
224,0.911242783,18.17
225,0.914600849,16.72
226,0.917922318,11.44
227,0.921204865,11.5
228,0.92444706,7.56
229,0.927646637,8.5
230,0.930802464,12.33
231,0.933912635,16
232,0.936975241,19.94
233,0.939989388,23.56
234,0.942953348,19.89
235,0.945866108,17.94
236,0.948726177,20.61
237,0.951532125,20.89
238,0.954283357,20.28
239,0.956978202,21.78
240,0.959615886,22.22
241,0.962195456,21.83
242,0.9647156,24.22
243,0.967175543,25.72
244,0.969573796,25.39
245,0.97191,24.72
246,0.974183083,23.06
247,0.976391971,22
248,0.978535533,21.5
249,0.980613351,19.56
250,0.98262465,23.5
251,0.984568059,19.61
252,0.986443043,17.72
253,0.988248765,19.56
254,0.989984512,20.11
255,0.991649508,22.5
256,0.993243277,20.83
257,0.994765162,19.28
258,0.996214271,22.61
259,0.997590661,23.83
260,0.998893738,25.67
261,1.000123143,19.94
262,1.001278877,27.11
263,1.002360821,23.33
264,1.003368974,25.28
265,1.004304051,25.17
266,1.005165815,22.94
267,1.005955577,22.28
268,1.006673932,24
269,1.007321835,25.5
270,1.007900953,22.22
271,1.008412838,23.17
272,1.008859754,23.67
273,1.009243727,24.06
274,1.009567499,22.28
275,1.00983417,21.11
276,1.010047674,16.39
277,1.010211468,19.89
278,1.0103302,22.06
279,1.010408759,20.44
280,1.010453224,26.61
281,1.01046896,25.72
282,1.010462999,23.44
283,1.010442734,22.44
284,1.010415554,23.56
285,1.010390282,22.61
286,1.010375977,25.28
287,1.010382652,23.17
288,1.01042068,21.06
289,1.010501027,17.94
290,1.010635614,20.33
291,1.010836959,21.11
292,1.011117816,21.89
293,1.011491656,23.11
294,1.011973143,24.44
295,1.012576103,28.06
296,1.013315916,28.89
297,1.014207482,24.5
298,1.015266776,22.33
299,1.016509056,22.72
300,1.017950296,25.56
301,1.019605875,22.83
302,1.021490812,19.94
303,1.023620248,20.94
304,1.02600801,21.72
305,1.028667927,21.78
306,1.031612039,23.61
307,1.034851551,24.61
308,1.038396239,25.44
309,1.042253971,25.5
310,1.046430826,23.61
311,1.050930619,20.72
312,1.055754781,20.94
313,1.060902119,22.67
314,1.066369057,22.67
315,1.072147846,22.83
316,1.078228951,22.22
317,1.08459866,17.44
318,1.091240048,25.22
319,1.098133087,23.83
320,1.105253935,21.33
321,1.112575769,21.89
322,1.120068789,21.33
323,1.127699852,25.61
324,1.135433435,25.5
325,1.143231511,23
326,1.151053905,27.39
327,1.158859372,27.28
328,1.166605473,25.22
329,1.174248457,28.5
330,1.181745768,28
331,1.189053774,22.67
332,1.196130991,22.44
333,1.202936769,21.94
334,1.209432006,22.56
335,1.215580463,22.44
336,1.221348166,23.67
337,1.226704359,22.61
338,1.231621146,21.67
339,1.236074448,24.17
340,1.240043163,28.67
341,1.243510485,18.44
342,1.246462584,17.67
343,1.248889923,18.78
344,1.250786066,19.72
345,1.252148151,21.28
346,1.252976298,17.67
347,1.253274441,11.67
348,1.253048778,9.22
349,1.252308488,10.28
350,1.251065135,15.83
351,1.249332428,15.11
352,1.247126102,13.56
353,1.244463921,18.61
354,1.241364598,16.56
355,1.237848401,20.56
356,1.233937383,23.17
357,1.22965312,16.94
358,1.225018501,16.28
359,1.220057845,17.22
360,1.214794397,16.78
361,1.209252119,20.72
362,1.203455567,22.06
363,1.197427988,21.61
364,1.1911937,21.83
365,1.184776306,21.5
366,1.178198338,17.17
367,1.171482921,18.28
368,1.164651871,17.5
369,1.157726407,8.94
370,1.150727272,6.67
371,1.143674374,12.72
372,1.136586666,13.83
373,1.129482269,15.72
374,1.122378588,14.94
375,1.115292072,12.89
376,1.108238459,9.33
377,1.101231813,10.17
378,1.094285846,10.94
379,1.087413549,12.44
380,1.080626488,13.06
381,1.073935151,12.83
382,1.067350149,13.17
383,1.060880065,13.11
384,1.054533482,9.5
385,1.048317671,12
386,1.042239666,14.56
387,1.036304951,12.61
388,1.030519724,12.83
389,1.024888039,14.78
390,1.019414425,15.44
391,1.01410234,15.61
392,1.00895524,16.56
393,1.00397563,17.5
394,0.999166131,9.72
395,0.994528711,8.33
396,0.990065217,10.5
397,0.985776961,2.56
398,0.981665552,2.83
399,0.977731824,10.67
400,0.973977089,14.11
401,0.970402002,9.39
402,0.96700716,9.56
403,0.963793755,6.11
404,0.960762024,7.78
405,0.957912564,6.39
406,0.955246449,9.17
407,0.952763855,7.83
408,0.950465083,-2.89
409,0.948351145,-5.56
410,0.946422398,-4.78
411,0.94467926,-5.89
412,0.943122387,-3.67
413,0.941752076,-6.22
414,0.940569043,-9.39
415,0.939573169,-7.67
416,0.938765168,-3.44
417,0.938145041,-5.28
418,0.937712789,-1.44
419,0.937468529,8.94
420,0.937411904,9.44
421,0.937542796,-2.11
422,0.937860668,-2.5
423,0.938364267,-1.28
424,0.939052701,-10.61
425,0.939924955,-0.28
426,0.940979123,7.94
427,0.942213178,-5.5
428,0.943625093,-9.94
429,0.945211709,-4.44
430,0.946970224,-1.44
431,0.948896825,-0.72
432,0.95098716,2.06
433,0.953237116,1.94
434,0.955641448,1.44
435,0.958194494,3.28
436,0.960889578,-2.06
437,0.963720262,-0.5
438,0.966679215,0.89
439,0.969758093,4.72
440,0.972948313,9.83
441,0.976240456,12.33
442,0.97962451,9.94
443,0.983090341,-3
444,0.986626208,-6.11
445,0.990220428,-2.94
446,0.993860722,-0.72
447,0.997534037,1.11
448,1.001226425,4.89
449,1.004924417,4.72
450,1.008613348,2.94
451,1.01227808,1.11
452,1.015903592,4.28
453,1.01947403,1.56
454,1.022973299,-1.56
455,1.026385307,-3.61
456,1.0296942,-5.44
457,1.032883167,-14.28
458,1.035935879,-9.39
459,1.038836122,-4.5
460,1.041567445,-2.11
461,1.044113874,0.17
462,1.046459556,-13.06
463,1.048588753,-13.06
464,1.050486803,-12.89
465,1.052137971,-18.22
466,1.053528666,-10.17
467,1.054645061,-13.56
468,1.055473566,-8
469,1.056001663,-4.39
470,1.056217194,-11.5
471,1.056108832,-12.67
472,1.055665731,-4.94
473,1.054878354,-0.94
474,1.053736687,3.89
475,1.052232742,6.22
476,1.05035913,3.33
477,1.048108578,2.33
478,1.045474768,3.83
479,1.042453289,1.11
480,1.039039731,-1.28
481,1.035231352,0.56
482,1.03102541,4.67
483,1.026421547,2.28
484,1.021419525,4.5
485,1.016021252,2.67
486,1.010229349,3.22
487,1.004048228,1.28
488,0.997483492,-3.17
489,0.990543008,1.89
490,0.983235598,-3.67
491,0.975572228,-13.5
492,0.967565596,-8.78
493,0.95923084,-9.39
494,0.950584054,-14.44
495,0.941644549,-2.11
496,0.932432592,3.11
497,0.922970533,2.89
498,0.913283408,0.17
499,0.903397024,-0.56
500,0.893339574,-2.89
501,0.883140028,-12.5
502,0.872829199,-2.83
503,0.862438917,-8.61
504,0.852001548,-12.56
505,0.841549516,-6.44
506,0.831116199,-7.78
507,0.820734382,-14.33
508,0.810436606,-13.17
509,0.800254107,-2.72
510,0.790217757,-2.56
511,0.780356109,-12.78
512,0.770697534,-12.89
513,0.761267126,-2.44
514,0.752088368,-5.5
515,0.743183076,-14.22
516,0.734569669,-15.28
517,0.72626555,-8.39
518,0.718284786,-3.56
519,0.710639,-3.17
520,0.703338385,-1
521,0.696389496,-7.78
522,0.689797938,-10.78
523,0.683566809,2.89
524,0.677697361,6.06
525,0.67218852,6.56
526,0.667038858,6.94
527,0.662244141,11.17
528,0.657800198,10.83
529,0.653700769,12.83
530,0.649938822,13.83
531,0.646507263,10.5
532,0.643397748,13.72
533,0.640601397,18.44
534,0.638109446,5.94
535,0.635912538,7.39
536,0.634001315,5.44
537,0.632366359,9.22
538,0.630998433,8.72
539,0.629888058,8.89
540,0.629026413,2.44
541,0.628404498,1.28
542,0.628014088,4
543,0.627846718,3.33
544,0.6278947,1.56
545,0.628150403,4.67
546,0.628607035,9.33
547,0.629257441,13.94
548,0.630095601,16.06
549,0.631115556,19.78
550,0.632311702,15.33
551,0.633678555,5.83
552,0.635211647,10.5
553,0.636906028,14.33
554,0.638757467,12.61
555,0.640761912,10.22
556,0.642915428,9.44
557,0.645214438,9.44
558,0.64765507,8.89
559,0.650234044,13.94
560,0.652948081,16.33
561,0.655793726,14.06
562,0.658767462,14.33
563,0.661866069,16.56
564,0.66508621,18.17
565,0.66842407,20.17
566,0.671876252,18.11
567,0.675438821,13.83
568,0.679108262,8.72
569,0.682880163,8.44
570,0.686750591,7.89
571,0.690715134,10.61
572,0.694769502,11.89
573,0.698909044,9.33
574,0.703128874,12.06
575,0.707424402,13.67
576,0.711790264,16.56
577,0.71622175,16.5
578,0.720713675,16.5
579,0.725260675,15.17
580,0.729857683,16.33
581,0.734499216,22.22
582,0.739180088,19.17
583,0.743894935,19.33
584,0.748638749,21.56
585,0.753405929,22.06
586,0.758191586,16.78
587,0.762990654,17.94
588,0.767798007,19.06
589,0.772608995,10.22
590,0.777418733,13.78
591,0.782222271,16.28
592,0.787015557,15.61
593,0.791794062,18.22
594,0.796553254,21.39
595,0.801289201,20.5
596,0.805997849,10.39
597,0.810675442,10
598,0.815318286,9.11
599,0.819922626,15.56
600,0.824485362,18.06
601,0.829003274,19
602,0.833473027,18.44
603,0.83789134,20.5
604,0.84225601,17.78
605,0.846563995,20.94
606,0.850812376,21.06
607,0.854999363,20.78
608,0.859121919,15.11
609,0.863178372,15.78
610,0.867166281,17.06
611,0.871083677,17.72
612,0.874928892,20.61
613,0.878700197,22.89
614,0.882395804,25.06
615,0.886014163,22.22
616,0.889554203,24.11
617,0.893014491,24.44
618,0.896394134,27.78
619,0.89969182,27.83
620,0.902907073,21.72
621,0.906039417,19.06
622,0.909088016,20.89
623,0.912052333,23.94
624,0.914933026,21.39
625,0.917729557,22.22
626,0.920442522,24.83
627,0.923072159,22.28
628,0.925619423,22.83
629,0.928085327,25.44
630,0.930471063,25.67
631,0.93277818,26.17
632,0.935008645,23
633,0.937164426,21.11
634,0.939248204,21.83
635,0.94126296,22
636,0.943211734,22.78
637,0.945098162,22.83
638,0.946926832,23.89
639,0.948702097,23.56
640,0.950428486,21.39
641,0.952112198,18.33
642,0.953758955,21.28
643,0.955375552,22.67
644,0.956968784,24.94
645,0.958546281,23.78
646,0.960116506,19.61
647,0.961688459,18.39
648,0.963271081,21.28
649,0.964874387,22.94
650,0.966508865,24.06
651,0.96818614,28.11
652,0.969917059,30.11
653,0.97171396,28.06
654,0.97358954,24.44
655,0.975556731,24.44
656,0.977628291,29.72
657,0.979818285,28.72
658,0.982140303,25.67
659,0.984608471,24.89
660,0.987236261,22.83
661,0.990037143,22.56
662,0.993024766,24.83
663,0.996212006,26.33
664,0.99961102,26.78
665,1.003233433,25.72
666,1.007090211,24.33
667,1.011190057,24.44
668,1.015541077,24.78
669,1.020149946,25.17
670,1.025020957,26.39
671,1.030157089,26.17
672,1.035558462,27.06
673,1.041222811,24.22
674,1.047145963,22.78
675,1.053320885,23.5
676,1.059737444,24.28
677,1.066382647,26.28
678,1.073241234,25.17
679,1.08029449,25
680,1.087521315,23.28
681,1.094897985,23.78
682,1.102398157,24.33
683,1.109993458,25
684,1.117653489,26.61
685,1.125346661,26.11
686,1.133040071,25.61
687,1.140699983,23.5
688,1.148291945,19.94
689,1.15578258,16.11
690,1.16313827,20.11
691,1.170326591,22.44
692,1.177316785,23.33
693,1.184079528,18.06
694,1.190587878,18
695,1.196816683,18.61
696,1.202744365,18.89
697,1.208351374,19.39
698,1.213621378,20.78
699,1.218540668,20.11
700,1.223098874,19.33
701,1.227288246,25.22
702,1.231103659,26.33
703,1.234542489,25.83
704,1.237605095,27.17
705,1.240293622,27.39
706,1.242612481,28.06
707,1.244567394,26.72
708,1.246165872,24.89
709,1.247416735,24.11
710,1.248329997,22.78
711,1.248915911,23.39
712,1.249186039,16.61
713,1.249151707,15.33
714,1.248825788,17.33
715,1.248219252,22.39
716,1.247345328,23.89
717,1.24621582,25
718,1.244842768,24.83
719,1.243237972,17.22
720,1.241413116,15.39
721,1.239379525,17.28
722,1.237148523,19.78
723,1.234730959,23.06
724,1.232137442,22.11
725,1.229377985,22.33
726,1.226463556,21.5
727,1.223403454,21.22
728,1.22020793,20.78
729,1.216886401,22.39
730,1.213448763,17.61
731,1.209904432,13.83
732,1.206262589,13
733,1.202532768,12.56
734,1.198723555,12.17
735,1.1948452,10.44
736,1.190906048,15.28
737,1.186915636,17.5
738,1.182882547,19.33
739,1.178815961,20.28
740,1.174724817,13.72
741,1.170618057,14.39
742,1.166503668,21.11
743,1.162391186,18.78
744,1.158288598,14.11
745,1.154204249,13.89
746,1.150146604,13.72
747,1.146123767,8.39
748,1.142143488,8.33
749,1.138213277,11.89
750,1.134341478,19.61
751,1.13053441,17.61
752,1.12680006,17.56
753,1.123145103,15.06
754,1.119576335,15.72
755,1.116100073,12.44
756,1.112722993,10.94
757,1.109450698,11.56
758,1.106289387,9.61
759,1.103244543,7.83
760,1.100321174,5.5
761,1.09752512,7.44
762,1.094860554,9.5
763,1.092332721,15.17
764,1.089945436,16.94
765,1.08770299,14.94
766,1.085609317,15.44
767,1.083667994,16.17
768,1.081882834,8.39
769,1.080256462,6.56
770,1.078791738,7.44
771,1.077491641,7.89
772,1.076357841,10.56
773,1.075393319,11.56
774,1.074599266,7.56
775,1.073977232,5.83
776,1.073528767,10.61
777,1.073254108,12.39
778,1.073154569,11.39
779,1.073230267,14.72
780,1.073481083,9.28
781,1.073906779,3.89
782,1.074506521,1.06
783,1.075279474,-3.72
784,1.076224089,-1.06
785,1.077338815,3
786,1.078620911,5.33
787,1.080068469,11.61
788,1.081678271,4.39
789,1.083447099,-1.56
790,1.085370779,-1.67
791,1.087445498,0.83
792,1.089666009,1.83
793,1.092027664,0.5
794,1.094524741,1.39
795,1.097150803,1.22
796,1.09989953,3.72
797,1.102763653,5.44
798,1.105735898,4.56
799,1.10880816,2.78
800,1.111971617,5.22
801,1.115217328,7.67
802,1.118536115,10.5
803,1.121917963,7.94
804,1.125351787,7.89
805,1.128827691,9.61
806,1.132333636,4.33
807,1.135858297,3.33
808,1.139389515,2.28
809,1.14291501,-0.39
810,1.146422267,-3.61
811,1.149897814,-2.56
812,1.153328657,8.44
813,1.156701207,2.39
814,1.160001993,1.17
815,1.163217068,5.28
816,1.166332722,-0.67
817,1.169335246,-1.44
818,1.172210217,1.72
819,1.174944162,-3.28
820,1.177523494,-3.28
821,1.179934263,-4.33
822,1.182163239,-3.56
823,1.184197426,-6
824,1.186023593,-3.39
825,1.1876297,-4.39
826,1.189002633,-4.67
827,1.190131545,-4.11
828,1.191004872,-3.28
829,1.191611052,0.39
830,1.191940546,1.94
831,1.191982985,1.33
832,1.19172883,-11.33
833,1.19116962,-16.17
834,1.190296769,-5.67
835,1.189102054,-13.78
836,1.187579036,-2.5
837,1.185720682,4.33
838,1.183520555,-5.44
839,1.180973291,-11.94
840,1.178073883,-18.11
841,1.174818158,-14.17
842,1.171201229,-10.44
843,1.167220354,-8.06
844,1.162872314,-5.94
845,1.158154964,-5
846,1.153066158,-5.44
847,1.147604704,-1.22
848,1.141769886,-1.44
849,1.135562181,-1.61
850,1.128982186,0
851,1.122031093,1.67
852,1.114711642,1.78
853,1.107027411,4.78
854,1.098981619,3.78
855,1.090580821,2.17
856,1.08183074,1.39
857,1.072740078,-3.39
858,1.063317895,-4.5
859,1.053575158,-3.61
860,1.043524504,0.28
861,1.033180237,2.78
862,1.022558331,-7.17
863,1.011676669,-9.83
864,1.000555277,-8.28
865,0.989215493,-8.72
866,0.977681041,-8.67
867,0.965977073,-12.06
868,0.954130411,-6.78
869,0.942169189,-0.5
870,0.930123568,1.83
871,0.918023825,0.33
872,0.90590173,5.83
873,0.893789589,11.78
874,0.881719828,7.78
875,0.869724572,3.67
876,0.857836246,3.17
877,0.846085548,3.78
878,0.834503531,2.11
879,0.823118865,-0.11
880,0.811959147,3.17
881,0.801050067,11.06
882,0.790415585,9.33
883,0.7800771,4.44
884,0.770053923,-4.44
885,0.760362625,-2.39
886,0.751018226,0.67
887,0.742032349,3.72
888,0.733414829,3.44
889,0.725172937,11.39
890,0.717311919,17.28
891,0.709834695,17.78
892,0.702742279,8.5
893,0.696033835,9.83
894,0.689706802,12.22
895,0.683757544,10.72
896,0.678180397,11.33
897,0.672969103,14.61
898,0.66811645,13.11
899,0.663613737,9.61
900,0.659452379,8.11
901,0.655623138,3.33
902,0.652115703,2.06
903,0.648920298,3.44
904,0.64602679,8.22
905,0.643424809,13.83
906,0.641103983,6.39
907,0.639054179,1.56
908,0.637265682,5.39
909,0.635728538,7.61
910,0.634433508,4.89
911,0.633371115,9.06
912,0.632533491,13
913,0.631911576,15.67
914,0.631498098,9
915,0.631285608,5.61
916,0.631266594,5.78
917,0.631434917,17.11
918,0.631784737,7.89
919,0.632310152,7.17
920,0.633006096,8.06
921,0.633867621,6.5
922,0.634890497,4.44
923,0.636070549,3.72
924,0.637404442,13.11
925,0.638888121,6.83
926,0.640518963,7.78
927,0.642293811,13.89
928,0.644210041,16.11
929,0.646265209,18.83
930,0.648456395,21.06
931,0.650781691,21.33
932,0.653238356,18.22
933,0.655824065,13.5
934,0.658536375,13.67
935,0.661372781,13.39
936,0.664330781,13.11
937,0.667407036,13.89
938,0.670598984,20.17
939,0.673903346,19.06
940,0.677316725,15.22
941,0.680835247,9.78
942,0.684455216,10.33
943,0.688172519,9.06
944,0.691982388,8.61
945,0.695880234,8.5
946,0.699861109,11.78
947,0.703920007,14.94
948,0.708051503,15.28
949,0.712249756,15.06
950,0.716508925,22.17
951,0.72082293,18.94
952,0.725185633,17.89
953,0.729590714,16.61
954,0.734031677,18.89
955,0.738502026,16.72
956,0.742995083,14.61
957,0.747504234,12
958,0.752022922,9.72
959,0.756544173,12.94
960,0.761061966,12.44
961,0.765569031,10.72
962,0.770059526,13.5
963,0.774526954,16.67
964,0.778964877,17.06
965,0.783367515,18.5
966,0.787729204,20.56
967,0.792043388,20.78
968,0.796305537,22.22
969,0.80050981,21.28
970,0.804651618,20.56
971,0.808725953,19.89
972,0.812727869,19.94
973,0.816654027,22.39
974,0.820499837,24.5
975,0.824261844,21.11
976,0.82793653,19.89
977,0.831521153,21.56
978,0.835012734,23.67
979,0.838409007,21.61
980,0.841707647,23.22
981,0.844907165,22.5
982,0.848006248,19.94
983,0.851003766,23.11
984,0.85389924,27.83
985,0.856691897,28.89
986,0.859382629,26.22
987,0.861971438,29.17
988,0.864459276,27.78
989,0.866847813,25.5
990,0.86913836,28.67
991,0.871333241,26.5
992,0.873435318,26.06
993,0.875447452,27.06
994,0.877373397,27.17
995,0.87921685,26.56
996,0.880982399,25.83
997,0.882675409,27.89
998,0.884300828,24.22
999,0.885865271,24.89
1000,0.887374818,29.06
1001,0.888836622,26.33
1002,0.890258372,26.61
1003,0.891648471,23.72
1004,0.893015265,21.78
1005,0.894368231,22.39
1006,0.895716965,21.11
1007,0.897071362,18.33
1008,0.898443222,19.11
1009,0.899843097,20.06
1010,0.901282966,27
1011,0.902775049,27
1012,0.90433228,23.83
1013,0.905967236,25.89
1014,0.907693624,25
1015,0.909525275,24.67
1016,0.911475599,28.39
1017,0.91355896,24.5
1018,0.915789306,24.83
1019,0.918180883,25.44
1020,0.920746982,20.94
1021,0.923501372,23.72
1022,0.926457524,24.94
1023,0.929628253,25.39
1024,0.933025479,22.61
1025,0.936660051,28.5
1026,0.940542698,30.89
1027,0.944682002,28.89
1028,0.949086189,29.56
1029,0.95376122,28.06
1030,0.958711863,26.56
1031,0.963940561,26.06
1032,0.969448209,25.61
1033,0.975233555,24
1034,0.981292963,20.56
1035,0.987620354,22.94
1036,0.994207263,25.06
1037,1.00104332,22.56
1038,1.008114576,23.17
1039,1.015405893,25.28
1040,1.022899032,28.78
1041,1.030573606,24.11
1042,1.038407445,23.33
1043,1.046376705,22.89
1044,1.054455757,23.44
1045,1.06261754,26.39
1046,1.070834637,27.33
1047,1.079078555,25.83
1048,1.087320566,24.28
1049,1.095532417,24.72
1050,1.103686213,24.89
1051,1.111755133,24.28
1052,1.11971283,24.94
1053,1.127535343,26.11
1054,1.135199428,27.78
1055,1.142685056,24.72
1056,1.149973035,20.39
1057,1.157047153,19.89
1058,1.163892984,21.83
1059,1.17049849,23.89
1060,1.176854372,24
1061,1.182953119,21.67
1062,1.188788652,19.67
1063,1.194358349,21.5
1064,1.199659467,25.06
1065,1.204692841,24.5
1066,1.209459066,24.28
1067,1.213960767,23.06
1068,1.218201637,21.11
1069,1.222185612,20.11
1070,1.225918293,20.5
1071,1.229404449,21.83
1072,1.232650995,26.06
1073,1.235663056,28.56
1074,1.238447428,25
1075,1.241010427,24.78
1076,1.243358254,22.44
1077,1.245496988,18.39
1078,1.24743259,18.89
1079,1.249171019,22.39
1080,1.250717878,19.72
1081,1.252078891,19.33
1082,1.253258705,21.28
1083,1.254262924,19.28
1084,1.255096316,20.06
1085,1.255763769,21.39
1086,1.256269932,23.89
1087,1.256619453,24.44
1088,1.256817222,28.11
1089,1.256867647,25.28
1090,1.256775141,25
1091,1.25654459,23.83
1092,1.256180763,19
1093,1.255688906,16.44
1094,1.255073309,17.28
1095,1.254339695,13.83
1096,1.253492713,17.06
1097,1.252538443,16.39
1098,1.251481771,17.22
1099,1.250328898,17.78
1100,1.249086261,16.61
1101,1.247759581,20.89
1102,1.246354818,18.17
1103,1.244879127,18.39
1104,1.243339181,10.94
1105,1.241740942,14.39
1106,1.240092158,14.06
1107,1.238400221,15.56
1108,1.236671448,18.5
1109,1.234913588,8.78
1110,1.233134031,7.72
1111,1.231340408,13.94
1112,1.229539752,19.56
1113,1.227739334,19
1114,1.225947499,23.83
1115,1.224170685,17.44
1116,1.222416997,15.5
1117,1.220693231,8.67
1118,1.219007015,8.61
1119,1.217365503,13.44
1120,1.215775013,15.39
1121,1.214243174,11.67
1122,1.212776184,12.94
1123,1.21138072,13.11
1124,1.210062981,11.61
1125,1.208828688,19.22
1126,1.207684159,19.17
1127,1.206634998,11.78
1128,1.205685854,14
1129,1.204842329,18.94
1130,1.204108715,14.72
1131,1.203490019,13.89
1132,1.202989817,14.5
1133,1.202612162,15.22
1134,1.202359915,12.89
1135,1.202236891,12.56
1136,1.202245712,12.39
1137,1.202388525,8.22
1138,1.202666998,12.61
1139,1.203083277,9.11
1140,1.203638673,5.78
1141,1.204333782,9.94
1142,1.205169082,10
1143,1.206144691,9.83
1144,1.207259893,12.78
1145,1.208514452,18.61
1146,1.209906816,7.72
1147,1.211435199,1.17
1148,1.213098168,-0.44
1149,1.214892983,3.11
1150,1.216816306,4.94
1151,1.218865633,4.67
1152,1.221036673,3.78
1153,1.22332561,4.78
1154,1.225727797,7.56
1155,1.228238583,8
1156,1.230851889,11.67
1157,1.233562589,4.5
1158,1.236364126,2.44
1159,1.239250302,2.28
1160,1.242214203,3.06
1161,1.245248556,3.61
1162,1.248345494,1.72
1163,1.251497626,3.22
1164,1.25469625,-0.39
1165,1.257933259,-5.94
1166,1.261199951,-7.72
1167,1.264486909,-7.5
1168,1.267785311,-4.28
1169,1.271085501,-1.22
1170,1.274378061,-6.39
1171,1.277653337,-10.33
1172,1.280901194,-8.44
1173,1.284111738,-12.22
1174,1.287275434,-6.33
1175,1.290381908,-11.78
1176,1.293420672,-19.78
1177,1.296382666,-10
1178,1.299257278,-1.78
1179,1.302034616,1.83
1180,1.304705024,1
1181,1.307258606,1.78
1182,1.309685707,0.67
1183,1.311977506,4.83
1184,1.314124227,1.44
1185,1.316116691,0.83
1186,1.317946315,2.83
1187,1.319604516,2.33
1188,1.321082354,2.39
1189,1.322372079,-0.78
1190,1.323465109,-1.28
1191,1.324354053,2.11
1192,1.325031519,-4.06
1193,1.325489402,-12.39
1194,1.325720787,-13.06
1195,1.325718641,-14.44
1196,1.325476408,-9.5
1197,1.324986696,-9.28
1198,1.324243546,-4.56
1199,1.323240161,1.67
1200,1.321970463,-4
1201,1.320427895,-8.17
1202,1.318606734,-7.39
1203,1.316500902,-2.94
1204,1.31410408,-0.61
1205,1.311410785,0.61
1206,1.308414698,1.11
1207,1.305110335,1.39
1208,1.301491976,2.44
1209,1.297553658,4.11
1210,1.293290257,5.33
1211,1.28869617,1.78
1212,1.283766031,0.94
1213,1.278495073,0.67
1214,1.272878289,0.11
1215,1.266911149,-2.33
1216,1.260590196,-3.5
1217,1.253910899,-1.56
1218,1.246870995,0.28
1219,1.239467502,4.17
1220,1.231699467,3.67
1221,1.223565936,-1.17
1222,1.215066791,-7
1223,1.206204414,-5.17
1224,1.196981072,0.44
1225,1.187401175,-0.44
1226,1.177470326,6.78
1227,1.167196512,2.44
1228,1.156588435,-8.11
1229,1.145658016,-9
1230,1.134418249,4.33
1231,1.12288475,7.17
1232,1.111074686,4.83
1233,1.099007845,2.89
1234,1.0867064,4.06
1235,1.074193597,1.39
1236,1.061496377,8.33
1237,1.048640847,13.06
1238,1.035657644,10.17
1239,1.022576928,13.89
1240,1.009430885,15.22
1241,0.996252179,11.5
1242,0.983074307,15
1243,0.969931006,5.94
1244,0.956856012,-0.61
1245,0.943882585,-3.61
1246,0.93104291,2.78
1247,0.918368697,5.22
1248,0.905890048,11
1249,0.893635035,2.61
1250,0.881630242,-1.22
1251,0.869899988,0
1252,0.858466387,8.78
1253,0.847349048,12
1254,0.836565197,16.89
1255,0.826129317,7.28
1256,0.816053867,6.28
1257,0.806347787,3.06
1258,0.797018766,-4.72
1259,0.788071573,-4.11
1260,0.779508889,-0.89
1261,0.771331012,-2.72
1262,0.763536811,-6.11
1263,0.756123304,-3.33
1264,0.749086082,5.72
1265,0.742418647,9.17
1266,0.736114144,5.56
1267,0.730163872,11.44
1268,0.724559069,13.5
1269,0.719289839,5.72
1270,0.714345872,3.61
1271,0.709715903,9.39
1272,0.705388963,11
1273,0.70135355,5.78
1274,0.697598159,7
1275,0.694111288,8.17
1276,0.69088155,9.89
1277,0.687897861,7.06
1278,0.685148776,6.28
1279,0.682623506,6.17
1280,0.680311799,8.56
1281,0.678203523,10.28
1282,0.676288962,10.17
1283,0.67455858,10.89
1284,0.673003674,8.5
1285,0.671616018,8.89
1286,0.670387387,9.17
1287,0.66931057,17.22
1288,0.668378234,21.11
1289,0.667584062,12.39
1290,0.666922152,9.61
1291,0.666386485,15.56
1292,0.665972352,18.89
1293,0.665674508,18
1294,0.665489018,20.78
1295,0.665411711,16.89
1296,0.66543895,17.11
1297,0.665567338,17.5
1298,0.665794075,16.94
1299,0.666116059,11.94
1300,0.666531146,11.39
1301,0.667036533,13.94
1302,0.667630017,15.22
1303,0.668309689,17.56
1304,0.669073462,15.89
1305,0.669919193,7.33
1306,0.670845032,6.78
1307,0.671848774,5.5
1308,0.672928691,6.39
1309,0.674082339,7
1310,0.675307751,7.22
1311,0.676602185,11.44
1312,0.677963316,11.67
1313,0.679388404,14.61
1314,0.680874527,17.67
1315,0.682419062,18.33
1316,0.684018433,19.06
1317,0.685669303,20.28
1318,0.687367976,21.89
1319,0.689111114,17.17
1320,0.690894425,17.39
1321,0.692713976,18
1322,0.694565713,20.61
1323,0.696445107,22.61
1324,0.698347867,26.28
1325,0.700269163,24.17
1326,0.702204704,19.78
1327,0.704150259,15.22
1328,0.706100881,10.61
1329,0.708051741,13.22
1330,0.709998906,10.89
1331,0.711937189,16.39
1332,0.713863134,13.17
1333,0.715771616,13.28
1334,0.717659354,17.06
1335,0.719522238,21.17
1336,0.721356332,17.83
1337,0.723158717,20.22
1338,0.724925756,19.06
1339,0.726655126,19.33
1340,0.728343725,18.5
1341,0.729989648,21.83
1342,0.731591225,24.61
1343,0.733146608,26.5
1344,0.734654963,27.56
1345,0.736115336,25.56
1346,0.737527788,22.78
1347,0.738892496,21.94
1348,0.740209997,23.5
1349,0.741481423,25
1350,0.742708743,27.11
1351,0.743893504,28.72
1352,0.745038569,28.5
1353,0.746147156,28.78
1354,0.747223079,24
1355,0.748270333,26.11
1356,0.749293387,25.83
1357,0.750297904,24.33
1358,0.751289248,21.67
1359,0.752274036,22.67
1360,0.753258705,25.17
1361,0.754251003,24.17
1362,0.755258799,25.83
1363,0.756290078,21.22
1364,0.757354021,19.72
1365,0.758459449,18.11
1366,0.759616971,18
1367,0.760836065,20.56
1368,0.762127638,23.56
1369,0.763502955,23.89
1370,0.764973164,22.17
1371,0.766550183,22.39
1372,0.768245995,23.78
1373,0.770072818,26.89
1374,0.772043347,24.17
1375,0.77417016,26.44
1376,0.776466131,28.11
1377,0.778943658,26
1378,0.781616151,25.17
1379,0.784495771,27.78
1380,0.787595391,28.89
1381,0.790926754,27.33
1382,0.794501901,27.78
1383,0.798331857,24.89
1384,0.802427709,23.61
1385,0.806799054,26.83
1386,0.811454654,28.44
1387,0.816402972,25.78
1388,0.821650684,28
1389,0.827202976,29.72
1390,0.833064437,30.83
1391,0.839236796,30.89
1392,0.845721245,29
1393,0.852516174,26.39
1394,0.859618902,23.72
1395,0.867023468,27.44
1396,0.874722838,24.72
1397,0.882707179,25.72
1398,0.890964448,24.94
1399,0.899480402,23.89
1400,0.908239067,23.28
1401,0.917221427,24.11
1402,0.926406741,24.94
1403,0.935773969,25.5
1404,0.945298016,21.11
1405,0.954954028,19.22
1406,0.964716017,19.56
1407,0.974556804,21.44
1408,0.984448254,21.83
1409,0.99436295,22.39
1410,1.004273534,22.94
1411,1.014152288,24.06
1412,1.023972988,22.28
1413,1.033710361,21.89
1414,1.043340206,21.78
1415,1.052839875,22.72
1416,1.062188745,22.11
1417,1.071367502,24.33
1418,1.08035934,22.44
1419,1.089148998,23.89
1420,1.097722888,23.5
1421,1.106070757,23.17
1422,1.11418283,21.28
1423,1.122052193,20.56
1424,1.129673243,20.72
1425,1.137042165,21.5
1426,1.144156814,21.17
1427,1.151016235,22.06
1428,1.157620788,22
1429,1.16397202,19.17
1430,1.170072794,20.94
1431,1.175925851,22.56
1432,1.181535482,21.78
1433,1.186905861,18.72
1434,1.192042828,22.06
1435,1.196950912,23.39
1436,1.201635957,22.5
1437,1.20610404,16.33
1438,1.210360885,15.11
1439,1.214412212,17.22
1440,1.218264341,21.22
1441,1.221922636,22
1442,1.225393295,22.5
1443,1.228681922,21.67
1444,1.23179388,22.67
1445,1.234734774,23.78
1446,1.237509966,25.28
1447,1.240124226,26.28
1448,1.24258256,23.17
1449,1.244890332,17.67
1450,1.247051597,19.17
1451,1.249071002,22.06
1452,1.250953436,26
1453,1.25270319,25.11
1454,1.254324198,27.61
1455,1.255821109,27.22
1456,1.257197499,26.39
1457,1.258458257,21.72
1458,1.259607196,18.11
1459,1.260648251,15.67
1460,1.261586189,17.5
1461,1.262424946,17.72
1462,1.263168573,16.72
1463,1.263821959,18.44
1464,1.264389038,22.5
1465,1.264874578,20.5
1466,1.265283227,15.94
1467,1.265619278,16
1468,1.265887737,19.94
1469,1.266093731,17.17
1470,1.266242027,18.39
1471,1.266337872,14.61
1472,1.266386032,8
1473,1.266392589,11.5
1474,1.266361713,12.44
1475,1.266299963,13.94
1476,1.266212225,16.44
1477,1.266104102,10.39
1478,1.265981436,12.44
1479,1.265849352,15.67
1480,1.265713692,16.94
1481,1.26557982,17
1482,1.265453935,18.11
1483,1.265340805,18
1484,1.26524663,12.94
1485,1.265176058,11.28
1486,1.265134931,7.28
1487,1.265128136,11.33
1488,1.265160799,10.5
1489,1.265237927,1.83
1490,1.265363693,2.67
1491,1.26554358,6.22
1492,1.265781403,4.61
1493,1.266080976,0.22
1494,1.266447067,5.22
1495,1.266882777,7.06
1496,1.267391562,5.28
1497,1.267976642,7.67
1498,1.268640637,5.33
1499,1.269386649,0.44
1500,1.270216465,1.83
1501,1.271131873,2.11
1502,1.272135258,-0.72
1503,1.273227334,-2.78
1504,1.274409056,5.22
1505,1.275681019,4.72
1506,1.277043462,2.11
1507,1.278496742,8.72
1508,1.280039787,6.56
1509,1.28167212,-0.61
1510,1.283392668,8.28
1511,1.285199761,4.06
1512,1.287091255,1.89
1513,1.289065123,9.06
1514,1.291119099,1.78
1515,1.293249607,-1.94
1516,1.295453906,5.72
1517,1.297727942,13.39
1518,1.300068259,7.22
1519,1.302470446,7.22
1520,1.304929852,10
1521,1.307441831,10.17
1522,1.310001135,4.89
1523,1.31260252,6.56
1524,1.315240741,5.67
1525,1.317909241,6.61
1526,1.320602417,9.83
1527,1.323314309,12
1528,1.326038122,-0.39
1529,1.328767776,-1.39
1530,1.331496358,-6.72
1531,1.334216952,-2.39
1532,1.336923122,-3.28
1533,1.339608312,2.39
1534,1.342264652,1.67
1535,1.344886422,-4.39
1536,1.347465396,3.06
1537,1.349995852,-1.17
1538,1.352470756,2.28
1539,1.354882956,5.33
1540,1.357225895,1
1541,1.359493613,2.28
1542,1.361679435,5.44
1543,1.363776684,1.94
1544,1.365779638,1.56
1545,1.367682457,-3.89
1546,1.36947906,-6.67
1547,1.371164203,-7.06
1548,1.372732759,-12.61
1549,1.374178767,-16
1550,1.375497699,-17.06
1551,1.376684666,-12.28
1552,1.377735019,-10.94
1553,1.378644228,-18.22
1554,1.379407883,-21.83
1555,1.380021572,-23.61
1556,1.38048172,-14.61
1557,1.380784035,-12.56
1558,1.380924463,-15.28
1559,1.380899191,-13.17
1560,1.380704165,-13.78
1561,1.38033545,-1.44
1562,1.379789948,0.67
1563,1.379062057,2.33
1564,1.378148913,4.11
1565,1.377045512,-6.22
1566,1.375748038,-15.72
1567,1.374251366,-13.39
1568,1.372550488,-7
1569,1.370640874,-16.39
1570,1.368516207,-17.5
1571,1.366171718,-10.83
1572,1.363600731,-2.22
1573,1.360797167,3.5
1574,1.357753992,3.44
1575,1.354465008,4.61
1576,1.350921869,3.72
1577,1.347118258,-2.39
1578,1.343045115,-2.06
1579,1.338695526,3.5
1580,1.334060431,8.39
1581,1.329131722,3.17
1582,1.323901534,-3.44
1583,1.318361521,-7.33
1584,1.312503099,-1.44
1585,1.306318879,2.94
1586,1.29980123,-8.72
1587,1.29294312,-8.89
1588,1.285738707,2.28
1589,1.278181672,-10.72
1590,1.270268202,-12.5
1591,1.261994362,-14.56
1592,1.253357887,-10.83
1593,1.24435842,-6.89
1594,1.234996796,-10.39
1595,1.22527504,-12.67
1596,1.215198755,-11.11
1597,1.204773784,-11.22
1598,1.194009304,-3.11
1599,1.182916403,2.94
1600,1.171508074,2.39
1601,1.159800053,-7.06
1602,1.147810817,-0.89
1603,1.135561228,4.67
1604,1.123073459,2.44
1605,1.110372663,-3.5
1606,1.097485304,-6.89
1607,1.08444047,-1.11
1608,1.071268082,-0.44
1609,1.058000684,-0.78
1610,1.044669509,0.72
1611,1.031308174,5.11
1612,1.017950773,9.78
1613,1.00462985,6.61
1614,0.991378903,3.11
1615,0.978230059,3.28
1616,0.965215564,7.89
1617,0.952363849,10.56
1618,0.939704776,4
1619,0.927263379,-1
1620,0.915064871,-2.61
1621,0.903131008,-3.17
1622,0.891481578,-1
1623,0.880133927,2.67
1624,0.869102597,1.89
1625,0.858399928,2.67
1626,0.848035872,0.72
1627,0.838017344,6.33
1628,0.828350008,6.61
1629,0.819036365,1.39
1630,0.810077667,1.44
1631,0.801472843,2.72
1632,0.793218791,6.89
1633,0.78531146,2.22
1634,0.777745128,3
1635,0.770512938,4.44
1636,0.763606846,5.11
1637,0.757017672,0.5
1638,0.750736475,2.83
1639,0.744752407,3.39
1640,0.739054739,4.22
1641,0.733632386,6.89
1642,0.728474319,3.5
1643,0.723568678,6.11
1644,0.718904138,4.39
1645,0.714469016,-3.22
1646,0.710252106,-0.61
1647,0.706242025,-0.06
1648,0.702427685,-2.89
1649,0.698798597,5.83
1650,0.695344031,-2.56
1651,0.692054212,-1.22
1652,0.688919246,-0.89
1653,0.685929894,0.56
1654,0.683077335,5.67
1655,0.680353105,13.22
1656,0.677749276,15.11
1657,0.67525816,10.89
1658,0.67287302,3.5
1659,0.670586705,-2.39
1660,0.668393552,-1
1661,0.66628772,5.06
1662,0.664264143,1.22
1663,0.662317634,6.11
1664,0.660443902,9.44
1665,0.658639371,11.28
1666,0.656899929,14.28
1667,0.655222595,16
1668,0.653604567,16.11
1669,0.652042866,13.56
1670,0.650535882,13.78
1671,0.649080873,14.72
1672,0.647676945,11.61
1673,0.646322191,14.94
1674,0.64501524,21.33
1675,0.643755019,20.56
1676,0.642540991,17.94
1677,0.641371906,17.28
1678,0.640247107,18.44
1679,0.639165998,20.44
1680,0.63812834,21.22
1681,0.637133121,20.67
1682,0.636180162,22.83
1683,0.635269105,21.67
1684,0.634399533,19.61
1685,0.633570552,13.5
1686,0.632782221,11.39
1687,0.632034004,14.11
1688,0.631325305,18.94
1689,0.630655408,20.67
1690,0.630024254,22.17
1691,0.629431248,23.5
1692,0.628875732,22.44
1693,0.628357291,20.72
1694,0.627875328,16.5
1695,0.627429664,17.83
1696,0.627019763,20.67
1697,0.626645267,25.06
1698,0.626305997,25.83
1699,0.626001716,25.56
1700,0.625732481,28.22
1701,0.625498295,29.67
1702,0.625299454,29.17
1703,0.625136256,25.44
1704,0.625009596,23.67
1705,0.624919891,26.67
1706,0.624868274,28.33
1707,0.624856174,21.83
1708,0.624884844,21.89
1709,0.62495625,21.28
1710,0.625072241,25
1711,0.625235379,23.28
1712,0.62544781,25.17
1713,0.625713289,26.56
1714,0.626034617,27.28
1715,0.626415312,21.83
1716,0.626859546,22.33
1717,0.62737143,25.61
1718,0.627955854,23.28
1719,0.628617525,21.33
1720,0.629362106,28.33
1721,0.630194664,29.06
1722,0.631121933,29.44
1723,0.632149816,28.11
1724,0.633285344,24
1725,0.634535253,23.83
1726,0.635907233,19.61
1727,0.637408912,19.78
1728,0.63904798,22.11
1729,0.640833139,22.61
1730,0.642773032,21.67
1731,0.644876003,21.72
1732,0.647152066,25.06
1733,0.649609745,24.22
1734,0.652258754,29.22
1735,0.655108988,26.94
1736,0.658170342,23.78
1737,0.661452293,24.39
1738,0.664965034,27.5
1739,0.668718815,28.39
1740,0.672722578,25.94
1741,0.676986337,24.39
1742,0.681519449,23.5
1743,0.686330736,24.11
1744,0.691428661,26.94
1745,0.696821153,28.56
1746,0.702515543,26.5
1747,0.708517432,29.17
1748,0.71483314,26.89
1749,0.721466124,25.56
1750,0.728419483,26
1751,0.735695004,25.72
1752,0.743292332,24.72
1753,0.751209617,25.33
1754,0.759443402,24.89
1755,0.767987728,23.11
1756,0.776835561,24.06
1757,0.785976589,23.78
1758,0.795399487,24.67
1759,0.805089712,24.17
1760,0.815031469,23.72
1761,0.825206399,22.44
1762,0.835594118,20.44
1763,0.846172988,20.44
1764,0.85691911,21.83
1765,0.867807031,22.17
1766,0.878810823,23.33
1767,0.88990283,24.33
1768,0.901055515,22.44
1769,0.912240148,26.67
1770,0.923429012,26.22
1771,0.934593916,26.5
1772,0.945706964,24.06
1773,0.956742048,23.67
1774,0.967673898,24.61
1775,0.978477955,27.33
1776,0.989131927,25.5
1777,0.99961549,26.44
1778,1.009909034,26.28
1779,1.019996524,26.72
1780,1.029862046,23.11
1781,1.039493799,23.67
1782,1.048880339,23.67
1783,1.058013678,23.94
1784,1.066885829,24.61
1785,1.075493097,23.83
1786,1.083830953,21.39
1787,1.091899037,19.94
1788,1.099696398,19.61
1789,1.107224464,19.83
1790,1.114485741,21.83
1791,1.121483922,27.89
1792,1.128223181,26
1793,1.13470912,27
1794,1.140947342,23.17
1795,1.146944761,18.94
1796,1.152707934,20.61
1797,1.158244371,22.56
1798,1.163561225,23.72
1799,1.168666482,22.67
1800,1.173568249,22.33
1801,1.178273916,24.56
1802,1.182791114,21.83
1803,1.187127829,20.06
1804,1.191290855,16.67
1805,1.195287943,18.06
1806,1.199126244,17.67
1807,1.202812314,18.72
1808,1.206352949,20.56
1809,1.209754348,21.28
1810,1.213021994,22.67
1811,1.216162443,25.22
1812,1.219180942,26
1813,1.222082019,25.28
1814,1.224871516,26.5
1815,1.227553129,20.22
1816,1.230131745,21.28
1817,1.232611179,25.67
1818,1.234995484,15.5
1819,1.237288594,13.61
1820,1.239493728,17.39
1821,1.241614103,19.44
1822,1.243653178,15.28
1823,1.245614171,13.06
1824,1.247499228,15.89
1825,1.249312043,8.94
1826,1.251055479,8
1827,1.252731562,9.83
1828,1.254343629,11.72
1829,1.255894423,12.72
1830,1.257386208,22.28
1831,1.258821964,9.78
1832,1.260204434,12.78
1833,1.261536717,10.06
1834,1.262821078,11.06
1835,1.264060736,17.06
1836,1.26525867,19.17
1837,1.266417742,10.94
1838,1.26754117,4.61
1839,1.268631458,4.22
1840,1.269692898,6.94
1841,1.270727634,3.83
1842,1.271739483,3.44
1843,1.272731662,8.72
1844,1.273707747,7.78
1845,1.27467072,10.72
1846,1.275624275,13.78
1847,1.276571751,7
1848,1.277516365,6.5
1849,1.278461695,11.56
1850,1.279410958,7.5
1851,1.280367494,8.17
1852,1.281334639,8.89
1853,1.282315493,9.11
1854,1.283313274,11.78
1855,1.284330368,10.94
1856,1.285370588,10.89
1857,1.286436319,11.06
1858,1.287529707,10
1859,1.288653612,8.61
1860,1.289810658,8.5
1861,1.291002274,6.11
1862,1.292230844,6.39
1863,1.29349792,6.67
1864,1.294804931,3.67
1865,1.296153426,-0.94
1866,1.297544479,-0.28
1867,1.298978448,-3.44
1868,1.300456762,-5.83
1869,1.301979065,-0.17
1870,1.303545594,-5.39
1871,1.305156708,-6.39
1872,1.306811333,-1.61
1873,1.308509111,1.56
1874,1.310248852,4.22
1875,1.312030196,-1.83
1876,1.313850522,-6.56
1877,1.315709472,-2.78
1878,1.317604065,-2.83
1879,1.319532394,-0.11
1880,1.321492434,5.11
1881,1.323481679,6.5
1882,1.325496554,5.78
1883,1.327534795,-1.44
1884,1.329592347,-7.78
1885,1.331666708,-7.83
1886,1.333753586,-4.67
1887,1.335849643,-1.5
1888,1.337951183,-0.94
1889,1.340053678,2.61
1890,1.342153072,0.72
1891,1.344245672,-2.06
1892,1.346326351,-4.39
1893,1.348391294,-1.44
1894,1.350435853,-5.17
1895,1.352455616,-6.89
1896,1.354446054,-4.28
1897,1.356402993,-4.67
1898,1.358321905,-4.11
1899,1.360198259,1.17
1900,1.362027645,-0.28
1901,1.363805771,1.11
1902,1.365528345,0.06
1903,1.367191434,1.56
1904,1.368790865,2.22
1905,1.370322943,1.89
1906,1.371783733,5
1907,1.37316978,7.61
1908,1.374477148,1.44
1909,1.375702977,-2.94
1910,1.376843691,-2.17
1911,1.37789607,-0.94
1912,1.378857732,-1.61
1913,1.379725695,1.89
1914,1.380496979,1.83
1915,1.381169319,7.11
1916,1.381740928,-6.78
1917,1.382208228,-9.89
1918,1.382570028,-1.89
1919,1.382824063,-0.22
1920,1.382968545,-9.94
1921,1.383000851,-5
1922,1.382919073,1.06
1923,1.382721305,3.28
1924,1.382405758,5.28
1925,1.381970525,4.06
1926,1.381412625,7.78
1927,1.380730391,3.5
1928,1.379921436,-5.78
1929,1.378982544,-4.06
1930,1.377911448,-0.89
1931,1.376704574,-1.56
1932,1.375359416,-3.72
1933,1.373871326,-4.39
1934,1.372237086,-0.72
1935,1.370451927,-4.22
1936,1.368510962,-2.56
1937,1.366410017,-6.06
1938,1.364142537,-11.61
1939,1.361703634,-14.89
1940,1.359086156,-11
1941,1.356283665,-4.67
1942,1.353289366,-9
1943,1.350094438,-10.78
1944,1.346691847,-15.28
1945,1.343072891,-10.22
1946,1.339228392,-12.11
1947,1.33515048,-8.44
1948,1.330828667,-18.89
1949,1.326253772,-25.67
1950,1.321415544,-19.22
1951,1.316305637,-10.89
1952,1.310912609,3.78
1953,1.305227876,7.78
1954,1.299242258,-4.22
1955,1.2929461,-9.56
1956,1.286331296,-6.61
1957,1.279390335,-11.83
1958,1.272115469,-15.83
1959,1.264501214,-9.94
1960,1.256542802,-3.94
1961,1.248235464,-3.06
1962,1.239578485,-5.94
1963,1.230570436,-7.89
1964,1.221212864,-5
1965,1.211508989,-14.06
1966,1.201463699,-9.11
1967,1.191084266,-4.61
1968,1.180380702,-9.28
1969,1.169364452,-10.39
1970,1.158050179,-3.28
1971,1.146453977,-5.83
1972,1.134595037,-2.94
1973,1.12249434,0.22
1974,1.110174537,-10
1975,1.097661495,-14.28
1976,1.084981799,-10.33
1977,1.072163105,-11.11
1978,1.059235215,-9.33
1979,1.046228409,-5.22
1980,1.033174157,-9.89
1981,1.020103335,-17.39
1982,1.007047892,-16.11
1983,0.994037747,-10.94
1984,0.981104076,-7.11
1985,0.968276262,-6.61
1986,0.955581427,-1.06
1987,0.943047166,1
1988,0.930697501,-1.94
1989,0.918556333,0.56
1990,0.906643212,4.56
1991,0.894977868,9
1992,0.883575976,4.67
1993,0.87245208,1.78
1994,0.861617982,2.44
1995,0.851083279,1.89
1996,0.840854704,2.61
1997,0.830938399,4.61
1998,0.821337461,4.28
1999,0.812052965,5.67
2000,0.803084791,7.22
2001,0.794430614,7.56
2002,0.786087692,7.78
2003,0.778050959,5.44
2004,0.770314515,6.67
2005,0.762871802,13.5
2006,0.755714715,9.61
2007,0.748835087,5.83
2008,0.742224276,2.44
2009,0.735871851,1.17
2010,0.729768872,7.72
2011,0.723904729,5.11
2012,0.718269885,6.78
2013,0.712853074,8.67
2014,0.707644582,10.83
2015,0.702634215,15.11
2016,0.697811365,15.33
2017,0.693166792,17.72
2018,0.688690126,13.83
2019,0.684372365,6.89
2020,0.680204332,7.67
2021,0.676177025,2.22
2022,0.672281981,4.5
2023,0.66851145,5.33
2024,0.664857388,13.61
2025,0.661312938,18.33
2026,0.657870889,17.28
2027,0.654524803,9.5
2028,0.651269019,11.17
2029,0.648097634,15.44
2030,0.645005405,21.33
2031,0.64198786,16.39
2032,0.639040589,12.22
2033,0.636159778,13.72
2034,0.63334161,12.78
2035,0.630582929,12.89
2036,0.627881408,5.67
2037,0.625234604,6.67
2038,0.622640491,11.44
2039,0.620096982,8.89
2040,0.617603302,8.89
2041,0.615158141,11.28
2042,0.612760723,10.78
2043,0.610410929,13.56
2044,0.608108163,17.94
2045,0.605852902,14.22
2046,0.603645205,13
2047,0.601485491,12.39
2048,0.599374771,6.5
2049,0.597313762,11.61
2050,0.595303416,10.44
2051,0.593345344,8.72
2052,0.591440558,9.17
2053,0.589590728,14.06
2054,0.587797403,18.06
2055,0.586062133,24.06
2056,0.584386826,19.78
2057,0.582773805,19.39
2058,0.581224501,12.28
2059,0.57974118,9.17
2060,0.578326106,9.61
2061,0.576981544,16.89
2062,0.575709403,16.61
2063,0.574512601,16.89
2064,0.573393226,21.94
2065,0.572353959,19.89
2066,0.571397305,20.56
2067,0.570526123,13.5
2068,0.569742918,17.61
2069,0.569050789,17.11
2070,0.568452656,21.72
2071,0.56795162,21.5
2072,0.567550719,19.5
2073,0.56725359,18.22
2074,0.56706351,22.94
2075,0.566984177,25.78
2076,0.567019165,25.39
2077,0.567172408,25.39
2078,0.567448258,24.44
2079,0.567850888,21
2080,0.56838429,20.28
2081,0.569053769,19.44
2082,0.569863915,18
2083,0.570820093,17.39
2084,0.571926892,19.94
2085,0.573190689,21.83
2086,0.57461679,20.28
2087,0.576211512,21.28
2088,0.577980995,21.11
2089,0.579931617,19.11
2090,0.582070529,18.94
2091,0.584404171,19.5
2092,0.586940587,19.94
2093,0.589686275,20.61
2094,0.592649579,20.39
2095,0.595837831,22.78
2096,0.599259257,23.61
2097,0.602921426,27.11
2098,0.606832802,25.78
2099,0.611001015,28.22
2100,0.61543417,29.44
2101,0.620139956,27.78
2102,0.625126004,26.78
2103,0.630399585,24
2104,0.635966778,25.72
2105,0.64183414,26.06
2106,0.648007214,23.78
2107,0.654490709,24.39
2108,0.661288083,25
2109,0.668401957,26.72
2110,0.675833941,25.06
2111,0.683584034,23.67
2112,0.691650569,25.56
2113,0.700030625,26.44
2114,0.708719075,28.5
2115,0.717709661,26.89
2116,0.726993442,26.22
2117,0.736559629,24.72
2118,0.746395767,30.22
2119,0.75648725,31.06
2120,0.766816974,25.39
2121,0.777366579,22.11
2122,0.78811574,21.83
2123,0.799041629,21.67
2124,0.810121119,22.56
2125,0.821328819,22.5
2126,0.832638681,25.61
2127,0.844023764,26
2128,0.855456769,24.56
2129,0.866909266,23.44
2130,0.878353894,21.39
2131,0.889763117,19.83
2132,0.901109993,21.89
2133,0.912368655,23.17
2134,0.923514068,24.83
2135,0.934523165,24.94
2136,0.945373535,25.78
2137,0.95604527,24.56
2138,0.966519952,25.22
2139,0.976781487,24.33
2140,0.986814857,23.44
2141,0.996608019,25.78
2142,1.006151199,25.17
2143,1.015435457,24.28
2144,1.024454594,24.5
2145,1.033204436,20.78
2146,1.041681767,20.28
2147,1.049886227,22.94
2148,1.057817578,24
2149,1.065478444,21.83
2150,1.072871447,23.89
2151,1.080001116,24.44
2152,1.086872458,22.5
2153,1.093492031,21.28
2154,1.099866152,20.94
2155,1.106002331,19.89
2156,1.111908913,19.39
2157,1.117593765,19.61
2158,1.123065948,19.89
2159,1.128333569,19.94
2160,1.133405685,23
2161,1.13829124,19.78
2162,1.142998934,17.39
2163,1.147537589,20.22
2164,1.151915789,23.28
2165,1.156141639,24.67
2166,1.160223484,18.78
2167,1.164168835,22
2168,1.167985559,21.28
2169,1.171680689,19.61
2170,1.175261259,18.72
2171,1.178733587,21.39
2172,1.182103872,22.56
2173,1.185377955,25.22
2174,1.18856144,23.89
2175,1.191659212,17.89
2176,1.194676042,20.39
2177,1.197616577,25.83
2178,1.200484514,25.89
2179,1.203284025,26.22
2180,1.206018209,25.83
2181,1.208690524,23.06
2182,1.211303473,25.72
2183,1.213859677,23
2184,1.216362476,17.94
