YEAR,WEEK,ILITOTAL,EMA,PRED,beta,,,,,,,,,,,,,,,,,,,,,,,,,,,,,,,
2013,1,1903,1903,,,,,,,,,,,,,,,,,,,,,,,,,,,,,,,,,
2013,2,2008,1934.5,,,,,,,,,,,,,,,,,,,,,,,,,,,,,,,,,
2013,3,1790,1891.15,,,,,,,,,,,,,,,,,,,,,,,,,,,,,,,,,
2013,4,1500,1773.805,,,,,,,,,,,,,,,,,,,,,,,,,,,,,,,,,
2013,5,1572,1713.2635,,,,,,,,,,,,,,,,,,,,,,,,,,,,,,,,,
2013,6,1381,1613.58445,,,,,,,,,,,,,,,,,,,,,,,,,,,,,,,,,
2013,7,1282,1514.109115,,,,,,,,,,,,,,,,,,,,,,,,,,,,,,,,,
2013,8,1064,1379.076381,,,,,,,,,,,,,,,,,,,,,,,,,,,,,,,,,
2013,9,1194,1323.553466,,,,,,,,,,,,,,,,,,,,,,,,,,,,,,,,,
2013,10,1102,1257.087426,,,,,,,,,,,,,,,,,,,,,,,,,,,,,,,,,
2013,11,1073,1201.861199,,,,,,,,,,,,,,,,,,,,,,,,,,,,,,,,,
2013,12,1039,1153.002839,,,,,,,,,,,,,,,,,,,,,,,,,,,,,,,,,
2013,13,954,1093.301987,,,,,,,,,,,,,,,,,,,,,,,,,,,,,,,,,
2013,14,932,1044.911391,,,,,,,,,,,,,,,,,,,,,,,,,,,,,,,,,
2013,15,746,955.2379738,,,,,,,,,,,,,,,,,,,,,,,,,,,,,,,,,
2013,16,724,885.8665816,,,,,,,,,,,,,,,,,,,,,,,,,,,,,,,,,
2013,17,705,831.6066071,,,,,,,,,,,,,,,,,,,,,,,,,,,,,,,,,
2013,18,678,785.524625,,,,,,,,,,,,,,,,,,,,,,,,,,,,,,,,,
2013,19,664,749.0672375,,,,,,,,,,,,,,,,,,,,,,,,,,,,,,,,,
2013,20,647,718.4470663,,,,,,,,,,,,,,,,,,,,,,,,,,,,,,,,,
2013,21,526,660.7129464,,,,,,,,,,,,,,,,,,,,,,,,,,,,,,,,,
2013,22,531,621.7990625,,,,,,,,,,,,,,,,,,,,,,,,,,,,,,,,,
2013,23,585,610.7593437,,,,,,,,,,,,,,,,,,,,,,,,,,,,,,,,,
2013,24,499,577.2315406,,,,,,,,,,,,,,,,,,,,,,,,,,,,,,,,,
2013,25,473,545.9620784,,,,,,,,,,,,,,,,,,,,,,,,,,,,,,,,,
2013,26,428,510.5734549,,,,,,,,,,,,,,,,,,,,,,,,,,,,,,,,,
2013,27,370,468.4014184,,,,,,,,,,,,,,,,,,,,,,,,,,,,,,,,,
2013,28,418,453.2809929,,,,,,,,,,,,,,,,,,,,,,,,,,,,,,,,,
2013,29,344,420.496695,,,,,,,,,,,,,,,,,,,,,,,,,,,,,,,,,
2013,30,366,404.1476865,,,,,,,,,,,,,,,,,,,,,,,,,,,,,,,,,
2013,31,332,382.5033806,,,,,,,,,,,,,,,,,,,,,,,,,,,,,,,,,
2013,32,321,364.0523664,,,,,,,,,,,,,,,,,,,,,,,,,,,,,,,,,
2013,33,385,370.3366565,370,0.8935337,,1,0.8935337,370,,,,,,,,,,,,,,,,,,,,,,,,,,,
2013,34,363,368.1356595,341.92407,1.0632696,,2,1.0632696,341.92407,,,,,,,,,,,,,,,,,,,,,,,,,,,
2013,35,383,372.5949617,385.5498,1.1067774,,3,1.1067774,385.5498,,,,,,,,,,,,,,,,,,,,,,,,,,,
2013,36,439,392.5164732,423.09424,1.1001222,,4,1.1001222,423.09424,,,,,,,,,,,,,,,,,,,,,,,,,,,
2013,37,560,442.7615312,455.1798,1.095364,,5,1.095364,455.1798,,,,,,,,,,,,,,,,,,,,,,,,,,,
2013,38,578,483.3330719,489.69226,1.1026099,,6,1.1026099,489.69226,,,,,,,,,,,,,,,,,,,,,,,,,,,
2013,39,562,506.9331503,532.4856,1.1155916,,7,1.1155916,532.4856,,,,,,,,,,,,,,,,,,,,,,,,,,,
2013,40,859,612.5532052,585.2883,1.1274722,1,8,1.1274722,585.2883,,,,,,,,,,,,,,,,,,,,,,,,,,,
2013,41,932,708.3872436,648.2278,1.1346847,2,9,1.1346847,648.2278,,,,,,,,,,,,,,,,,,,,,,,,,,,
2013,42,937,776.9710706,719.83496,1.1363554,3,10,1.1363554,719.83496,,,,,,,,,,,,,,,,,,,,,,,,,,,
2013,43,1036,854.6797494,798.0005,1.1330576,4,11,1.1330576,798.0005,,,,,,,,,,,,,,,,,,,,,,,,,,,
2013,44,1072,919.8758246,880.24365,1.1259135,5,12,1.1259135,880.24365,,,,,,,,,,,,,,,,,,,,,,,,,,,
2013,45,1069,964.6130772,963.8828,1.1161054,6,13,1.1161054,963.8828,,,,,,,,,,,,,,,,,,,,,,,,,,,
2013,46,1060,993.229154,1047.0562,1.1046624,7,14,1.1046624,1047.0562,,,,,,,,,,,,,,,,,,,,,,,,,,,
2013,47,1095,1023.760408,1126.5186,1.0923941,8,15,1.0923941,1126.5186,,,,,,,,,,,,,,,,,,,,,,,,,,,
2013,48,1012,1020.232285,1199.8203,1.0798979,9,16,1.0798979,1199.8203,,,,,,,,,,,,,,,,,,,,,,,,,,,
2013,49,1371,1125.4626,1266.0635,1.0675901,10,17,1.0675901,1266.0635,,,,,,,,,,,,,,,,,,,,,,,,,,,
2013,50,1337,1188.92382,1323.8877,1.0557468,11,18,1.0557468,1323.8877,,,,,,,,,,,,,,,,,,,,,,,,,,,
2013,51,1627,1320.346674,1371.5186,1.0445389,12,19,1.0445389,1371.5186,,,,,,,,,,,,,,,,,,,,,,,,,,,
2013,52,1920,1500.242672,1408.9443,1.0340604,13,20,1.0340604,1408.9443,,,,,,,,,,,,,,,,,,,,,,,,,,,
2014,1,1995,1648.66987,1436.916,1.0243522,14,21,1.0243522,1436.916,,,,,,,,,,,,,,,,,,,,,,,,,,,
2014,2,1716,1668.868909,1454.7324,1.0154191,15,22,1.0154191,1454.7324,,,,,,,,,,,,,,,,,,,,,,,,,,,
2014,3,1712,1681.808236,1462.5664,1.0072423,16,23,1.0072423,1462.5664,,,,,,,,,,,,,,,,,,,,,,,,,,,
2014,4,1538,1638.665765,1462.0488,0.9997872,17,24,0.9997872,1462.0488,,,,,,,,,,,,,,,,,,,,,,,,,,,
2014,5,1240,1519.066036,1453.9707,0.99301106,18,25,0.99301106,1453.9707,,,,,,,,,,,,,,,,,,,,,,,,,,,
2014,6,1120,1399.346225,1438.0332,0.9868671,19,26,0.9868671,1438.0332,,,,,,,,,,,,,,,,,,,,,,,,,,,
2014,7,1146,1323.342358,1415.8496,0.98130643,20,27,0.98130643,1415.8496,,,,,,,,,,,,,,,,,,,,,,,,,,,
2014,8,1182,1280.93965,1388.9863,0.9762807,21,28,0.9762807,1388.9863,,,,,,,,,,,,,,,,,,,,,,,,,,,
2014,9,1186,1252.457755,1357.2734,0.97174364,22,29,0.97174364,1357.2734,,,,,,,,,,,,,,,,,,,,,,,,,,,
2014,10,1033,1186.620429,1321.4336,0.9676511,23,30,0.9676511,1321.4336,,,,,,,,,,,,,,,,,,,,,,,,,,,
2014,11,1101,1160.9343,1283.0527,0.9639621,24,31,0.9639621,1283.0527,,,,,,,,,,,,,,,,,,,,,,,,,,,
2014,12,975,1105.15401,1242.7246,0.960638,25,32,0.960638,1242.7246,,,,,,,,,,,,,,,,,,,,,,,,,,,
2014,13,1126,1111.407807,1200.1133,0.957644,26,33,0.957644,1200.1133,,,,,,,,,,,,,,,,,,,,,,,,,,,
2014,14,1158,1125.385465,1156.3867,0.95494807,27,34,0.95494807,1156.3867,,,,,,,,,,,,,,,,,,,,,,,,,,,
2014,15,1181,1142.069825,1112.5781,0.9525213,28,35,0.9525213,1112.5781,,,,,,,,,,,,,,,,,,,,,,,,,,,
2014,16,1006,1101.248878,1068.25,0.9503364,29,36,0.9503364,1068.25,,,,,,,,,,,,,,,,,,,,,,,,,,,
2014,17,1093,1098.774214,1023.6875,0.9483697,30,37,0.9483697,1023.6875,,,,,,,,,,,,,,,,,,,,,,,,,,,
2014,18,956,1055.94195,979.8086,0.9465992,31,38,0.9465992,979.8086,,,,,,,,,,,,,,,,,,,,,,,,,,,
2014,19,1055,1055.659365,936.8867,0.94500566,32,39,0.94500566,936.8867,,,,,,,,,,,,,,,,,,,,,,,,,,,
2014,20,808,981.3615556,894.33594,0.94357115,33,40,0.94357115,894.33594,,,,,,,,,,,,,,,,,,,,,,,,,,,
2014,21,794,925.1530889,852.7539,0.94227964,34,41,0.94227964,852.7539,,,,,,,,,,,,,,,,,,,,,,,,,,,
2014,22,757,874.7071622,812.6953,0.9411169,35,42,0.9411169,812.6953,,,,,,,,,,,,,,,,,,,,,,,,,,,
2014,23,761,840.5950136,773.7617,0.9400697,36,43,0.9400697,773.7617,,,,,,,,,,,,,,,,,,,,,,,,,,,
2014,24,678,791.8165095,735.83203,0.93912685,37,44,0.93912685,735.83203,,,,,,,,,,,,,,,,,,,,,,,,,,,
2014,25,660,752.2715566,699.39453,0.93827766,38,45,0.93827766,699.39453,,,,,,,,,,,,,,,,,,,,,,,,,,,
2014,26,461,664.8900897,664.6094,0.9375126,39,46,0.9375126,664.6094,,,,,,,,,,,,,,,,,,,,,,,,,,,
2014,27,347,569.5230628,630.9258,0.9368234,40,47,0.9368234,630.9258,,,,,,,,,,,,,,,,,,,,,,,,,,,
2014,28,392,516.2661439,598.54297,0.93620247,41,48,0.93620247,598.54297,,,,,,,,,,,,,,,,,,,,,,,,,,,
2014,29,351,466.6863008,567.78125,0.93564314,42,49,0.93564314,567.78125,,,,,,,,,,,,,,,,,,,,,,,,,,,
2014,30,343,429.5804105,538.4219,0.9351385,43,50,0.9351385,538.4219,1,0.8129368,430,,,,,,,,,,,,,,,,,,,,,,,,
2014,31,331,400.0062874,510.15625,0.93468386,44,51,0.93468386,510.15625,2,0.9944308,361.10602,,,,,,,,,,,,,,,,,,,,,,,,
2014,32,338,381.4044012,483.2461,0.93427414,45,52,0.93427414,483.2461,3,1.0450289,390.87836,,,,,,,,,,,,,,,,,,,,,,,,
2014,33,351,372.2830808,457.82422,0.9339044,46,53,0.9339044,457.82422,4,1.0412672,411.1737,,,,,,,,,,,,,,,,,,,,,,,,
2014,34,410,383.5981566,433.4922,0.93357104,47,54,0.93357104,433.4922,5,1.0408946,423.76282,,,,,,,,,,,,,,,,,,,,,,,,
2014,35,362,377.1187096,438.94727,1.0568334,48,55,0.93327063,410.2422,6,1.0568334,438.94727,,,,,,,,,,,,,,,,,,,,,,,,
2014,36,559,431.6830967,463.80542,1.0823361,49,,,,7,1.0823361,463.80542,,,,,,,,,,,,,,,,,,,,,,,,
2014,37,984,597.3781677,501.1162,1.1088248,50,,,,8,1.1088248,501.1162,,,,,,,,,,,,,,,,,,,,,,,,
2014,38,966,707.9647174,551.87866,1.1309775,51,,,,9,1.1309775,551.87866,,,,,,,,,,,,,,,,,,,,,,,,
2014,39,801,735.8753022,615.813,1.1465753,52,,,,10,1.1465753,615.813,,,,,,,,,,,,,,,,,,,,,,,,
2014,40,853,771.0127115,692.5327,1.1553277,53,,,,11,1.1553277,692.5327,,,,,,,,,,,,,,,,,,,,,,,,
2014,41,831,789.0088981,781.12744,1.1579105,54,,,,12,1.1579105,781.12744,,,,,,,,,,,,,,,,,,,,,,,,
2014,42,929,831.0062286,880.39355,1.1553786,55,,,,13,1.1553786,880.39355,,,,,,,,,,,,,,,,,,,,,,,,
2014,43,899,851.4043601,987.89355,1.1488525,56,,,,14,1.1488525,987.89355,,,,,,,,,,,,,,,,,,,,,,,,
2014,44,979,889.683052,1100.5996,1.1393694,57,,,,15,1.1393694,1100.5996,,,,,,,,,,,,,,,,,,,,,,,,
2014,45,1109,955.4781364,1216.1748,1.1278234,58,,,,16,1.1278234,1216.1748,,,,,,,,,,,,,,,,,,,,,,,,
2014,46,1212,1032.434695,1331.4199,1.1149514,59,,,,17,1.1149514,1331.4199,,,,,,,,,,,,,,,,,,,,,,,,
2014,47,1378,1136.104287,1442.0029,1.1013424,60,,,,18,1.1013424,1442.0029,,,,,,,,,,,,,,,,,,,,,,,,
2014,48,1810,1338.273001,1544.9482,1.0874543,61,,,,19,1.0874543,1544.9482,,,,,,,,,,,,,,,,,,,,,,,,
2014,49,2687,1742.891101,1638.0742,1.0736339,62,,,,20,1.0736339,1638.0742,,,,,,,,,,,,,,,,,,,,,,,,
2014,50,3463,2258.92377,1718.9258,1.0601369,63,,,,21,1.0601369,1718.9258,,,,,,,,,,,,,,,,,,,,,,,,
2014,51,3569,2651.946639,1784.4512,1.0471452,64,,,,22,1.0471452,1784.4512,,,,,,,,,,,,,,,,,,,,,,,,
2014,52,2308,2548.762647,1834.4746,1.0347832,65,,,,23,1.0347832,1834.4746,,,,,,,,,,,,,,,,,,,,,,,,
2014,53,2035,2394.633853,1869.3594,1.0231276,66,,,,24,1.0231276,1869.3594,,,,,,,,,,,,,,,,,,,,,,,,
2015,1,1397,2095.343697,1887.75,1.0122216,67,,,,25,1.0122216,1887.75,,,,,,,,,,,,,,,,,,,,,,,,
2015,2,1120,1802.740588,1890.293,1.0020802,68,,,,26,1.0020802,1890.293,,,,,,,,,,,,,,,,,,,,,,,,
2015,3,1158,1609.318412,1879.2168,0.9926997,69,,,,27,0.9926997,1879.2168,,,,,,,,,,,,,,,,,,,,,,,,
2015,4,1153,1472.422888,1855.5078,0.9840613,70,,,,28,0.9840613,1855.5078,,,,,,,,,,,,,,,,,,,,,,,,
2015,5,1030,1339.696022,1819.4414,0.97613686,71,,,,29,0.97613686,1819.4414,,,,,,,,,,,,,,,,,,,,,,,,
2015,6,1288,1324.187215,1773.6895,0.9688906,72,,,,30,0.9688906,1773.6895,,,,,,,,,,,,,,,,,,,,,,,,
2015,7,1232,1296.531051,1720.6211,0.9622828,73,,,,31,0.9622828,1720.6211,,,,,,,,,,,,,,,,,,,,,,,,
2015,8,1285,1293.071735,1660.3438,0.9562721,74,,,,32,0.9562721,1660.3438,,,,,,,,,,,,,,,,,,,,,,,,
2015,9,1359,1312.850215,1594.6523,0.9508157,75,,,,33,0.9508157,1594.6523,,,,,,,,,,,,,,,,,,,,,,,,
2015,10,1484,1364.19515,1525.9453,0.9458717,76,,,,34,0.9458717,1525.9453,,,,,,,,,,,,,,,,,,,,,,,,
2015,11,1562,1423.536605,1455.0156,0.9413993,77,,,,35,0.9413993,1455.0156,,,,,,,,,,,,,,,,,,,,,,,,
2015,12,1549,1461.175624,1382.1211,0.93735874,78,,,,36,0.93735874,1382.1211,,,,,,,,,,,,,,,,,,,,,,,,
2015,13,1547,1486.922937,1309.0508,0.9337131,79,,,,37,0.9337131,1309.0508,,,,,,,,,,,,,,,,,,,,,,,,
2015,14,1358,1448.246056,1237.082,0.93042725,80,,,,38,0.93042725,1237.082,,,,,,,,,,,,,,,,,,,,,,,,
2015,15,1142,1356.372239,1165.7969,0.9274682,81,,,,39,0.9274682,1165.7969,,,,,,,,,,,,,,,,,,,,,,,,
2015,16,922,1226.060567,1095.9453,0.9248061,82,,,,40,0.9248061,1095.9453,,,,,,,,,,,,,,,,,,,,,,,,
2015,17,937,1139.342397,1028.6055,0.92241246,83,,,,41,0.92241246,1028.6055,,,,,,,,,,,,,,,,,,,,,,,,
2015,18,878,1060.939678,963.8711,0.9202618,84,,,,42,0.9202618,963.8711,,,,,,,,,,,,,,,,,,,,,,,,
2015,19,752,968.2577746,901.33203,0.91833055,85,,,,43,0.91833055,901.33203,,,,,,,,,,,,,,,,,,,,,,,,
2015,20,742,900.3804422,841.6719,0.916597,86,,,,44,0.916597,841.6719,,,,,,,,,,,,,,,,,,,,,,,,
2015,21,562,798.8663095,785.3281,0.9150419,87,,,,45,0.9150419,785.3281,,,,,,,,,,,,,,,,,,,,,,,, 
2015,22,558,726.6064167,731.71875,0.91364694,88,,,,46,0.91364694,731.71875,,,,,,,,,,,,,,,,,,,,,,,,
2015,23,521,664.9244917,680.8711,0.9123965,89,,,,47,0.9123965,680.8711,,,,,,,,,,,,,,,,,,,,,,,,
2015,24,435,595.9471442,633.1172,0.91127586,90,,,,48,0.91127586,633.1172,,,,,,,,,,,,,,,,,,,,,,,,
2015,25,548,581.5630009,588.4336,0.9102715,91,,,,49,0.9102715,588.4336,,,,,,,,,,,,,,,,,,,,,,,,
2015,26,448,541.4941006,546.2383,0.90937185,92,,,,50,0.90937185,546.2383,,,,,,,,,,,,,,,,,,,,,,,,
2015,27,435,509.5458705,506.6914,0.908566,93,,,,51,0.908566,506.6914,,,,,,,,,,,,,,,,,,,,,,,,
2015,28,437,487.7821093,469.9297,0.9078444,94,,,,52,0.9078444,469.9297,,,,,,,,,,,,,,,,,,,,,,,,
2015,29,415,465.9474765,435.59766,0.90719825,95,,,,53,0.90719825,435.59766,,,,,,,,,,,,,,,,,,,,,,,,
2015,30,432,455.7632336,403.41406,0.90661985,96,,,,54,0.90661985,403.41406,,,,,,,,,,,,,,,,,,,,,,,,
2015,31,438,450.4342635,373.4961,0.90610206,97,,,,55,0.90610206,373.4961,1,0.6888108,450,,,,,,,,,,,,,,,,,,,,,
2015,32,412,438.9039844,372.29688,0.980248,98,,,,56,0.9056384,345.8203,2,0.980248,372.29688,,,,,,,,,,,,,,,,,,,,,
2015,33,384,422.4327891,404.62744,1.1041167,99,,,,57,0.90522367,319.98047,3,1.1041167,404.62744,,,,,,,,,,,,,,,,,,,,,
2015,34,450,430.7029524,457.33875,1.1145254,100,,,,58,0.90485203,295.91406,4,1.1145254,457.33875,,,,,,,,,,,,,,,,,,,,,
2015,35,428,429.8920667,497.19275,1.0867231,101,,,,59,0.90451974,273.66797,5,1.0867231,497.19275,,,,,,,,,,,,,,,,,,,,,
2015,36,500,450.9244467,523.2876,1.0599127,102,,,,60,0.9042224,253.07031,6,1.0599127,523.2876,,,,,,,,,,,,,,,,,,,,,
2015,37,643,508.5471127,541.2412,1.045032,103,,,,,,,7,1.045032,541.2412,,,,,,,,,,,,,,,,,,,,,
2015,38,609,538.6829789,556.8181,1.0412016,104,,,,,,,8,1.0412016,556.8181,,,,,,,,,,,,,,,,,,,,,
2015,39,542,539.6780852,574.65234,1.0446017,105,,,,,,,9,1.0446017,574.65234,,,,,,,,,,,,,,,,,,,,,
2015,40,833,627.6746596,596.1001,1.0516944,106,,,,,,,10,1.0516944,596.1001,,,,,,,,,,,,,,,,,,,,,
2015,41,908,711.7722618,622.875,1.0599751,107,,,,,,,11,1.0599751,622.875,,,,,,,,,,,,,,,,,,,,,
2015,42,806,740.0405832,655.2163,1.067896,108,,,,,,,12,1.067896,655.2163,,,,,,,,,,,,,,,,,,,,,
2015,43,842,770.6284083,692.8135,1.0746047,109,,,,,,,13,1.0746047,692.8135,,,,,,,,,,,,,,,,,,,,,
2015,44,920,815.4398858,735.6924,1.0797025,110,,,,,,,14,1.0797025,735.6924,,,,,,,,,,,,,,,,,,,,,
2015,45,1020,876.80792,783.8135,1.083066,111,,,,,,,15,1.083066,783.8135,,,,,,,,,,,,,,,,,,,,,
2015,46,978,907.165544,836.17773,1.0847292,112,,,,,,,16,1.0847292,836.17773,,,,,,,,,,,,,,,,,,,,,
2015,47,830,884.0158808,892.01074,1.084809,113,,,,,,,17,1.084809,892.01074,,,,,,,,,,,,,,,,,,,,,
2015,48,1057,935.9111166,951.0332,1.0834605,114,,,,,,,18,1.0834605,951.0332,,,,,,,,,,,,,,,,,,,,,
2015,49,1119,990.8377816,1012.42773,1.0808511,115,,,,,,,19,1.0808511,1012.42773,,,,,,,,,,,,,,,,,,,,,
2015,50,1008,995.9864471,1074.376,1.077144,116,,,,,,,20,1.077144,1074.376,,,,,,,,,,,,,,,,,,,,,
2015,51,1041,1009.490513,1136.1113,1.0724944,117,,,,,,,21,1.0724944,1136.1113,,,,,,,,,,,,,,,,,,,,,
2015,52,1034,1016.843359,1197.0078,1.0670427,118,,,,,,,22,1.0670427,1197.0078,,,,,,,,,,,,,,,,,,,,,
2016,1,1178,1065.190351,1255.2236,1.0609152,119,,,,,,,23,1.0609152,1255.2236,,,,,,,,,,,,,,,,,,,,,
2016,2,1217,1110.733246,1309.0508,1.0542235,120,,,,,,,24,1.0542235,1309.0508,,,,,,,,,,,,,,,,,,,,,
2016,3,1238,1148.913272,1357.9121,1.0470657,121,,,,,,,25,1.0470657,1357.9121,,,,,,,,,,,,,,,,,,,,,
2016,4,1402,1224.839291,1401.0254,1.0395277,122,,,,,,,26,1.0395277,1401.0254,,,,,,,,,,,,,,,,,,,,,
2016,5,1551,1322.687503,1436.1152,1.0316836,123,,,,,,,27,1.0316836,1436.1152,,,,,,,,,,,,,,,,,,,,,
2016,6,1699,1435.581252,1462.5996,1.0235988,124,,,,,,,28,1.0235988,1462.5996,,,,,,,,,,,,,,,,,,,,,
2016,7,2003,1605.806877,1480.543,1.0153295,125,,,,,,,29,1.0153295,1480.543,,,,,,,,,,,,,,,,,,,,,
2016,8,1989,1720.764814,1488.9492,1.006924,126,,,,,,,30,1.006924,1488.9492,,,,,,,,,,,,,,,,,,,,,
2016,9,2162,1853.13537,1486.7344,0.9984244,127,,,,,,,31,0.9984244,1486.7344,,,,,,,,,,,,,,,,,,,,,
2016,10,2093,1925.094759,1474.6387,0.9898671,128,,,,,,,32,0.9898671,1474.6387,,,,,,,,,,,,,,,,,,,,,
2016,11,1642,1840.166331,1453.3789,0.98128307,129,,,,,,,33,0.98128307,1453.3789,,,,,,,,,,,,,,,,,,,,,
2016,12,1335,1688.616432,1422.1719,0.97269905,130,,,,,,,34,0.97269905,1422.1719,,,,,,,,,,,,,,,,,,,,,
2016,13,1246,1555.831502,1381.8203,0.96413803,131,,,,,,,35,0.96413803,1381.8203,,,,,,,,,,,,,,,,,,,,,
2016,14,1029,1397.782052,1333.9531,0.95562017,132,,,,,,,36,0.95562017,1333.9531,,,,,,,,,,,,,,,,,,,,,
2016,15,955,1264.947436,1279.2656,0.94716203,133,,,,,,,37,0.94716203,1279.2656,,,,,,,,,,,,,,,,,,,,,
2016,16,894,1153.663205,1217.9609,0.93877816,134,,,,,,,38,0.93877816,1217.9609,,,,,,,,,,,,,,,,,,,,,
2016,17,800,1047.564244,1151.9023,0.9304805,135,,,,,,,39,0.9304805,1151.9023,,,,,,,,,,,,,,,,,,,,,
2016,18,664,932.4949706,1082.7734,0.9222795,136,,,,,,,40,0.9222795,1082.7734,,,,,,,,,,,,,,,,,,,,,
2016,19,699,862.4464794,1010.78125,0.914184,137,,,,,,,41,0.914184,1010.78125,,,,,,,,,,,,,,,,,,,,,
2016,20,636,794.5125356,937.22656,0.90620065,138,,,,,,,42,0.90620065,937.22656,,,,,,,,,,,,,,,,,,,,,
2016,21,540,718.1587749,863.77344,0.8983356,139,,,,,,,43,0.8983356,863.77344,,,,,,,,,,,,,,,,,,,,,
2016,22,513,656.6111424,791.21875,0.8905939,140,,,,,,,44,0.8905939,791.21875,,,,,,,,,,,,,,,,,,,,,
2016,23,395,578.1277997,719.8867,0.88297915,141,,,,,,,45,0.88297915,719.8867,,,,,,,,,,,,,,,,,,,,,
2016,24,310,497.6894598,651.0117,0.8754947,142,,,,,,,46,0.8754947,651.0117,,,,,,,,,,,,,,,,,,,,,
2016,25,346,452.1826219,585.46875,0.8681425,143,,,,,,,47,0.8681425,585.46875,,,,,,,,,,,,,,,,,,,,,
2016,26,355,423.0278353,523.2383,0.86092436,144,,,,,,,48,0.86092436,523.2383,,,,,,,,,,,,,,,,,,,,,
2016,27,289,382.8194847,464.7578,0.85384154,145,,,,,,,49,0.85384154,464.7578,,,,,,,,,,,,,,,,,,,,,
2016,28,317,363.0736393,410.59375,0.84689474,146,,,,,,,50,0.84689474,410.59375,1,0.8454974,363,,,,,,,,,,,,,,,,,,
2016,29,307,346.2515475,360.78516,0.8400836,147,,,,,,,51,0.8400836,360.78516,2,1.0105897,311.63843,,,,,,,,,,,,,,,,,,
2016,30,295,330.8760833,337.39294,1.0184572,148,,,,,,,52,0.8334086,315.09375,3,1.0184572,337.39294,,,,,,,,,,,,,,,,,,
2016,31,267,311.7132583,339.66443,0.98040074,149,,,,,,,53,0.8268688,273.70703,4,0.98040074,339.66443,,,,,,,,,,,,,,,,,,
2016,32,263,297.0992808,328.43713,0.963109,150,,,,,,,54,0.82046354,236.61719,5,0.963109,328.43713,,,,,,,,,,,,,,,,,,
2016,33,275,290.4694966,317.8164,0.9737271,151,,,,,,,55,0.8141917,203.38281,6,0.9737271,317.8164,,,,,,,,,,,,,,,,,,
2016,34,327,301.4286476,314.6886,1.0000684,152,,,,,,,,,,7,1.0000684,314.6886,,,,,,,,,,,,,,,,,,
2016,35,315,305.5000533,320.0752,1.0306361,153,,,,,,,,,,8,1.0306361,320.0752,,,,,,,,,,,,,,,,,,
2016,36,396,332.6500373,333.5056,1.0587946,154,,,,,,,,,,9,1.0587946,333.5056,,,,,,,,,,,,,,,,,,
2016,37,516,387.6550261,354.16504,1.0817672,155,,,,,,,,,,10,1.0817672,354.16504,,,,,,,,,,,,,,,,,,
2016,38,497,420.4585183,381.38867,1.0989892,156,,,,,,,,,,11,1.0989892,381.38867,,,,,,,,,,,,,,,,,,
2016,39,623,481.2209628,414.69434,1.1109339,157,,,,,,,,,,12,1.1109339,414.69434,,,,,,,,,,,,,,,,,,
2016,40,640,528.854674,453.53027,1.1184441,158,,,,,,,,,,13,1.1184441,453.53027,,,,,,,,,,,,,,,,,,
2016,41,571,541.4982718,497.75244,1.1224025,159,,,,,,,,,,14,1.1224025,497.75244,,,,,,,,,,,,,,,,,,
2016,42,743,601.9487902,547.3452,1.1235961,160,,,,,,,,,,15,1.1235961,547.3452,,,,,,,,,,,,,,,,,,
2016,43,742,643.9641532,601.0762,1.1226686,161,,,,,,,,,,16,1.1226686,601.0762,,,,,,,,,,,,,,,,,,
2016,44,804,691.9749072,659.03125,1.120128,162,,,,,,,,,,17,1.120128,659.03125,,,,,,,,,,,,,,,,,,
2016,45,827,732.4824351,720.8965,1.1163611,163,,,,,,,,,,18,1.1163611,720.8965,,,,,,,,,,,,,,,,,,
2016,46,899,782.4377045,785.6904,1.1116587,164,,,,,,,,,,19,1.1116587,785.6904,,,,,,,,,,,,,,,,,,
2016,47,744,770.9063932,852.5957,1.1062363,165,,,,,,,,,,20,1.1062363,852.5957,,,,,,,,,,,,,,,,,,
2016,48,860,797.6344752,921.2793,1.1002539,166,,,,,,,,,,21,1.1002539,921.2793,,,,,,,,,,,,,,,,,,
2016,49,894,826.5441327,991.0469,1.0938293,167,,,,,,,,,,22,1.0938293,991.0469,,,,,,,,,,,,,,,,,,
2016,50,943,861.4808929,1060.0859,1.0870491,168,,,,,,,,,,23,1.0870491,1060.0859,,,,,,,,,,,,,,,,,,
2016,51,978,896.436625,1127.791,1.0799787,169,,,,,,,,,,24,1.0799787,1127.791,,,,,,,,,,,,,,,,,,
2016,52,1234,997.7056375,1193.668,1.0726666,170,,,,,,,,,,25,1.0726666,1193.668,,,,,,,,,,,,,,,,,,
2017,1,1267,1078.493946,1255.9785,1.0651503,171,,,,,,,,,,26,1.0651503,1255.9785,,,,,,,,,,,,,,,,,,
2017,2,1350,1159.945762,1313.2422,1.0574583,172,,,,,,,,,,27,1.0574583,1313.2422,,,,,,,,,,,,,,,,,,
2017,3,1443,1244.862034,1365.0898,1.0496144,173,,,,,,,,,,28,1.0496144,1365.0898,,,,,,,,,,,,,,,,,,
2017,4,1640,1363.403424,1410.7832,1.0416365,174,,,,,,,,,,29,1.0416365,1410.7832,,,,,,,,,,,,,,,,,,
2017,5,1810,1497.382396,1448.1992,1.0335408,175,,,,,,,,,,30,1.0335408,1448.1992,,,,,,,,,,,,,,,,,,
2017,6,2297,1737.267678,1476.9434,1.0253404,176,,,,,,,,,,31,1.0253404,1476.9434,,,,,,,,,,,,,,,,,,
2017,7,2435,1946.587374,1497.1445,1.0170469,177,,,,,,,,,,32,1.0170469,1497.1445,,,,,,,,,,,,,,,,,,
2017,8,2284,2047.811162,1507.6523,1.008671,178,,,,,,,,,,33,1.008671,1507.6523,,,,,,,,,,,,,,,,,,
2017,9,1743,1956.367813,1507.5371,1.0002218,179,,,,,,,,,,34,1.0002218,1507.5371,,,,,,,,,,,,,,,,,,
2017,10,1759,1897.157469,1497.5312,0.9917083,180,,,,,,,,,,35,0.9917083,1497.5312,,,,,,,,,,,,,,,,,,
2017,11,1450,1763.010229,1478.1758,0.9831381,181,,,,,,,,,,36,0.9831381,1478.1758,,,,,,,,,,,,,,,,,,
2017,12,1440,1666.10716,1448.5215,0.9745186,182,,,,,,,,,,37,0.9745186,1448.5215,,,,,,,,,,,,,,,,,,
2017,13,1348,1570.675012,1409.4492,0.96585685,183,,,,,,,,,,38,0.96585685,1409.4492,,,,,,,,,,,,,,,,,,
2017,14,1169,1450.172508,1362.4766,0.95715916,184,,,,,,,,,,39,0.95715916,1362.4766,,,,,,,,,,,,,,,,,,
2017,15,764,1244.320756,1308.0078,0.94843185,185,,,,,,,,,,40,0.94843185,1308.0078,,,,,,,,,,,,,,,,,,
2017,16,676,1073.824529,1246.3477,0.9396801,186,,,,,,,,,,41,0.9396801,1246.3477,,,,,,,,,,,,,,,,,,
2017,17,681,955.9771704,1179.3516,0.9309099,187,,,,,,,,,,42,0.9309099,1179.3516,,,,,,,,,,,,,,,,,,
2017,18,617,854.2840193,1108.6055,0.9221256,188,,,,,,,,,,43,0.9221256,1108.6055,,,,,,,,,,,,,,,,,,
2017,19,715,812.4988135,1034.3242,0.91333205,189,,,,,,,,,,44,0.91333205,1034.3242,,,,,,,,,,,,,,,,,,
2017,20,576,741.5491694,957.9336,0.904534,190,,,,,,,,,,45,0.904534,957.9336,,,,,,,,,,,,,,,,,,
2017,21,485,664.5844186,881.1953,0.89573514,191,,,,,,,,,,46,0.89573514,881.1953,,,,,,,,,,,,,,,,,,
2017,22,417,590.309093,804.9219,0.88693935,192,,,,,,,,,,47,0.88693935,804.9219,,,,,,,,,,,,,,,,,,
2017,23,404,534.4163651,729.6172,0.87815017,193,,,,,,,,,,48,0.87815017,729.6172,,,,,,,,,,,,,,,,,,
2017,24,339,475.7914556,656.66797,0.86937165,194,,,,,,,,,,49,0.86937165,656.66797,,,,,,,,,,,,,,,,,,
2017,25,328,431.4540189,587.0586,0.86060584,195,,,,,,,,,,50,0.86060584,587.0586,,,,,,,,,,,,,,,,,,
2017,26,293,389.9178132,520.85547,0.8518565,196,,,,,,,,,,51,0.8518565,520.85547,,,,,,,,,,,,,,,,,,
2017,27,226,340.7424693,458.67578,0.84312624,197,,,,,,,,,,52,0.84312624,458.67578,,,,,,,,,,,,,,,,,,
2017,28,276,321.3197285,401.17188,0.8344174,198,,,,,,,,,,53,0.8344174,401.17188,,,,,,,,,,,,,,,,,,
2017,29,238,296.3238099,348.38672,0.82573265,199,,,,,,,,,,54,0.82573265,348.38672,,,,,,,,,,,,,,,,,,
2017,30,242,280.026667,280,0.9061489,200,,,,,,,,,,55,0.817074,300.21875,1,0.9061489,280,,,,,,,,,,,,,,,
2017,31,256,272.8186669,258.93384,1.0663496,201,,,,,,,,,,56,0.8084436,256.8711,2,1.0663496,258.93384,,,,,,,,,,,,,,,
2017,32,249,265.6730668,291.06354,1.0788304,202,,,,,,,,,,57,0.7998436,218.3086,3,1.0788304,291.06354,,,,,,,,,,,,,,,
2017,33,273,267.8711468,306.44427,1.0288448,203,,,,,,,,,,58,0.7912757,184.11719,4,1.0288448,306.44427,,,,,,,,,,,,,,,
2017,34,263,266.4098027,305.05713,0.98935515,204,,,,,,,,,,59,0.78274137,154.1289,5,0.98935515,305.05713,,,,,,,,,,,,,,,
2017,35,299,276.1868619,297.67444,0.9810744,205,,,,,,,,,,60,0.77424294,128.16016,6,0.9810744,297.67444,,,,,,,,,,,,,,,
2017,36,354,299.5308033,293.51514,0.99740314,206,,,,,,,,,,,,,7,0.99740314,293.51514,,,,,,,,,,,,,,,
2017,37,476,352.4715623,296.82092,1.0264881,207,,,,,,,,,,,,,8,1.0264881,296.82092,,,,,,,,,,,,,,,
2017,38,469,387.4300936,308.4192,1.0592349,208,,,,,,,,,,,,,9,1.0592349,308.4192,,,,,,,,,,,,,,,
2017,39,473,413.1010655,328.79102,1.0902725,209,,,,,,,,,,,,,10,1.0902725,328.79102,,,,,,,,,,,,,,,
2017,40,571,460.4707459,358.0608,1.1169631,210,,,,,,,,,,,,,11,1.1169631,358.0608,,,,,,,,,,,,,,,
2017,41,583,497.2295221,396.5232,1.1383175,211,,,,,,,,,,,,,12,1.1383175,396.5232,,,,,,,,,,,,,,,
2017,42,485,493.5606655,444.70288,1.1542362,212,,,,,,,,,,,,,13,1.1542362,444.70288,,,,,,,,,,,,,,,
2017,43,535,505.9924658,503.38525,1.1650558,213,,,,,,,,,,,,,14,1.1650558,503.38525,,,,,,,,,,,,,,,
2017,44,549,518.8947261,572.8418,1.171295,214,,,,,,,,,,,,,15,1.171295,572.8418,,,,,,,,,,,,,,,
2017,45,633,553.1263083,653.0928,1.1735216,215,,,,,,,,,,,,,16,1.1735216,653.0928,,,,,,,,,,,,,,,
2017,46,610,570.1884158,744.5498,1.1722897,216,,,,,,,,,,,,,17,1.1722897,744.5498,,,,,,,,,,,,,,,
2017,47,545,562.631891,846.89355,1.1681081,217,,,,,,,,,,,,,18,1.1681081,846.89355,,,,,,,,,,,,,,,
2017,48,906,665.6423237,958.56055,1.1614318,218,,,,,,,,,,,,,19,1.1614318,958.56055,,,,,,,,,,,,,,,
2017,49,957,753.0496266,1078.1328,1.1526599,219,,,,,,,,,,,,,20,1.1526599,1078.1328,,,,,,,,,,,,,,,
2017,50,1397,946.2347386,1203.8516,1.14214,220,,,,,,,,,,,,,21,1.14214,1203.8516,,,,,,,,,,,,,,,
2017,51,1956,1249.164317,1332.7305,1.1301725,221,,,,,,,,,,,,,22,1.1301725,1332.7305,,,,,,,,,,,,,,,
2017,52,2524,1631.615022,1460.4355,1.1170156,222,,,,,,,,,,,,,23,1.1170156,1460.4355,,,,,,,,,,,,,,,
2018,1,2495,1890.630515,1583.5303,1.1028912,223,,,,,,,,,,,,,24,1.1028912,1583.5303,,,,,,,,,,,,,,,
2018,2,2465,2062.941361,1698.4717,1.08799,224,,,,,,,,,,,,,25,1.08799,1698.4717,,,,,,,,,,,,,,,
2018,3,2370,2155.058953,1800.166,1.0724754,225,,,,,,,,,,,,,26,1.0724754,1800.166,,,,,,,,,,,,,,,
2018,4,2560,2276.541267,1883.957,1.0564868,226,,,,,,,,,,,,,27,1.0564868,1883.957,,,,,,,,,,,,,,,
2018,5,2720,2409.578887,1947.0645,1.0401442,227,,,,,,,,,,,,,28,1.0401442,1947.0645,,,,,,,,,,,,,,,
2018,6,2552,2452.305221,1987.2715,1.0235499,228,,,,,,,,,,,,,29,1.0235499,1987.2715,,,,,,,,,,,,,,,
2018,7,2414,2440.813655,2001.0781,1.0067917,229,,,,,,,,,,,,,30,1.0067917,2001.0781,,,,,,,,,,,,,,,
2018,8,1879,2272.269558,1987.8359,0.98994446,230,,,,,,,,,,,,,31,0.98994446,1987.8359,,,,,,,,,,,,,,,
2018,9,1279,1974.288691,1948.9668,0.9730716,231,,,,,,,,,,,,,32,0.9730716,1948.9668,,,,,,,,,,,,,,,
2018,10,1081,1706.302083,1885.6504,0.95622873,232,,,,,,,,,,,,,33,0.95622873,1885.6504,,,,,,,,,,,,,,,
2018,11,1051,1509.711458,1798.9883,0.9394614,233,,,,,,,,,,,,,34,0.9394614,1798.9883,,,,,,,,,,,,,,,
2018,12,958,1344.198021,1693.3086,0.92280966,234,,,,,,,,,,,,,35,0.92280966,1693.3086,,,,,,,,,,,,,,,
2018,13,811,1184.238615,1573.3398,0.9063071,235,,,,,,,,,,,,,36,0.9063071,1573.3398,,,,,,,,,,,,,,,
2018,14,781,1063.26703,1441.9297,0.88998264,236,,,,,,,,,,,,,37,0.88998264,1441.9297,,,,,,,,,,,,,,,
2018,15,695,952.7869212,1303.625,0.87385964,237,,,,,,,,,,,,,38,0.87385964,1303.625,,,,,,,,,,,,,,,
2018,16,506,818.7508448,1163.6328,0.8579591,238,,,,,,,,,,,,,39,0.8579591,1163.6328,,,,,,,,,,,,,,,
2018,17,578,746.5255914,1025.293,0.842297,239,,,,,,,,,,,,,40,0.842297,1025.293,,,,,,,,,,,,,,,
2018,18,445,656.067914,891.28906,0.8268884,240,,,,,,,,,,,,,41,0.8268884,891.28906,,,,,,,,,,,,,,,
2018,19,423,586.1475398,765.1211,0.8117443,241,,,,,,,,,,,,,42,0.8117443,765.1211,,,,,,,,,,,,,,,
2018,20,387,526.4032778,648.875,0.79687417,242,,,,,,,,,,,,,43,0.79687417,648.875,,,,,,,,,,,,,,,
2018,21,366,478.2822945,543.1328,0.78228545,243,,,,,,,,,,,,,44,0.78228545,543.1328,,,,,,,,,,,,,,,
2018,22,319,430.4976061,449.07422,0.7679842,244,,,,,,,,,,,,,45,0.7679842,449.07422,,,,,,,,,,,,,,,
2018,23,224,368.5483243,367.0703,0.75397456,245,,,,,,,,,,,,,46,0.75397456,367.0703,,,,,,,,,,,,,,,
2018,24,209,320.683827,296.33594,0.7402599,246,,,,,,,,,,,,,47,0.7402599,296.33594,,,,,,,,,,,,,,,
2018,25,269,305.1786789,236.39062,0.72684175,247,,,,,,,,,,,,,48,0.72684175,236.39062,,,,,,,,,,,,,,,
2018,26,239,285.3250752,186.54297,0.71372163,248,,,,,,,,,,,,,49,0.71372163,186.54297,,,,,,,,,,,,,,,
2018,27,241,272.0275527,145.4961,0.7008998,249,,,,,,,,,,,,,50,0.7008998,145.4961,,,,,,,,,,,,,,,
2018,28,264,269.6192869,112.18359,0.6883751,250,,,,,,,,,,,,,51,0.6883751,112.18359,,,,,,,,,,,,,,,
2018,29,221,255.0335008,85.62109,0.6761469,251,,,,,,,,,,,,,52,0.6761469,85.62109,,,,,,,,,,,,,,,
2018,30,164,227.7234506,64.63672,0.6642135,252,,,,,,,,,,,,,53,0.6642135,64.63672,,,,,,,,,,,,,,,
2018,31,177,212.5064154,48.257812,0.652572,253,,,,,,,,,,,,,54,0.652572,48.257812,,,,,,,,,,,,,,,
2018,32,157,195.8544908,196,0.72370696,254,,,,,,,,,,,,,55,0.64122003,35.6875,1,0.72370696,196,,,,,,,,,,,,
2018,33,172,188.6981435,169.89151,1.018711,255,,,,,,,,,,,,,56,0.6301547,26.125,2,1.018711,169.89151,,,,,,,,,,,,
2018,34,188,188.4887005,189.61478,1.1400092,256,,,,,,,,,,,,,57,0.6193725,18.921875,3,1.1400092,189.61478,,,,,,,,,,,,
2018,35,269,212.6420903,219.28503,1.1471393,257,,,,,,,,,,,,,58,0.60886973,13.5859375,4,1.1471393,219.28503,,,,,,,,,,,,
2018,36,263,227.7494632,243.99664,1.1191349,258,,,,,,,,,,,,,59,0.5986418,9.660156,5,1.1191349,243.99664,,,,,,,,,,,,
2018,37,292,247.0246243,263.4673,1.0955215,259,,,,,,,,,,,,,60,0.5886854,6.8046875,6,1.0955215,263.4673,,,,,,,,,,,,
2018,38,334,273.117237,280.62903,1.085801,260,,,,,,,,,,,,,,,,7,1.085801,280.62903,,,,,,,,,,,,
2018,39,272,272.7820659,299.04492,1.0874307,261,,,,,,,,,,,,,,,,8,1.0874307,299.04492,,,,,,,,,,,,
2018,40,394,309.1474461,320.44824,1.0953894,262,,,,,,,,,,,,,,,,9,1.0953894,320.44824,,,,,,,,,,,,
2018,41,493,364.3032123,346.27905,1.105511,263,,,,,,,,,,,,,,,,10,1.105511,346.27905,,,,,,,,,,,,
2018,42,518,410.4122486,377.40283,1.1151158,264,,,,,,,,,,,,,,,,11,1.1151158,377.40283,,,,,,,,,,,,
2018,43,579,460.988574,413.87036,1.1227622,265,,,,,,,,,,,,,,,,12,1.1227622,413.87036,,,,,,,,,,,,
2018,44,656,519.4920018,455.84497,1.1278476,266,,,,,,,,,,,,,,,,13,1.1278476,455.84497,,,,,,,,,,,,
2018,45,632,553.2444013,503.42603,1.1302706,267,,,,,,,,,,,,,,,,14,1.1302706,503.42603,,,,,,,,,,,,
2018,46,649,581.9710809,556.24756,1.1301991,268,,,,,,,,,,,,,,,,15,1.1301991,556.24756,,,,,,,,,,,,
2018,47,627,595.4797566,613.5088,1.127924,269,,,,,,,,,,,,,,,,16,1.127924,613.5088,,,,,,,,,,,,
2018,48,732,636.4358296,674.80615,1.1237746,270,,,,,,,,,,,,,,,,17,1.1237746,674.80615,,,,,,,,,,,,
2018,49,788,681.9050807,739.56494,1.1180727,271,,,,,,,,,,,,,,,,18,1.1180727,739.56494,,,,,,,,,,,,
2018,50,849,732.0335565,806.18115,1.1111103,272,,,,,,,,,,,,,,,,19,1.1111103,806.18115,,,,,,,,,,,,
2018,51,987,808.5234896,873.396,1.103142,273,,,,,,,,,,,,,,,,20,1.103142,873.396,,,,,,,,,,,,
2018,52,1339,967.6664427,940.2871,1.0943822,274,,,,,,,,,,,,,,,,21,1.0943822,940.2871,,,,,,,,,,,,
2019,1,1262,1055.96651,1005.45605,1.0850096,275,,,,,,,,,,,,,,,,22,1.0850096,1005.45605,,,,,,,,,,,,
2019,2,1019,1044.876557,1066.6191,1.0751715,276,,,,,,,,,,,,,,,,23,1.0751715,1066.6191,,,,,,,,,,,,
2019,3,1057,1048.51359,1122.6514,1.0649868,277,,,,,,,,,,,,,,,,24,1.0649868,1122.6514,,,,,,,,,,,,
2019,4,1046,1047.759513,1172.7012,1.0545528,278,,,,,,,,,,,,,,,,25,1.0545528,1172.7012,,,,,,,,,,,,
2019,5,1089,1060.131659,1214.8477,1.043947,279,,,,,,,,,,,,,,,,26,1.043947,1214.8477,,,,,,,,,,,,
2019,6,1198,1101.492161,1247.5908,1.0332332,280,,,,,,,,,,,,,,,,27,1.0332332,1247.5908,,,,,,,,,,,,
2019,7,1326,1168.844513,1270.7031,1.0224612,281,,,,,,,,,,,,,,,,28,1.0224612,1270.7031,,,,,,,,,,,,
2019,8,1601,1298.491159,1283.8652,1.0116714,282,,,,,,,,,,,,,,,,29,1.0116714,1283.8652,,,,,,,,,,,,
2019,9,1557,1376.043811,1285.6367,1.0008975,283,,,,,,,,,,,,,,,,30,1.0008975,1285.6367,,,,,,,,,,,,
2019,10,1650,1458.230668,1276.3457,0.9901654,284,,,,,,,,,,,,,,,,31,0.9901654,1276.3457,,,,,,,,,,,,
2019,11,1907,1592.861468,1256.9512,0.9794957,285,,,,,,,,,,,,,,,,32,0.9794957,1256.9512,,,,,,,,,,,,
2019,12,1458,1552.403027,1227.4863,0.96890706,286,,,,,,,,,,,,,,,,33,0.96890706,1227.4863,,,,,,,,,,,,
2019,13,1255,1463.182119,1188.1621,0.95841205,287,,,,,,,,,,,,,,,,34,0.95841205,1188.1621,,,,,,,,,,,,
2019,14,1062,1342.827483,1140.707,0.94802314,288,,,,,,,,,,,,,,,,35,0.94802314,1140.707,,,,,,,,,,,,
2019,15,847,1194.079238,1086.6191,0.9377484,289,,,,,,,,,,,,,,,,36,0.9377484,1086.6191,,,,,,,,,,,,
2019,16,691,1043.155467,1026.2051,0.927596,290,,,,,,,,,,,,,,,,37,0.927596,1026.2051,,,,,,,,,,,,
2019,17,562,898.8088268,961.1328,0.9175722,291,,,,,,,,,,,,,,,,38,0.9175722,961.1328,,,,,,,,,,,,
2019,18,479,772.8661788,893.3594,0.90768147,292,,,,,,,,,,,,,,,,39,0.90768147,893.3594,,,,,,,,,,,,
2019,19,487,687.1063251,823.82227,0.89792836,293,,,,,,,,,,,,,,,,40,0.89792836,823.82227,,,,,,,,,,,,
2019,20,445,614.4744276,753.3906,0.8883154,294,,,,,,,,,,,,,,,,41,0.8883154,753.3906,,,,,,,,,,,,
2019,21,370,541.1320993,683.75195,0.878846,295,,,,,,,,,,,,,,,,42,0.878846,683.75195,,,,,,,,,,,,
2019,22,281,463.0924695,616.0996,0.8695213,296,,,,,,,,,,,,,,,,43,0.8695213,616.0996,,,,,,,,,,,,
2019,23,243,397.0647287,550.6914,0.86034364,297,,,,,,,,,,,,,,,,44,0.86034364,550.6914,,,,,,,,,,,,
2019,24,272,359.5453101,488.48047,0.8513139,298,,,,,,,,,,,,,,,,45,0.8513139,488.48047,,,,,,,,,,,,
2019,25,219,317.381717,430.3164,0.8424325,299,,,,,,,,,,,,,,,,46,0.8424325,430.3164,,,,,,,,,,,,
2019,26,238,293.5672019,376.32422,0.8337008,300,,,,,,,,,,,,,,,,47,0.8337008,376.32422,,,,,,,,,,,,
2019,27,195,263.9970414,326.59766,0.82511795,301,,,,,,,,,,,,,,,,48,0.82511795,326.59766,,,,,,,,,,,,
2019,28,195,243.2979289,281.51172,0.816685,302,,,,,,,,,,,,,,,,49,0.816685,281.51172,,,,,,,,,,,,
2019,29,197,229.4085503,241.0664,0.8084015,303,,,,,,,,,,,,,,,,50,0.8084015,241.0664,,,,,,,,,,,,
2019,30,193,218.4859852,204.92188,0.80026644,304,,,,,,,,,,,,,,,,51,0.80026644,204.92188,,,,,,,,,,,,
2019,31,187,209.0401896,173.0039,0.7922801,305,,,,,,,,,,,,,,,,52,0.7922801,173.0039,,,,,,,,,,,,
2019,32,191,203.6281327,145.16797,0.7844413,306,,,,,,,,,,,,,,,,53,0.7844413,145.16797,,,,,,,,,,,,
2019,33,161,190.8396929,120.99219,0.77674913,307,,,,,,,,,,,,,,,,54,0.77674913,120.99219,,,,,,,,,,,,
2019,34,150,178.587785,100.16016,0.7692027,308,,,,,,,,,,,,,,,,55,0.7692027,100.16016,,,,,,,,,,,,
2019,35,192,182.6114495,,0.72684175,,,,,,,,,,,,,,,,,,,,,,,,,,,,,,,
2019,36,243,200.7280147,,,,,,,,,,,,,,,,,,,,,,,,,,,,,,,,,
2019,37,360,248.5096103,,,,,,,,,,,,,,,,,,,,,,,,,,,,,,,,,
2019,38,331,273.2567272,,,,,,,,,,,,,,,,,,,,,,,,,,,,,,,,,
2019,39,334,291.479709,,,,,,,,,,,,,,,,,,,,,,,,,,,,,,,,,
2019,40,1153,549.9357963,,,,,,,,,,,,,,,,,,,,,,,,,,,,,,,,,
2019,41,1153,730.8550574,,,,,,,,,,,,,,,,,,,,,,,,,,,,,,,,,
2019,42,1340,913.5985402,,,,,,,,,,,,,,,,,,,,,,,,,,,,,,,,,
2019,43,1658,1136.918978,,,,,,,,,,,,,,,,,,,,,,,,,,,,,,,,,
2019,44,1523,1252.743285,,,,,,,,,,,,,,,,,,,,,,,,,,,,,,,,,
2019,45,1579,1350.620299,,,,,,,,,,,,,,,,,,,,,,,,,,,,,,,,,
2019,46,1649,1440.13421,,,,,,,,,,,,,,,,,,,,,,,,,,,,,,,,,
2019,47,1784,1543.293947,,,,,,,,,,,,,,,,,,,,,,,,,,,,,,,,,
2019,48,1984,1675.505763,,,,,,,,,,,,,,,,,,,,,,,,,,,,,,,,,
2019,49,2279,1856.554034,,,,,,,,,,,,,,,,,,,,,,,,,,,,,,,,,
2019,50,2582,2074.187824,,,,,,,,,,,,,,,,,,,,,,,,,,,,,,,,,
2019,51,3135,2392.431477,,,,,,,,,,,,,,,,,,,,,,,,,,,,,,,,,
2019,52,4725,3092.202034,,,,,,,,,,,,,,,,,,,,,,,,,,,,,,,,,
2020,1,4364,3473.741424,,,,,,,,,,,,,,,,,,,,,,,,,,,,,,,,,
2020,2,3672,3533.218996,,,,,,,,,,,,,,,,,,,,,,,,,,,,,,,,,
2020,3,3804,3614.453298,,,,,,,,,,,,,,,,,,,,,,,,,,,,,,,,,
2020,4,4839,3981.817308,,,,,,,,,,,,,,,,,,,,,,,,,,,,,,,,,
2020,5,6344,4690.472116,,,,,,,,,,,,,,,,,,,,,,,,,,,,,,,,,
2020,6,6839,5335.030481,,,,,,,,,,,,,,,,,,,,,,,,,,,,,,,,,
2020,7,5913,5508.421337,,,,,,,,,,,,,,,,,,,,,,,,,,,,,,,,,
2020,8,5545,5519.394936,,,,,,,,,,,,,,,,,,,,,,,,,,,,,,,,,
2020,9,4897,5332.676455,,,,,,,,,,,,,,,,,,,,,,,,,,,,,,,,,
2020,10,4936,5213.673519,,,,,,,,,,,,,,,,,,,,,,,,,,,,,,,,,
2020,11,5288,5235.971463,,,,,,,,,,,,,,,,,,,,,,,,,,,,,,,,,
2020,12,4682,5069.780024,,,,,,,,,,,,,,,,,,,,,,,,,,,,,,,,,
2020,13,2623,4335.746017,,,,,,,,,,,,,,,,,,,,,,,,,,,,,,,,,
2020,14,1704,3546.222212,,,,,,,,,,,,,,,,,,,,,,,,,,,,,,,,,
2020,15,1286,2868.155548,,,,,,,,,,,,,,,,,,,,,,,,,,,,,,,,,
2020,16,1076,2330.508884,,,,,,,,,,,,,,,,,,,,,,,,,,,,,,,,,
2020,17,991,1928.656219,,,,,,,,,,,,,,,,,,,,,,,,,,,,,,,,,
2020,18,893,1617.959353,,,,,,,,,,,,,,,,,,,,,,,,,,,,,,,,,
2020,19,714,1346.771547,,,,,,,,,,,,,,,,,,,,,,,,,,,,,,,,,
2020,20,626,1130.540083,,,,,,,,,,,,,,,,,,,,,,,,,,,,,,,,,
2020,21,523,948.2780581,,,,,,,,,,,,,,,,,,,,,,,,,,,,,,,,,
2020,22,455,800.2946407,,,,,,,,,,,,,,,,,,,,,,,,,,,,,,,,,
2020,23,373,672.1062485,,,,,,,,,,,,,,,,,,,,,,,,,,,,,,,,,
2020,24,304,561.6743739,,,,,,,,,,,,,,,,,,,,,,,,,,,,,,,,,
2020,25,250,468.1720617,,,,,,,,,,,,,,,,,,,,,,,,,,,,,,,,,
2020,26,371,439.0204432,,,,,,,,,,,,,,,,,,,,,,,,,,,,,,,,,
2020,27,368,417.7143103,,,,,,,,,,,,,,,,,,,,,,,,,,,,,,,,,
2020,28,455,428.9000172,,,,,,,,,,,,,,,,,,,,,,,,,,,,,,,,,
2020,29,445,433.730012,,,,,,,,,,,,,,,,,,,,,,,,,,,,,,,,,
2020,30,485,449.1110084,,,,,,,,,,,,,,,,,,,,,,,,,,,,,,,,,
2020,31,561,482.6777059,,,,,,,,,,,,,,,,,,,,,,,,,,,,,,,,,
2020,32,606,519.6743941,,,,,,,,,,,,,,,,,,,,,,,,,,,,,,,,,
2020,33,462,502.3720759,,,,,,,,,,,,,,,,,,,,,,,,,,,,,,,,,
2020,34,567,521.7604531,,,,,,,,,,,,,,,,,,,,,,,,,,,,,,,,,
2020,35,500,515.2323172,,,,,,,,,,,,,,,,,,,,,,,,,,,,,,,,,
2020,36,429,489.362622,,,,,,,,,,,,,,,,,,,,,,,,,,,,,,,,,
2020,37,390,459.5538354,,,,,,,,,,,,,,,,,,,,,,,,,,,,,,,,,
2020,38,407,443.7876848,,,,,,,,,,,,,,,,,,,,,,,,,,,,,,,,,
2020,39,499,460.3513794,,,,,,,,,,,,,,,,,,,,,,,,,,,,,,,,,
2020,40,590,499.2459655,,,,,,,,,,,,,,,,,,,,,,,,,,,,,,,,,
2020,41,739,571.1721759,,,,,,,,,,,,,,,,,,,,,,,,,,,,,,,,,
2020,42,641,592.1205231,,,,,,,,,,,,,,,,,,,,,,,,,,,,,,,,,
2020,43,739,636.1843662,,,,,,,,,,,,,,,,,,,,,,,,,,,,,,,,,
2020,44,874,707.5290563,,,,,,,,,,,,,,,,,,,,,,,,,,,,,,,,,
2020,45,1138,836.6703394,,,,,,,,,,,,,,,,,,,,,,,,,,,,,,,,,
2020,46,1122,922.2692376,,,,,,,,,,,,,,,,,,,,,,,,,,,,,,,,,
2020,47,1003,946.4884663,,,,,,,,,,,,,,,,,,,,,,,,,,,,,,,,,
2020,48,772,894.1419264,,,,,,,,,,,,,,,,,,,,,,,,,,,,,,,,,
2020,49,689,832.5993485,,,,,,,,,,,,,,,,,,,,,,,,,,,,,,,,,
2020,50,663,781.7195439,,,,,,,,,,,,,,,,,,,,,,,,,,,,,,,,,
2020,51,577,720.3036808,,,,,,,,,,,,,,,,,,,,,,,,,,,,,,,,,
2020,52,470,645.2125765,,,,,,,,,,,,,,,,,,,,,,,,,,,,,,,,,
2020,53,533,611.5488036,,,,,,,,,,,,,,,,,,,,,,,,,,,,,,,,,
2021,1,543,590.9841625,,,,,,,,,,,,,,,,,,,,,,,,,,,,,,,,,
2021,2,501,563.9889138,,,,,,,,,,,,,,,,,,,,,,,,,,,,,,,,,
2021,3,457,531.8922396,,,,,,,,,,,,,,,,,,,,,,,,,,,,,,,,,
2021,4,420,498.3245677,,,,,,,,,,,,,,,,,,,,,,,,,,,,,,,,,
2021,5,425,476.3271974,,,,,,,,,,,,,,,,,,,,,,,,,,,,,,,,,
2021,6,309,426.1290382,,,,,,,,,,,,,,,,,,,,,,,,,,,,,,,,,
2021,7,276,381.0903267,,,,,,,,,,,,,,,,,,,,,,,,,,,,,,,,,
2021,8,325,364.2632287,,,,,,,,,,,,,,,,,,,,,,,,,,,,,,,,,
2021,9,293,342.8842601,,,,,,,,,,,,,,,,,,,,,,,,,,,,,,,,,
2021,10,310,333.0189821,,,,,,,,,,,,,,,,,,,,,,,,,,,,,,,,,
2021,11,321,329.4132874,,,,,,,,,,,,,,,,,,,,,,,,,,,,,,,,,
2021,12,411,353.8893012,,,,,,,,,,,,,,,,,,,,,,,,,,,,,,,,,
2021,13,409,370.4225108,,,,,,,,,,,,,,,,,,,,,,,,,,,,,,,,,
2021,14,571,430.5957576,,,,,,,,,,,,,,,,,,,,,,,,,,,,,,,,,
2021,15,502,452.0170303,,,,,,,,,,,,,,,,,,,,,,,,,,,,,,,,,
2021,16,557,483.5119212,,,,,,,,,,,,,,,,,,,,,,,,,,,,,,,,,
2021,17,549,503.1583449,,,,,,,,,,,,,,,,,,,,,,,,,,,,,,,,,
2021,18,485,497.7108414,,,,,,,,,,,,,,,,,,,,,,,,,,,,,,,,,
2021,19,557,515.497589,,,,,,,,,,,,,,,,,,,,,,,,,,,,,,,,,
2021,20,541,523.1483123,,,,,,,,,,,,,,,,,,,,,,,,,,,,,,,,,
2021,21,468,506.6038186,,,,,,,,,,,,,,,,,,,,,,,,,,,,,,,,,
2021,22,548,519.022673,,,,,,,,,,,,,,,,,,,,,,,,,,,,,,,,,
2021,23,561,531.6158711,,,,,,,,,,,,,,,,,,,,,,,,,,,,,,,,,
2021,24,523,529.0311098,,,,,,,,,,,,,,,,,,,,,,,,,,,,,,,,,
2021,25,564,539.5217768,,,,,,,,,,,,,,,,,,,,,,,,,,,,,,,,,
2021,26,557,544.7652438,,,,,,,,,,,,,,,,,,,,,,,,,,,,,,,,,
2021,27,604,562.5356707,,,,,,,,,,,,,,,,,,,,,,,,,,,,,,,,,
2021,28,670,594.7749695,,,,,,,,,,,,,,,,,,,,,,,,,,,,,,,,,
2021,29,716,631.1424786,,,,,,,,,,,,,,,,,,,,,,,,,,,,,,,,,
2021,30,805,683.299735,,,,,,,,,,,,,,,,,,,,,,,,,,,,,,,,,
2021,31,863,737.2098145,,,,,,,,,,,,,,,,,,,,,,,,,,,,,,,,,
2021,32,887,782.1468702,,,,,,,,,,,,,,,,,,,,,,,,,,,,,,,,,
2021,33,958,834.9028091,,,,,,,,,,,,,,,,,,,,,,,,,,,,,,,,,
2021,34,999,884.1319664,,,,,,,,,,,,,,,,,,,,,,,,,,,,,,,,,
2021,35,1066,938.6923765,,,,,,,,,,,,,,,,,,,,,,,,,,,,,,,,,
2021,36,1091,984.3846635,,,,,,,,,,,,,,,,,,,,,,,,,,,,,,,,,
2021,37,1053,1004.969264,,,,,,,,,,,,,,,,,,,,,,,,,,,,,,,,,
2021,38,936,984.2784851,,,,,,,,,,,,,,,,,,,,,,,,,,,,,,,,,
2021,39,937,970.0949396,,,,,,,,,,,,,,,,,,,,,,,,,,,,,,,,,
2021,40,813,922.9664577,,,,,,,,,,,,,,,,,,,,,,,,,,,,,,,,,
2021,41,797,885.1765204,,,,,,,,,,,,,,,,,,,,,,,,,,,,,,,,,
2021,42,843,872.5235643,,,,,,,,,,,,,,,,,,,,,,,,,,,,,,,,,
2021,43,840,862.766495,,,,,,,,,,,,,,,,,,,,,,,,,,,,,,,,,
2021,44,892,871.5365465,,,,,,,,,,,,,,,,,,,,,,,,,,,,,,,,,
2021,45,955,896.5755825,,,,,,,,,,,,,,,,,,,,,,,,,,,,,,,,,
2021,46,1094,955.8029078,,,,,,,,,,,,,,,,,,,,,,,,,,,,,,,,,
2021,47,1169,1019.762035,,,,,,,,,,,,,,,,,,,,,,,,,,,,,,,,,
2021,48,1487,1159.933425,,,,,,,,,,,,,,,,,,,,,,,,,,,,,,,,,
2021,49,1580,1285.953397,,,,,,,,,,,,,,,,,,,,,,,,,,,,,,,,,
2021,50,1728,1418.567378,,,,,,,,,,,,,,,,,,,,,,,,,,,,,,,,,
2021,51,2303,1683.897165,,,,,,,,,,,,,,,,,,,,,,,,,,,,,,,,,
2021,52,2929,2057.428015,,,,,,,,,,,,,,,,,,,,,,,,,,,,,,,,,
2022,1,2692,2247.799611,,,,,,,,,,,,,,,,,,,,,,,,,,,,,,,,,
2022,2,1772,2105.059727,,,,,,,,,,,,,,,,,,,,,,,,,,,,,,,,,
2022,3,1287,1859.641809,,,,,,,,,,,,,,,,,,,,,,,,,,,,,,,,,
2022,4,950,1586.749266,,,,,,,,,,,,,,,,,,,,,,,,,,,,,,,,,
2022,5,635,1301.224487,,,,,,,,,,,,,,,,,,,,,,,,,,,,,,,,,
2022,6,674,1113.057141,,,,,,,,,,,,,,,,,,,,,,,,,,,,,,,,,
2022,7,768,1009.539998,,,,,,,,,,,,,,,,,,,,,,,,,,,,,,,,,
2022,8,910,979.6779989,,,,,,,,,,,,,,,,,,,,,,,,,,,,,,,,,
2022,9,1033,995.6745992,,,,,,,,,,,,,,,,,,,,,,,,,,,,,,,,,
2022,10,1186,1052.772219,,,,,,,,,,,,,,,,,,,,,,,,,,,,,,,,,
2022,11,1405,1158.440554,,,,,,,,,,,,,,,,,,,,,,,,,,,,,,,,,
2022,12,1498,1260.308388,,,,,,,,,,,,,,,,,,,,,,,,,,,,,,,,,
2022,13,1580,1356.215871,,,,,,,,,,,,,,,,,,,,,,,,,,,,,,,,,
2022,14,1654,1445.55111,,,,,,,,,,,,,,,,,,,,,,,,,,,,,,,,,
2022,15,1799,1551.585777,,,,,,,,,,,,,,,,,,,,,,,,,,,,,,,,,
2022,16,1881,1650.410044,,,,,,,,,,,,,,,,,,,,,,,,,,,,,,,,,
2022,17,1908,1727.687031,,,,,,,,,,,,,,,,,,,,,,,,,,,,,,,,,
2022,18,1845,1762.880921,,,,,,,,,,,,,,,,,,,,,,,,,,,,,,,,,
2022,19,1983,1828.916645,,,,,,,,,,,,,,,,,,,,,,,,,,,,,,,,,
2022,20,1753,1806.141652,,,,,,,,,,,,,,,,,,,,,,,,,,,,,,,,,
2022,21,1580,1738.299156,,,,,,,,,,,,,,,,,,,,,,,,,,,,,,,,,
2022,22,1572,1688.409409,,,,,,,,,,,,,,,,,,,,,,,,,,,,,,,,,
2022,23,1316,1576.686586,,,,,,,,,,,,,,,,,,,,,,,,,,,,,,,,,
2022,24,1098,1433.080611,,,,,,,,,,,,,,,,,,,,,,,,,,,,,,,,,
2022,25,1009,1305.856427,,,,,,,,,,,,,,,,,,,,,,,,,,,,,,,,,
2022,26,991,1211.399499,,,,,,,,,,,,,,,,,,,,,,,,,,,,,,,,,
2022,27,1006,1149.779649,,,,,,,,,,,,,,,,,,,,,,,,,,,,,,,,,
2022,28,1034,1115.045755,,,,,,,,,,,,,,,,,,,,,,,,,,,,,,,,,
2022,29,1107,1112.632028,,,,,,,,,,,,,,,,,,,,,,,,,,,,,,,,,
2022,30,1058,1096.24242,,,,,,,,,,,,,,,,,,,,,,,,,,,,,,,,,
2022,31,1063,1086.269694,,,,,,,,,,,,,,,,,,,,,,,,,,,,,,,,,
2022,32,1066,1080.188786,,,,,,,,,,,,,,,,,,,,,,,,,,,,,,,,,
2022,33,974,1048.33215,,,,,,,,,,,,,,,,,,,,,,,,,,,,,,,,,
2022,34,1290,1120.832505,,,,,,,,,,,,,,,,,,,,,,,,,,,,,,,,,
2022,35,1502,1235.182753,,,,,,,,,,,,,,,,,,,,,,,,,,,,,,,,,
2022,36,1575,1337.127927,,,,,,,,,,,,,,,,,,,,,,,,,,,,,,,,,
2022,37,1385,1351.489549,,,,,,,,,,,,,,,,,,,,,,,,,,,,,,,,,
2022,38,1423,1372.942684,,,,,,,,,,,,,,,,,,,,,,,,,,,,,,,,,
2022,39,1560,1429.059879,,,,,,,,,,,,,,,,,,,,,,,,,,,,,,,,,
2022,40,1759,1528.041915,,,,,,,,,,,,,,,,,,,,,,,,,,,,,,,,,
2022,41,2090,1696.629341,,,,,,,,,,,,,,,,,,,,,,,,,,,,,,,,,
2022,42,2422,1914.240539,,,,,,,,,,,,,,,,,,,,,,,,,,,,,,,,,
2022,43,2846,2193.768377,,,,,,,,,,,,,,,,,,,,,,,,,,,,,,,,,
2022,44,3459,2573.337864,,,,,,,,,,,,,,,,,,,,,,,,,,,,,,,,,
2022,45,3770,2932.336505,,,,,,,,,,,,,,,,,,,,,,,,,,,,,,,,,
2022,46,3802,3193.235553,,,,,,,,,,,,,,,,,,,,,,,,,,,,,,,,,
2022,47,5021,3741.564887,,,,,,,,,,,,,,,,,,,,,,,,,,,,,,,,,
2022,48,5396,4237.895421,,,,,,,,,,,,,,,,,,,,,,,,,,,,,,,,,
2022,49,4861,4424.826795,,,,,,,,,,,,,,,,,,,,,,,,,,,,,,,,,
2022,50,4377,4410.478756,,,,,,,,,,,,,,,,,,,,,,,,,,,,,,,,,
2022,51,3126,4025.135129,,,,,,,,,,,,,,,,,,,,,,,,,,,,,,,,,
2022,52,2520,3573.594591,,,,,,,,,,,,,,,,,,,,,,,,,,,,,,,,,
2023,1,1830,3050.516213,,,,,,,,,,,,,,,,,,,,,,,,,,,,,,,,,
2023,2,1440,2567.361349,,,,,,,,,,,,,,,,,,,,,,,,,,,,,,,,,
2023,3,1307,2189.252945,,,,,,,,,,,,,,,,,,,,,,,,,,,,,,,,,
2023,4,1363,1941.377061,,,,,,,,,,,,,,,,,,,,,,,,,,,,,,,,,
2023,5,1388,1775.363943,,,,,,,,,,,,,,,,,,,,,,,,,,,,,,,,,
2023,6,1551,1708.05476,,,,,,,,,,,,,,,,,,,,,,,,,,,,,,,,,
2023,7,1632,1685.238332,,,,,,,,,,,,,,,,,,,,,,,,,,,,,,,,,
2023,8,1735,1700.166832,,,,,,,,,,,,,,,,,,,,,,,,,,,,,,,,,
2023,9,1731,1709.416783,,,,,,,,,,,,,,,,,,,,,,,,,,,,,,,,,
2023,10,1695,1705.091748,,,,,,,,,,,,,,,,,,,,,,,,,,,,,,,,,
2023,11,1714,1707.764224,,,,,,,,,,,,,,,,,,,,,,,,,,,,,,,,,
2023,12,1689,1702.134956,,,,,,,,,,,,,,,,,,,,,,,,,,,,,,,,,
2023,13,1425,1618.99447,,,,,,,,,,,,,,,,,,,,,,,,,,,,,,,,,
2023,14,1252,1508.896129,,,,,,,,,,,,,,,,,,,,,,,,,,,,,,,,,
2023,15,1112,1389.82729,,,,,,,,,,,,,,,,,,,,,,,,,,,,,,,,,
2023,16,1047,1286.979103,,,,,,,,,,,,,,,,,,,,,,,,,,,,,,,,,
2023,17,937,1181.985372,,,,,,,,,,,,,,,,,,,,,,,,,,,,,,,,,
2023,18,944,1110.58976,,,,,,,,,,,,,,,,,,,,,,,,,,,,,,,,,
2023,19,827,1025.512832,,,,,,,,,,,,,,,,,,,,,,,,,,,,,,,,,
2023,20,174,770.0589826,,,,,,,,,,,,,,,,,,,,,,,,,,,,,,,,,
2023,21,829,787.7412878,,,,,,,,,,,,,,,,,,,,,,,,,,,,,,,,,
2023,22,769,782.1189015,,,,,,,,,,,,,,,,,,,,,,,,,,,,,,,,,
2023,23,613,731.383231,,,,,,,,,,,,,,,,,,,,,,,,,,,,,,,,,
2023,24,530,670.9682617,,,,,,,,,,,,,,,,,,,,,,,,,,,,,,,,,
2023,25,468,610.0777832,,,,,,,,,,,,,,,,,,,,,,,,,,,,,,,,,
2023,26,418,552.4544482,,,,,,,,,,,,,,,,,,,,,,,,,,,,,,,,,
2023,27,425,514.2181138,,,,,,,,,,,,,,,,,,,,,,,,,,,,,,,,,
2023,28,383,474.8526796,,,,,,,,,,,,,,,,,,,,,,,,,,,,,,,,,
2023,29,408,454.7968757,,,,,,,,,,,,,,,,,,,,,,,,,,,,,,,,,
2023,30,440,450.357813,,,,,,,,,,,,,,,,,,,,,,,,,,,,,,,,,
2023,31,566,485.0504691,,,,,,,,,,,,,,,,,,,,,,,,,,,,,,,,,
2023,32,533,499.4353284,,,,,,,,,,,,,,,,,,,,,,,,,,,,,,,,,
2023,33,601,529.9047299,,,,,,,,,,,,,,,,,,,,,,,,,,,,,,,,,
2023,34,816,615.7333109,,,,,,,,,,,,,,,,,,,,,,,,,,,,,,,,,
2023,35,986,726.8133176,,,,,,,,,,,,,,,,,,,,,,,,,,,,,,,,,
2023,36,956,795.5693223,,,,,,,,,,,,,,,,,,,,,,,,,,,,,,,,,
2023,37,1049,871.5985256,,,,,,,,,,,,,,,,,,,,,,,,,,,,,,,,,
2023,38,1102,940.7189679,,,,,,,,,,,,,,,,,,,,,,,,,,,,,,,,,
2023,39,1078,981.9032776,,,,,,,,,,,,,,,,,,,,,,,,,,,,,,,,,
2023,40,1104,1018.532294,,,,,,,,,,,,,,,,,,,,,,,,,,,,,,,,,
2023,41,1093,1040.872606,,,,,,,,,,,,,,,,,,,,,,,,,,,,,,,,,
2023,42,1084,1053.810824,,,,,,,,,,,,,,,,,,,,,,,,,,,,,,,,,
2023,43,1402,1158.267577,,,,,,,,,,,,,,,,,,,,,,,,,,,,,,,,,
2023,44,1466,1250.587304,,,,,,,,,,,,,,,,,,,,,,,,,,,,,,,,,
2023,45,1744,1398.611113,,,,,,,,,,,,,,,,,,,,,,,,,,,,,,,,,
2023,46,2137,1620.127779,,,,,,,,,,,,,,,,,,,,,,,,,,,,,,,,,
2023,47,1977,1727.189445,,,,,,,,,,,,,,,,,,,,,,,,,,,,,,,,,
2023,48,2337,1910.132612,,,,,,,,,,,,,,,,,,,,,,,,,,,,,,,,,
2023,49,2391,2054.392828,,,,,,,,,,,,,,,,,,,,,,,,,,,,,,,,,
2023,50,2475,2180.57498,,,,,,,,,,,,,,,,,,,,,,,,,,,,,,,,,
2023,51,2595,2304.902486,,,,,,,,,,,,,,,,,,,,,,,,,,,,,,,,,
2023,52,3085,2538.93174,,,,,,,,,,,,,,,,,,,,,,,,,,,,,,,,,
2024,1,2486,2523.052218,,,,,,,,,,,,,,,,,,,,,,,,,,,,,,,,,
2024,2,1778,2299.536553,,,,,,,,,,,,,,,,,,,,,,,,,,,,,,,,,
2024,3,1347,2013.775587,,,,,,,,,,,,,,,,,,,,,,,,,,,,,,,,,
2024,4,1384,1824.842911,,,,,,,,,,,,,,,,,,,,,,,,,,,,,,,,,
2024,5,1665,1776.890038,,,,,,,,,,,,,,,,,,,,,,,,,,,,,,,,,
2024,6,1959,1831.523026,,,,,,,,,,,,,,,,,,,,,,,,,,,,,,,,,
2024,7,1878,1845.466118,,,,,,,,,,,,,,,,,,,,,,,,,,,,,,,,,
2024,8,2259,1969.526283,,,,,,,,,,,,,,,,,,,,,,,,,,,,,,,,,
2024,9,2155,2025.168398,,,,,,,,,,,,,,,,,,,,,,,,,,,,,,,,,
2024,10,2009,2020.317879,,,,,,,,,,,,,,,,,,,,,,,,,,,,,,,,,
2024,11,1690,1921.222515,,,,,,,,,,,,,,,,,,,,,,,,,,,,,,,,,
2024,12,1645,1838.355761,,,,,,,,,,,,,,,,,,,,,,,,,,,,,,,,,
2024,13,1557,1753.949032,,,,,,,,,,,,,,,,,,,,,,,,,,,,,,,,,
2024,14,1391,1645.064323,,,,,,,,,,,,,,,,,,,,,,,,,,,,,,,,,
2024,15,1235,1522.045026,,,,,,,,,,,,,,,,,,,,,,,,,,,,,,,,,
2024,16,1056,1382.231518,,,,,,,,,,,,,,,,,,,,,,,,,,,,,,,,,
2024,17,994,1265.762063,,,,,,,,,,,,,,,,,,,,,,,,,,,,,,,,,
2024,18,960,1174.033444,,,,,,,,,,,,,,,,,,,,,,,,,,,,,,,,,
2024,19,862,1080.423411,,,,,,,,,,,,,,,,,,,,,,,,,,,,,,,,,
2024,20,859,1013.996387,,,,,,,,,,,,,,,,,,,,,,,,,,,,,,,,,
2024,21,789,946.4974712,,,,,,,,,,,,,,,,,,,,,,,,,,,,,,,,,
2024,22,706,874.3482299,,,,,,,,,,,,,,,,,,,,,,,,,,,,,,,,,
2024,23,574,784.2437609,,,,,,,,,,,,,,,,,,,,,,,,,,,,,,,,,
2024,24,552,714.5706326,,,,,,,,,,,,,,,,,,,,,,,,,,,,,,,,,
2024,25,481,644.4994428,,,,,,,,,,,,,,,,,,,,,,,,,,,,,,,,,
2024,26,502,601.74961,,,,,,,,,,,,,,,,,,,,,,,,,,,,,,,,,
2024,27,462,559.824727,,,,,,,,,,,,,,,,,,,,,,,,,,,,,,,,,
2024,28,462,530.4773089,,,,,,,,,,,,,,,,,,,,,,,,,,,,,,,,,
2024,29,500,521.3341162,,,,,,,,,,,,,,,,,,,,,,,,,,,,,,,,,
2024,30,556,531.7338814,,,,,,,,,,,,,,,,,,,,,,,,,,,,,,,,,
2024,31,583,547.113717,,,,,,,,,,,,,,,,,,,,,,,,,,,,,,,,,
2024,32,545,546.4796019,,,,,,,,,,,,,,,,,,,,,,,,,,,,,,,,,
2024,33,668,582.9357213,,,,,,,,,,,,,,,,,,,,,,,,,,,,,,,,,
2024,34,735,628.5550049,,,,,,,,,,,,,,,,,,,,,,,,,,,,,,,,,
2024,35,921,716.2885034,,,,,,,,,,,,,,,,,,,,,,,,,,,,,,,,,
2024,36,822,748.0019524,,,,,,,,,,,,,,,,,,,,,,,,,,,,,,,,,
2024,37,928,802.0013667,,,,,,,,,,,,,,,,,,,,,,,,,,,,,,,,,
2024,38,805,802.9009567,,,,,,,,,,,,,,,,,,,,,,,,,,,,,,,,,
2024,39,712,775.6306697,,,,,,,,,,,,,,,,,,,,,,,,,,,,,,,,,
