YEAR,WEEK,ILITOTAL,EMA,,,,,,,,,,,,,,,,,,,,,PRED,BETA,,,,,,,,,,,,,,,,,,,,,,,,,,
2013,26,0,0,,,,,,,,,,,,,,,,,,,,,,,,,,,,,,,,,,,,,,,,,,,,,,,,
2013,27,0,0,,,,,,,,,,,,,,,,,,,,,,,,,,,,,,,,,,,,,,,,,,,,,,,,
2013,28,1,0.3,,,,,,,,,,,,,,,,,,,,,,,,,,,,,,,,,,,,,,,,,,,,,,,,
2013,29,0,0.21,,,,,,,,,,,,,,,,,,,,,,,,,,,,,,,,,,,,,,,,,,,,,,,,
2013,30,0,0.147,,,,,,,,,,,,,,,,,,,,,,,,,,,,,,,,,,,,,,,,,,,,,,,,
2013,31,0,0.1029,,,,,,,,,,,,,,,,,,,,,,,,,,,,,,,,,,,,,,,,,,,,,,,,
2013,32,0,0.07203,,,,,,,,,,,,,,,,,,,,,,,,,,,,,,,,,,,,,,,,,,,,,,,,
2013,33,0,0.050421,,,,,,,,,,,,,,,,,,,,,,,,,,,,,,,,,,,,,,,,,,,,,,,,
2013,34,0,0.0352947,,,,,,,,,,,,,,,,,,,,,,,,,,,,,,,,,,,,,,,,,,,,,,,,
2013,35,0,0.02470629,,,,,,,,,,,,,,,,,,,,,,,,,,,,,,,,,,,,,,,,,,,,,,,,
2013,36,2,0.617294403,,,,,,,,,,,,,,,,,,,,,,,,,,,,,,,,,,,,,,,,,,,,,,,,
2013,37,1,0.732106082,,,,,,,,,,,,,,,,,,,,,,,,,,,,,,,,,,,,,,,,,,,,,,,,
2013,38,0,0.512474257,,,,,,,,,,,,,,,,,,,,,,,,,,,,,,,,,,,,,,,,,,,,,,,,
2013,39,52,15.95873198,,,,,,,,,,,,,,,,,,,,,,,,,,,,,,,,,,,,,,,,,,,,,,,,
2013,40,62,29.77111239,,1,,,,,,1.5159847,,,,,,30,,,,,,,30,1.5159847,1,,,,,,,,,,,,,,,,,,,,,,,,,
2013,41,71,42.13977867,,2,,,,,,1.4927813,,,,,,39.158234,,,,,,,39.158234,1.4927813,2,,,,,,,,,,,,,,,,,,,,,,,,,
2013,42,77,52.59784507,,3,,,,,,1.3021876,,,,,,58.032433,,,,,,,58.032433,1.3021876,3,,,,,,,,,,,,,,,,,,,,,,,,,
2013,43,83,61.71849155,,4,,,,,,1.1319735,,,,,,67.04948,,,,,,,67.04948,1.1319735,4,,,,,,,,,,,,,,,,,,,,,,,,,
2013,44,106,75.00294408,,5,,,,,,1.046771,,,,,,69.399536,,,,,,,69.399536,1.046771,5,,,,,,,,,,,,,,,,,,,,,,,,,
2013,45,97,81.60206086,,6,,,,,,1.0267361,,,,,,69.77777,,,,,,,69.77777,1.0267361,6,,,,,,,,,,,,,,,,,,,,,,,,,
2013,46,69,77.8214426,,7,,,,,,1.0389261,,,,,,70.93649,,,,,,,70.93649,1.0389261,7,,,,,,,,,,,,,,,,,,,,,,,,,
2013,47,72,76.07500982,,8,,,,,,1.0610628,,,,,,73.787506,,,,,,,73.787506,1.0610628,8,,,,,,,,,,,,,,,,,,,,,,,,,
2013,48,50,68.25250687,,9,,,,,,1.0818377,,,,,,78.29837,,,,,,,78.29837,1.0818377,9,,,,,,,,,,,,,,,,,,,,,,,,,
2013,49,82,72.37675481,,10,,,,,,1.0966928,,,,,,84.214966,,,,,,,84.214966,1.0966928,10,,,,,,,,,,,,,,,,,,,,,,,,,
2013,50,88,77.06372837,,11,,,,,,1.1045148,,,,,,91.23511,,,,,,,91.23511,1.1045148,11,,,,,,,,,,,,,,,,,,,,,,,,,
2013,51,131,93.24460986,,12,,,,,,1.105736,,,,,,99.06183,,,,,,,99.06183,1.105736,12,,,,,,,,,,,,,,,,,,,,,,,,,
2013,52,104,96.4712269,,13,,,,,,1.1013678,,,,,,107.37305,,,,,,,107.37305,1.1013678,13,,,,,,,,,,,,,,,,,,,,,,,,,
2014,1,139,109.2298588,,14,,,,,,1.0925493,,,,,,115.64093,,,,,,,115.64093,1.0925493,14,,,,,,,,,,,,,,,,,,,,,,,,,
2014,2,174,128.6609012,,15,,,,,,1.0803506,,,,,,123.2959,,,,,,,123.2959,1.0803506,15,,,,,,,,,,,,,,,,,,,,,,,,,
2014,3,214,154.2626308,,16,,,,,,1.0657005,,,,,,130.1997,,,,,,,130.1997,1.0657005,16,,,,,,,,,,,,,,,,,,,,,,,,,
2014,4,186,163.7838416,,17,,,,,,1.0493729,,,,,,135.71558,,,,,,,135.71558,1.0493729,17,,,,,,,,,,,,,,,,,,,,,,,,,
2014,5,161,162.9486891,,18,,,,,,1.0319927,,,,,,139.56421,,,,,,,139.56421,1.0319927,18,,,,,,,,,,,,,,,,,,,,,,,,,
2014,6,141,156.3640824,,19,,,,,,1.014057,,,,,,141.58276,,,,,,,141.58276,1.014057,19,,,,,,,,,,,,,,,,,,,,,,,,,
2014,7,133,149.3548577,,20,,,,,,0.99595124,,,,,,141.56335,,,,,,,141.56335,0.99595124,20,,,,,,,,,,,,,,,,,,,,,,,,,
2014,8,114,138.7484004,,21,,,,,,0.9779718,,,,,,139.47766,,,,,,,139.47766,0.9779718,21,,,,,,,,,,,,,,,,,,,,,,,,,
2014,9,102,127.7238803,,22,,,,,,0.9603397,,,,,,135.54773,,,,,,,135.54773,0.9603397,22,,,,,,,,,,,,,,,,,,,,,,,,,
2014,10,80,113.4067162,,23,,,,,,0.9432164,,,,,,129.92505,,,,,,,129.92505,0.9432164,23,,,,,,,,,,,,,,,,,,,,,,,,,
2014,11,80,103.3847013,,24,,,,,,0.9267151,,,,,,122.83179,,,,,,,122.83179,0.9267151,24,,,,,,,,,,,,,,,,,,,,,,,,,
2014,12,76,95.16929093,,25,,,,,,0.9109115,,,,,,114.62207,,,,,,,114.62207,0.9109115,25,,,,,,,,,,,,,,,,,,,,,,,,,
2014,13,57,83.71850365,,26,,,,,,0.89585143,,,,,,105.67944,,,,,,,105.67944,0.89585143,26,,,,,,,,,,,,,,,,,,,,,,,,,
2014,14,54,74.80295255,,27,,,,,,0.88155675,,,,,,96.29126,,,,,,,96.29126,0.88155675,27,,,,,,,,,,,,,,,,,,,,,,,,,
2014,15,70,73.36206679,,28,,,,,,0.868032,,,,,,86.73291,,,,,,,86.73291,0.868032,28,,,,,,,,,,,,,,,,,,,,,,,,,
2014,16,62,69.95344675,,29,,,,,,0.85526896,,,,,,77.28369,,,,,,,77.28369,0.85526896,29,,,,,,,,,,,,,,,,,,,,,,,,,
2014,17,66,68.76741273,,30,,,,,,0.84324783,,,,,,68.19629,,,,,,,68.19629,0.84324783,30,,,,,,,,,,,,,,,,,,,,,,,,,
2014,18,55,64.63718891,,31,,,,,,0.83194274,,,,,,59.61499,,,,,,,59.61499,0.83194274,31,,,,,,,,,,,,,,,,,,,,,,,,,
2014,19,41,57.54603224,,32,,,,,,0.821323,,,,,,51.641357,,,,,,,51.641357,0.821323,32,,,,,,,,,,,,,,,,,,,,,,,,,
2014,20,39,51.98222257,,33,,,,,,0.8113535,,,,,,44.345215,,,,,,,44.345215,0.8113535,33,,,,,,,,,,,,,,,,,,,,,,,,,
2014,21,40,48.3875558,,34,,,,,,0.8019989,,,,,,37.787598,,,,,,,37.787598,0.8019989,34,,,,,,,,,,,,,,,,,,,,,,,,,
2014,22,48,48.27128906,,35,1,,,,,0.79322165,0.9470833,,,,,31.967773,48,,,,,,48,0.9470833,35,,,,,,,,,,,,,,,,,,,,,,,,,
2014,23,42,46.38990234,,36,2,,,,,0.78498495,1.0639036,,,,,26.854736,44.500572,,,,,,44.500572,1.0639036,36,,,,,,,,,,,,,,,,,,,,,,,,,
2014,24,41,44.77293164,,37,3,,,,,0.77725244,1.0294038,,,,,22.405273,49.32209,,,,,,49.32209,1.0294038,37,,,,,,,,,,,,,,,,,,,,,,,,,
2014,25,50,46.34105215,,38,4,,,,,0.7699892,0.9419015,,,,,18.574951,48.757004,,,,,,48.757004,0.9419015,38,,,,,,,,,,,,,,,,,,,,,,,,,
2014,26,31,41.7387365,,39,5,,,,,0.7631604,0.88007444,,,,,15.315186,44.359695,,,,,,44.359695,0.88007444,39,,,,,,,,,,,,,,,,,,,,,,,,,
2014,27,34,39.41711555,,40,6,,,,,0.7567345,0.8621941,,,,,12.560059,39.09961,,,,,,39.09961,0.8621941,40,,,,,,,,,,,,,,,,,,,,,,,,,
2014,28,41,39.89198089,,,7,,,,,,0.87742954,,,,,,34.89087,,,,,,34.89087,0.87742954,41,,,,,,,,,,,,,,,,,,,,,,,,,
2014,29,36,38.72438662,,,8,,,,,,0.9107119,,,,,,32.145752,,,,,,32.145752,0.9107119,42,,,,,,,,,,,,,,,,,,,,,,,,,
2014,30,37,38.20707063,,,9,,,,,,0.9509022,,,,,,30.697052,,,,,,30.697052,0.9509022,43,,,,,,,,,,,,,,,,,,,,,,,,,
2014,31,34,36.94494944,,,10,,,,,,0.99133795,,,,,,30.322632,,,,,,30.322632,0.99133795,44,,,,,,,,,,,,,,,,,,,,,,,,,
2014,32,34,36.06146461,,,11,,,,,,1.0285158,,,,,,30.864075,,,,,,30.864075,1.0285158,45,,,,,,,,,,,,,,,,,,,,,,,,,
2014,33,0,25.24302523,,,12,,,,,,1.0608327,,,,,,32.224915,,,,,,32.224915,1.0608327,46,,,,,,,,,,,,,,,,,,,,,,,,,
2014,34,40,29.67011766,,,13,,,,,,1.0877419,,,,,,34.32669,,,,,,34.32669,1.0877419,47,,,,,,,,,,,,,,,,,,,,,,,,,
2014,35,57,37.86908236,,,14,,,,,,1.1092501,,,,,,37.230804,,,,,,37.230804,1.1092501,48,,,,,,,,,,,,,,,,,,,,,,,,,
2014,36,0,26.50835765,,,15,,,,,,1.1256406,,,,,,40.897278,,,,,,40.897278,1.1256406,49,,,,,,,,,,,,,,,,,,,,,,,,,
2014,37,68,38.95585036,,,16,,,,,,1.1373186,,,,,,45.329346,,,,,,45.329346,1.1373186,50,,,,,,,,,,,,,,,,,,,,,,,,,
2014,38,87,53.36909525,,,17,,,,,,1.144732,,,,,,50.57959,,,,,,50.57959,1.144732,51,,,,,,,,,,,,,,,,,,,,,,,,,
2014,39,60,55.35836667,,,18,,,,,,1.1483297,,,,,,56.62372,,,,,,56.62372,1.1483297,52,,,,,,,,,,,,,,,,,,,,,,,,,
2014,40,82,63.35085667,,,19,,,,,,1.14854,,,,,,63.403442,,,,,,63.403442,1.14854,53,,,,,,,,,,,,,,,,,,,,,,,,,
2014,41,102,74.94559967,,,20,,,,,,1.1457622,,,,,,70.92255,,,,,,70.92255,1.1457622,54,,,,,,,,,,,,,,,,,,,,,,,,,
2014,42,95,80.96191977,,,21,,,,,,1.1403615,,,,,,79.06354,,,,,,79.06354,1.1403615,55,,,,,,,,,,,,,,,,,,,,,,,,,
2014,43,96,85.47334384,,,22,,,,,,1.1326697,,,,,,87.61627,,,,,,87.61627,1.1326697,56,,,,,,,,,,,,,,,,,,,,,,,,,
2014,44,117,94.93134069,,,23,,,,,,1.1229863,,,,,,96.46704,,,,,,96.46704,1.1229863,57,,,,,,,,,,,,,,,,,,,,,,,,,
2014,45,98,95.85193848,,,24,,,,,,1.1115799,,,,,,105.36084,,,,,,105.36084,1.1115799,58,,,,,,,,,,,,,,,,,,,,,,,,,
2014,46,79,90.79635694,,,25,,,,,,1.0986903,,,,,,113.92139,,,,,,113.92139,1.0986903,59,,,,,,,,,,,,,,,,,,,,,,,,,
2014,47,120,99.55744986,,,26,,,,,,1.0845323,,,,,,121.92078,,,,,,121.92078,1.0845323,60,,,,,,,,,,,,,,,,,,,,,,,,,
2014,48,96,98.4902149,,,27,,,,,,1.0692959,,,,,,129.03516,,,,,,129.03516,1.0692959,61,,,,,,,,,,,,,,,,,,,,,,,,,
2014,49,135,109.4431504,,,28,,,,,,1.0531521,,,,,,134.83032,,,,,,134.83032,1.0531521,62,,,,,,,,,,,,,,,,,,,,,,,,,
2014,50,280,160.6102053,,,29,,,,,,1.0362511,,,,,,139.08667,,,,,,139.08667,1.0362511,63,,,,,,,,,,,,,,,,,,,,,,,,,
2014,51,302,203.0271437,,,30,,,,,,1.0187263,,,,,,141.60266,,,,,,141.60266,1.0187263,64,,,,,,,,,,,,,,,,,,,,,,,,,
2014,52,224,209.3190006,,,31,,,,,,1.0006971,,,,,,142.10303,,,,,,142.10303,1.0006971,65,,,,,,,,,,,,,,,,,,,,,,,,,
2014,53,211,209.8233004,,,32,,,,,,0.9822685,,,,,,140.5249,,,,,,140.5249,0.9822685,66,,,,,,,,,,,,,,,,,,,,,,,,,
2015,1,104,178.0763103,,,33,,,,,,0.963533,,,,,,136.97803,,,,,,136.97803,0.963533,67,,,,,,,,,,,,,,,,,,,,,,,,,
2015,2,60,142.6534172,,,34,,,,,,0.9445737,,,,,,131.50586,,,,,,131.50586,0.9445737,68,,,,,,,,,,,,,,,,,,,,,,,,,
2015,3,61,118.157392,,,35,,,,,,0.92546254,,,,,,124.27002,,,,,,124.27002,0.92546254,69,,,,,,,,,,,,,,,,,,,,,,,,,
2015,4,60,100.7101744,,,36,,,,,,0.90626436,,,,,,115.63989,,,,,,115.63989,0.90626436,70,,,,,,,,,,,,,,,,,,,,,,,,,
2015,5,39,82.1971221,,,37,,,,,,0.8870354,,,,,,105.95361,,,,,,105.95361,0.8870354,71,,,,,,,,,,,,,,,,,,,,,,,,,
2015,6,34,67.73798547,,,38,,,,,,0.86782557,,,,,,95.53931,,,,,,95.53931,0.86782557,72,,,,,,,,,,,,,,,,,,,,,,,,,
2015,7,31,56.71658983,,,39,,,,,,0.84867877,,,,,,84.7605,,,,,,84.7605,0.84867877,73,,,,,,,,,,,,,,,,,,,,,,,,,
2015,8,35,50.20161288,,,40,,,,,,0.82963365,,,,,,74.01514,,,,,,74.01514,0.82963365,74,,,,,,,,,,,,,,,,,,,,,,,,,
2015,9,21,41.44112902,,,41,,,,,,0.81072336,,,,,,63.618652,,,,,,63.618652,0.81072336,75,,,,,,,,,,,,,,,,,,,,,,,,,
2015,10,23,35.90879031,,,42,,,,,,0.79197776,,,,,,53.814697,,,,,,53.814697,0.79197776,76,,,,,,,,,,,,,,,,,,,,,,,,,
2015,11,20,31.13615322,,,43,,,,,,0.77342206,,,,,,44.795654,,,,,,44.795654,0.77342206,77,,,,,,,,,,,,,,,,,,,,,,,,,
2015,12,17,26.89530725,,,44,,,,,,0.7550784,,,,,,36.69507,,,,,,36.69507,0.7550784,78,,,,,,,,,,,,,,,,,,,,,,,,,
2015,13,16,23.62671508,,,45,,,,,,0.7369661,,,,,,29.58789,,,,,,29.58789,0.7369661,79,,,,,,,,,,,,,,,,,,,,,,,,,
2015,14,10,19.53870055,,,46,,,,,,0.7191015,,,,,,23.487305,,,,,,23.487305,0.7191015,80,,,,,,,,,,,,,,,,,,,,,,,,,
2015,15,7,15.77709039,,,47,,,,,,0.7014982,,,,,,18.355957,,,,,,18.355957,0.7014982,81,,,,,,,,,,,,,,,,,,,,,,,,,
2015,16,9,13.74396327,,,48,,,,,,0.6841684,,,,,,14.128662,,,,,,14.128662,0.6841684,82,,,,,,,,,,,,,,,,,,,,,,,,,
2015,17,2,10.22077429,,,49,1,,,,,0.6671214,1.1104627,,,,,10.692871,10,,,,,10.692871,0.6671214,83,,,,,,,,,,,,,,,,,,,,,,,,,
2015,18,5,8.654542003,,,50,2,,,,,0.65036565,0.8497473,,,,,7.9855957,10.372097,,,,,7.9855957,0.65036565,84,,,,,,,,,,,,,,,,,,,,,,,,,
2015,19,3,6.958179402,,,51,3,,,,,0.63390714,0.58646435,,,,,5.869385,7.7730064,,,,,7.7730064,0.58646435,85,,,,,,,,,,,,,,,,,,,,,,,,,
2015,20,1,5.170725581,,,52,4,,,,,0.6177512,0.4477248,,,,,4.2492676,4.437351,,,,,4.437351,0.4477248,86,,,,,,,,,,,,,,,,,,,,,,,,,
2015,21,1,3.919507907,,,53,5,,,,,0.6019018,0.43391043,,,,,3.0310059,2.3811035,,,,,2.3811035,0.43391043,87,,,,,,,,,,,,,,,,,,,,,,,,,
2015,22,0,2.743655535,,,54,6,,,,,0.58636105,0.49636924,,,,,2.131836,1.4592323,,,,,1.4592323,0.49636924,88,,,,,,,,,,,,,,,,,,,,,,,,,
2015,23,0,1.920558874,,,,7,,,,,,0.59260017,,,,,,1.0478516,,,,,1.0478516,0.59260017,89,,,,,,,,,,,,,,,,,,,,,,,,,
2015,24,0,1.344391212,,,,8,,,,,,0.6969759,,,,,,0.83825684,,,,,0.83825684,0.6969759,90,,,,,,,,,,,,,,,,,,,,,,,,,
2015,25,0,0.941073848,,,,9,,,,,,0.79648185,,,,,,0.724144,,,,,0.724144,0.79648185,91,,,,,,,,,,,,,,,,,,,,,,,,,
2015,26,0,0.658751694,,,,10,,,,,,0.8854214,,,,,,0.66615295,,,,,0.66615295,0.8854214,92,,,,,,,,,,,,,,,,,,,,,,,,,
2015,27,0,0.461126186,,,,11,,,,,,0.9619247,,,,,,0.646965,,,,,0.646965,0.9619247,93,,,,,,,,,,,,,,,,,,,,,,,,,
2015,28,1,0.62278833,,,,12,,,,,,1.0259993,,,,,,0.65846634,,,,,0.65846634,1.0259993,94,,,,,,,,,,,,,,,,,,,,,,,,,
2015,29,0,0.435951831,,,,13,,,,,,1.07851,,,,,,0.69626236,,,,,0.69626236,1.07851,95,,,,,,,,,,,,,,,,,,,,,,,,,
2015,30,0,0.305166282,,,,14,,,,,,1.1206582,,,,,,0.76017,,,,,0.76017,1.1206582,96,,,,,,,,,,,,,,,,,,,,,,,,,
2015,31,0,0.213616397,,,,15,,,,,,1.1537255,,,,,,0.85074997,,,,,0.85074997,1.1537255,97,,,,,,,,,,,,,,,,,,,,,,,,,
2015,32,0,0.149531478,,,,16,,,,,,1.1789477,,,,,,0.9705925,,,,,0.9705925,1.1789477,98,,,,,,,,,,,,,,,,,,,,,,,,,
2015,33,0,0.104672035,,,,17,,,,,,1.1974612,,,,,,1.1238403,,,,,1.1238403,1.1974612,99,,,,,,,,,,,,,,,,,,,,,,,,,
2015,34,0,0.073270424,,,,18,,,,,,1.2102839,,,,,,1.3145485,,,,,1.3145485,1.2102839,100,,,,,,,,,,,,,,,,,,,,,,,,,
2015,35,2,0.651289297,,,,19,,,,,,1.2183094,,,,,,1.5470123,,,,,1.5470123,1.2183094,101,,,,,,,,,,,,,,,,,,,,,,,,,
2015,36,1,0.755902508,,,,20,,,,,,1.2223171,,,,,,1.828186,,,,,1.828186,1.2223171,102,,,,,,,,,,,,,,,,,,,,,,,,,
2015,37,0,0.529131756,,,,21,,,,,,1.222979,,,,,,2.1630554,,,,,2.1630554,1.222979,103,,,,,,,,,,,,,,,,,,,,,,,,,
2015,38,1,0.670392229,,,,22,,,,,,1.2208724,,,,,,2.5550652,,,,,2.5550652,1.2208724,104,,,,,,,,,,,,,,,,,,,,,,,,,
2015,39,6,2.26927456,,,,23,,,,,,1.2164901,,,,,,3.011177,,,,,3.011177,1.2164901,105,,,,,,,,,,,,,,,,,,,,,,,,,
2015,40,9,4.288492192,,,,24,,,,,,1.2102515,,,,,,3.534607,,,,,3.534607,1.2102515,106,,,,,,,,,,,,,,,,,,,,,,,,,
2015,41,8,5.401944534,,,,25,,,,,,1.2025115,,,,,,4.1241913,,,,,4.1241913,1.2025115,107,,,,,,,,,,,,,,,,,,,,,,,,,
2015,42,18,9.181361174,,,,26,,,,,,1.1935698,,,,,,4.783615,,,,,4.783615,1.1935698,108,,,,,,,,,,,,,,,,,,,,,,,,,
2015,43,8,8.826952822,,,,27,,,,,,1.1836785,,,,,,5.5107193,,,,,5.5107193,1.1836785,109,,,,,,,,,,,,,,,,,,,,,,,,,
2015,44,17,11.27886698,,,,28,,,,,,1.1730485,,,,,,6.2957916,,,,,6.2957916,1.1730485,110,,,,,,,,,,,,,,,,,,,,,,,,,
2015,45,14,12.09520688,,,,29,,,,,,1.1618559,,,,,,7.1362,,,,,7.1362,1.1618559,111,,,,,,,,,,,,,,,,,,,,,,,,,
2015,46,12,12.06664482,,,,30,,,,,,1.1502467,,,,,,8.022408,,,,,8.022408,1.1502467,112,,,,,,,,,,,,,,,,,,,,,,,,,
2015,47,4,9.646651373,,,,31,,,,,,1.1383418,,,,,,8.93441,,,,,8.93441,1.1383418,113,,,,,,,,,,,,,,,,,,,,,,,,,
2015,48,9,9.452655961,,,,32,,,,,,1.1262404,,,,,,9.862251,,,,,9.862251,1.1262404,114,,,,,,,,,,,,,,,,,,,,,,,,,
2015,49,3,7.516859173,,,,33,,,,,,1.1140233,,,,,,10.791275,,,,,10.791275,1.1140233,115,,,,,,,,,,,,,,,,,,,,,,,,,
2015,50,8,7.661801421,,,,34,,,,,,1.1017567,,,,,,11.69368,,,,,11.69368,1.1017567,116,,,,,,,,,,,,,,,,,,,,,,,,,
2015,51,8,7.763260995,,,,35,,,,,,1.0894939,,,,,,12.553604,,,,,12.553604,1.0894939,117,,,,,,,,,,,,,,,,,,,,,,,,,
2015,52,10,8.434282696,,,,36,,,,,,1.077277,,,,,,13.358261,,,,,13.358261,1.077277,118,,,,,,,,,,,,,,,,,,,,,,,,,
2016,1,16,10.70399789,,,,37,,,,,,1.0651394,,,,,,14.079102,,,,,14.079102,1.0651394,119,,,,,,,,,,,,,,,,,,,,,,,,,
2016,2,13,11.39279852,,,,38,,,,,,1.0531079,,,,,,14.697296,,,,,14.697296,1.0531079,120,,,,,,,,,,,,,,,,,,,,,,,,,
2016,3,6,9.774958965,,,,39,,,,,,1.0412022,,,,,,15.2100525,,,,,15.2100525,1.0412022,121,,,,,,,,,,,,,,,,,,,,,,,,,
2016,4,13,10.74247128,,,,40,,,,,,1.0294379,,,,,,15.597183,,,,,15.597183,1.0294379,122,,,,,,,,,,,,,,,,,,,,,,,,,
2016,5,8,9.919729893,,,,41,,,,,,1.0178261,,,,,,15.842361,,,,,15.842361,1.0178261,123,,,,,,,,,,,,,,,,,,,,,,,,,
2016,6,14,11.14381092,,,,42,,,,,,1.0063746,,,,,,15.95314,,,,,15.95314,1.0063746,124,,,,,,,,,,,,,,,,,,,,,,,,,
2016,7,28,16.20066765,,,,43,,,,,,0.9950891,,,,,,15.926651,,,,,15.926651,0.9950891,125,,,,,,,,,,,,,,,,,,,,,,,,,
2016,8,31,20.64046735,,,,44,,,,,,0.9839726,,,,,,15.755981,,,,,15.755981,0.9839726,126,,,,,,,,,,,,,,,,,,,,,,,,,
2016,9,37,25.54832715,,,,45,,,,,,0.973027,,,,,,15.450195,,,,,15.450195,0.973027,127,,,,,,,,,,,,,,,,,,,,,,,,,
2016,10,25,25.383829,,,,46,,,,,,0.96225274,,,,,,15.027863,,,,,15.027863,0.96225274,128,,,,,,,,,,,,,,,,,,,,,,,,,
2016,11,10,20.7686803,,,,47,,,,,,0.95164907,,,,,,14.493591,,,,,14.493591,0.95164907,129,,,,,,,,,,,,,,,,,,,,,,,,,
2016,12,12,18.13807621,,,,48,,,,,,0.94121504,,,,,,13.856049,,,,,13.856049,0.94121504,130,,,,,,,,,,,,,,,,,,,,,,,,,
2016,13,20,18.69665335,,,,49,,,,,,0.9309483,,,,,,13.140015,,,,,13.140015,0.9309483,131,,,,,,,,,,,,,,,,,,,,,,,,,
2016,14,6,14.88765734,,,,50,,,,,,0.9208473,,,,,,12.363739,,,,,12.363739,0.9208473,132,,,,,,,,,,,,,,,,,,,,,,,,,
2016,15,11,13.72136014,,,,51,,,,,,0.91090924,,,,,,11.538483,,,,,11.538483,0.91090924,133,,,,,,,,,,,,,,,,,,,,,,,,,
2016,16,11,12.9049521,,,,52,,,,,,0.9011319,,,,,,10.678864,,,,,10.678864,0.9011319,134,,,,,,,,,,,,,,,,,,,,,,,,,
2016,17,5,10.53346647,,,,53,,,,,,0.8915122,,,,,,9.809235,,,,,9.809235,0.8915122,135,,,,,,,,,,,,,,,,,,,,,,,,,
2016,18,6,9.173426528,,,,54,,,,,,0.882048,,,,,,8.942932,,,,,8.942932,0.882048,136,,,,,,,,,,,,,,,,,,,,,,,,,
2016,19,0,6.42139857,,,,55,,,,,,0.8727366,,,,,,8.089478,,,,,8.089478,0.8727366,137,,,,,,,,,,,,,,,,,,,,,,,,,
2016,20,1,4.794978999,,,,56,,,,,,0.86357504,,,,,,7.2598877,,,,,7.2598877,0.86357504,138,,,,,,,,,,,,,,,,,,,,,,,,,
2016,21,2,3.956485299,,,,57,,,,,,0.8545614,,,,,,6.4692993,,,,,6.4692993,0.8545614,139,,,,,,,,,,,,,,,,,,,,,,,,,
2016,22,1,3.069539709,,,,58,,,,,,0.845693,,,,,,5.723572,,,,,5.723572,0.845693,140,,,,,,,,,,,,,,,,,,,,,,,,,
2016,23,0,2.148677797,,,,59,,,,,,0.836968,,,,,,5.026306,,,,,5.026306,0.836968,141,,,,,,,,,,,,,,,,,,,,,,,,,
2016,24,1,1.804074458,,,,60,,,,,,0.8283843,,,,,,4.381012,,,,,4.381012,0.8283843,142,,,,,,,,,,,,,,,,,,,,,,,,,
2016,25,0,1.26285212,,,,61,,,,,,0.8199394,,,,,,3.7926636,,,,,3.7926636,0.8199394,143,,,,,,,,,,,,,,,,,,,,,,,,,
2016,26,0,0.883996484,,,,62,,,,,,0.81163156,,,,,,3.2612305,,,,,3.2612305,0.81163156,144,,,,,,,,,,,,,,,,,,,,,,,,,
2016,27,0,0.618797539,,,,63,,,,,,0.8034594,,,,,,2.784729,,,,,2.784729,0.8034594,145,,,,,,,,,,,,,,,,,,,,,,,,,
2016,28,0,0.433158277,,,,64,,,,,,0.7954207,,,,,,2.3609314,,,,,2.3609314,0.7954207,146,,,,,,,,,,,,,,,,,,,,,,,,,
2016,29,0,0.303210794,,,,65,,,,,,0.78751427,,,,,,1.9884644,,,,,1.9884644,0.78751427,147,,,,,,,,,,,,,,,,,,,,,,,,,
2016,30,1,0.512247556,,,,66,,,,,,0.7797383,,,,,,1.6641846,,,,,1.6641846,0.7797383,148,,,,,,,,,,,,,,,,,,,,,,,,,
2016,31,0,0.358573289,,,,67,,,,,,0.77209157,,,,,,1.3837585,,,,,1.3837585,0.77209157,149,,,,,,,,,,,,,,,,,,,,,,,,,
2016,32,0,0.251001302,,,,68,,,,,,0.7645725,,,,,,1.1428528,,,,,1.1428528,0.7645725,150,,,,,,,,,,,,,,,,,,,,,,,,,
2016,33,0,0.175700912,,,,69,,,,,,0.75717956,,,,,,0.9378052,,,,,0.9378052,0.75717956,151,,,,,,,,,,,,,,,,,,,,,,,,,
2016,34,3,1.022990638,,,,70,,,,,,0.74991184,,,,,,0.76498413,,,,,0.76498413,0.74991184,152,,,,,,,,,,,,,,,,,,,,,,,,,
2016,35,0,0.716093447,,,,71,,,,,,0.7427681,,,,,,0.6202698,,,,,0.6202698,0.7427681,153,,,,,,,,,,,,,,,,,,,,,,,,,
2016,36,0,0.501265413,,,,72,,,,,,0.7357466,,,,,,0.49975586,,,,,0.49975586,0.7357466,154,,,,,,,,,,,,,,,,,,,,,,,,,
2016,37,0,0.350885789,,,,73,,,,,,0.7288466,,,,,,0.40020752,,,,,0.40020752,0.7288466,155,,,,,,,,,,,,,,,,,,,,,,,,,
2016,38,1,0.545620052,,,,74,,,,,,0.722067,,,,,,0.31860352,,,,,0.31860352,0.722067,156,,,,,,,,,,,,,,,,,,,,,,,,,
2016,39,2,0.981934037,,,,75,,,,,,0.7154066,,,,,,0.25222778,,,,,0.25222778,0.7154066,157,,,,,,,,,,,,,,,,,,,,,,,,,
2016,40,4,1.887353826,,,,76,1,,,,,0.7088637,0.78028166,,,,,0.19851685,2,,,,2,0.78028166,158,,,,,,,,,,,,,,,,,,,,,,,,,
2016,41,6,3.121147678,,,,77,2,,,,,0.70243764,1.082216,,,,,0.15539551,3.7690225,,,,3.7690225,1.082216,159,,,,,,,,,,,,,,,,,,,,,,,,,
2016,42,4,3.384803375,,,,78,3,,,,,0.6961273,1.2177503,,,,,0.12088013,3.4156861,,,,3.4156861,1.2177503,160,,,,,,,,,,,,,,,,,,,,,,,,,
2016,43,7,4.469362362,,,,79,4,,,,,0.6899312,1.2492157,,,,,0.093566895,4.1948204,,,,4.1948204,1.2492157,161,,,,,,,,,,,,,,,,,,,,,,,,,
2016,44,3,4.028553654,,,,80,5,,,,,0.68384874,1.2491621,,,,,0.072052,5.0912848,,,,5.0912848,1.2491621,162,,,,,,,,,,,,,,,,,,,,,,,,,
2016,45,17,7.919987557,,,,,6,,,,,,1.2491736,,,,,,6.131975,,,,6.131975,1.2491736,163,,,,,,,,,,,,,,,,,,,,,,,,,
2016,46,14,9.74399129,,,,,7,,,,,,1.2546399,,,,,,7.3939667,,,,7.3939667,1.2546399,164,,,,,,,,,,,,,,,,,,,,,,,,,
2016,47,9,9.520793903,,,,,8,,,,,,1.2625402,,,,,,8.97201,,,,8.97201,1.2625402,165,,,,,,,,,,,,,,,,,,,,,,,,,
2016,48,27,14.76455573,,,,,9,,,,,,1.2691416,,,,,,10.948856,,,,10.948856,1.2691416,166,,,,,,,,,,,,,,,,,,,,,,,,,
2016,49,13,14.23518901,,,,,10,,,,,,1.2719657,,,,,,13.405262,,,,13.405262,1.2719657,167,,,,,,,,,,,,,,,,,,,,,,,,,
2016,50,13,13.86463231,,,,,11,,,,,,1.269814,,,,,,16.420921,,,,16.420921,1.269814,168,,,,,,,,,,,,,,,,,,,,,,,,,
2016,51,14,13.90524262,,,,,12,,,,,,1.2623712,,,,,,20.033112,,,,20.033112,1.2623712,169,,,,,,,,,,,,,,,,,,,,,,,,,
2016,52,23,16.63366983,,,,,13,,,,,,1.249848,,,,,,24.247162,,,,24.247162,1.249848,170,,,,,,,,,,,,,,,,,,,,,,,,,
2017,1,21,17.94356888,,,,,14,,,,,,1.2327286,,,,,,29.018433,,,,29.018433,1.2327286,171,,,,,,,,,,,,,,,,,,,,,,,,,
2017,2,29,21.26049822,,,,,15,,,,,,1.2116178,,,,,,34.23169,,,,34.23169,1.2116178,172,,,,,,,,,,,,,,,,,,,,,,,,,
2017,3,56,31.68234875,,,,,16,,,,,,1.1871485,,,,,,39.69919,,,,39.69919,1.1871485,173,,,,,,,,,,,,,,,,,,,,,,,,,
2017,4,106,53.97764413,,,,,17,,,,,,1.1599324,,,,,,45.144012,,,,45.144012,1.1599324,174,,,,,,,,,,,,,,,,,,,,,,,,,
2017,5,87,63.88435089,,,,,18,,,,,,1.1305318,,,,,,50.220367,,,,50.220367,1.1305318,175,,,,,,,,,,,,,,,,,,,,,,,,,
2017,6,125,82.21904562,,,,,19,,,,,,1.0994532,,,,,,54.587494,,,,54.587494,1.0994532,176,,,,,,,,,,,,,,,,,,,,,,,,,
2017,7,108,89.95333194,,,,,20,,,,,,1.0671401,,,,,,57.919525,,,,57.919525,1.0671401,177,,,,,,,,,,,,,,,,,,,,,,,,,
2017,8,73,84.86733235,,,,,21,,,,,,1.0339769,,,,,,59.891205,,,,59.891205,1.0339769,178,,,,,,,,,,,,,,,,,,,,,,,,,
2017,9,42,72.00713265,,,,,22,,,,,,1.0002937,,,,,,60.298615,,,,60.298615,1.0002937,179,,,,,,,,,,,,,,,,,,,,,,,,,
2017,10,37,61.50499285,,,,,23,,,,,,0.96637,,,,,,59.08722,,,,59.08722,0.96637,180,,,,,,,,,,,,,,,,,,,,,,,,,
2017,11,13,46.953495,,,,,24,,,,,,0.93244094,,,,,,56.358215,,,,56.358215,0.93244094,181,,,,,,,,,,,,,,,,,,,,,,,,,
2017,12,25,40.3674465,,,,,25,,,,,,0.8987043,,,,,,52.281006,,,,52.281006,0.8987043,182,,,,,,,,,,,,,,,,,,,,,,,,,
2017,13,11,31.55721255,,,,,26,,,,,,0.86532354,,,,,,47.14325,,,,47.14325,0.86532354,183,,,,,,,,,,,,,,,,,,,,,,,,,
2017,14,14,26.29004878,,,,,27,,,,,,0.83243304,,,,,,41.360535,,,,41.360535,0.83243304,184,,,,,,,,,,,,,,,,,,,,,,,,,
2017,15,5,19.90303415,,,,,28,,,,,,0.80014205,,,,,,35.304504,,,,35.304504,0.80014205,185,,,,,,,,,,,,,,,,,,,,,,,,,
2017,16,7,16.0321239,,,,,29,,,,,,0.7685391,,,,,,29.294922,,,,29.294922,0.7685391,186,,,,,,,,,,,,,,,,,,,,,,,,,
2017,17,5,12.72248673,,,,,30,,,,,,0.73769426,,,,,,23.6651,,,,23.6651,0.73769426,187,,,,,,,,,,,,,,,,,,,,,,,,,
2017,18,6,10.70574071,,,,,31,,,,,,0.70766187,,,,,,18.61316,,,,18.61316,0.70766187,188,,,,,,,,,,,,,,,,,,,,,,,,,
2017,19,6,9.294018499,,,,,32,,,,,,0.67848265,,,,,,14.244629,,,,14.244629,0.67848265,189,,,,,,,,,,,,,,,,,,,,,,,,, 
2017,20,2,7.105812949,,,,,33,,,,,,0.65018666,,,,,,10.629395,,,,10.629395,0.65018666,190,,,,,,,,,,,,,,,,,,,,,,,,,
2017,21,0,4.974069065,,,,,34,,,,,,0.62279415,,,,,,7.727173,,,,7.727173,0.62279415,191,,,,,,,,,,,,,,,,,,,,,,,,,
2017,22,2,4.081848345,,,,,35,,,,,,0.5963172,,,,,,5.4767456,,,,5.4767456,0.5963172,192,,,,,,,,,,,,,,,,,,,,,,,,,
2017,23,1,3.157293842,,,,,36,1,,,,,0.5707608,0.6550788,,,,,3.7904053,3,,,3.7904053,0.5707608,193,,,,,,,,,,,,,,,,,,,,,,,,,
2017,24,1,2.510105689,,,,,37,2,,,,,0.546125,0.61604136,,,,,2.5581665,3.533208,,,2.5581665,0.546125,194,,,,,,,,,,,,,,,,,,,,,,,,,
2017,25,0,1.757073982,,,,,38,3,,,,,0.522404,0.55877477,,,,,1.6882935,1.8064766,,,1.8064766,0.55877477,195,,,,,,,,,,,,,,,,,,,,,,,,,
2017,26,2,1.829951788,,,,,39,4,,,,,0.49958825,0.57183623,,,,,1.0880737,1.1837788,,,1.1837788,0.57183623,196,,,,,,,,,,,,,,,,,,,,,,,,,
2017,27,1,1.580966251,,,,,40,5,,,,,0.47766525,0.6426691,,,,,0.68603516,0.85299397,,,0.85299397,0.6426691,197,,,,,,,,,,,,,,,,,,,,,,,,,
2017,28,1,1.406676376,,,,,,6,,,,,,0.7357083,,,,,,0.6878395,,,0.6878395,0.7357083,198,,,,,,,,,,,,,,,,,,,,,,,,,
2017,29,0,0.984673463,,,,,,7,,,,,,0.83070344,,,,,,0.60427475,,,0.60427475,0.83070344,199,,,,,,,,,,,,,,,,,,,,,,,,,
2017,30,0,0.689271424,,,,,,8,,,,,,0.91972685,,,,,,0.5679121,,,0.5679121,0.91972685,200,,,,,,,,,,,,,,,,,,,,,,,,,
2017,31,0,0.482489997,,,,,,9,,,,,,1.000422,,,,,,0.5660677,,,0.5660677,1.000422,201,,,,,,,,,,,,,,,,,,,,,,,,,
2017,32,0,0.337742998,,,,,,10,,,,,,1.0724198,,,,,,0.59438515,,,0.59438515,1.0724198,202,,,,,,,,,,,,,,,,,,,,,,,,,
2017,33,0,0.236420099,,,,,,11,,,,,,1.1359346,,,,,,0.6536617,,,0.6536617,1.1359346,203,,,,,,,,,,,,,,,,,,,,,,,,,
2017,34,0,0.165494069,,,,,,12,,,,,,1.1913058,,,,,,0.74839497,,,0.74839497,1.1913058,204,,,,,,,,,,,,,,,,,,,,,,,,,
2017,35,1,0.415845848,,,,,,13,,,,,,1.2388843,,,,,,0.88750076,,,0.88750076,1.2388843,205,,,,,,,,,,,,,,,,,,,,,,,,,
2017,36,1,0.591092094,,,,,,14,,,,,,1.2790203,,,,,,1.0840578,,,1.0840578,1.2790203,206,,,,,,,,,,,,,,,,,,,,,,,,,
2017,37,0,0.413764466,,,,,,15,,,,,,1.3120732,,,,,,1.3571129,,,1.3571129,1.3120732,207,,,,,,,,,,,,,,,,,,,,,,,,,
2017,38,0,0.289635126,,,,,,16,,,,,,1.3384191,,,,,,1.7327156,,,1.7327156,1.3384191,208,,,,,,,,,,,,,,,,,,,,,,,,,
2017,39,0,0.202744588,,,,,,17,,,,,,1.3584515,,,,,,2.2452927,,,2.2452927,1.3584515,209,,,,,,,,,,,,,,,,,,,,,,,,,
2017,40,12,3.741921212,,,,,,18,,,,,,1.372579,,,,,,2.9450378,,,2.9450378,1.372579,210,,,,,,,,,,,,,,,,,,,,,,,,,
2017,41,13,6.519344848,,,,,,19,,,,,,1.3812194,,,,,,3.8892174,,,3.8892174,1.3812194,211,,,,,,,,,,,,,,,,,,,,,,,,,
2017,42,9,7.263541394,,,,,,20,,,,,,1.3847926,,,,,,5.1535244,,,5.1535244,1.3847926,212,,,,,,,,,,,,,,,,,,,,,,,,,
2017,43,11,8.384478976,,,,,,21,,,,,,1.3837161,,,,,,6.83617,,,6.83617,1.3837161,213,,,,,,,,,,,,,,,,,,,,,,,,,
2017,44,21,12.16913528,,,,,,22,,,,,,1.378397,,,,,,9.041542,,,9.041542,1.378397,214,,,,,,,,,,,,,,,,,,,,,,,,,
2017,45,22,15.1183947,,,,,,23,,,,,,1.3692293,,,,,,11.889816,,,11.889816,1.3692293,215,,,,,,,,,,,,,,,,,,,,,,,,,
2017,46,17,15.68287629,,,,,,24,,,,,,1.3565917,,,,,,15.5237465,,,15.5237465,1.3565917,216,,,,,,,,,,,,,,,,,,,,,,,,,
2017,47,24,18.1780134,,,,,,25,,,,,,1.3408425,,,,,,20.04972,,,20.04972,1.3408425,217,,,,,,,,,,,,,,,,,,,,,,,,,
2017,48,40,24.72460938,,,,,,26,,,,,,1.3223208,,,,,,25.57866,,,25.57866,1.3223208,218,,,,,,,,,,,,,,,,,,,,,,,,,
2017,49,47,31.40722657,,,,,,27,,,,,,1.3013431,,,,,,32.187164,,,32.187164,1.3013431,219,,,,,,,,,,,,,,,,,,,,,,,,,
2017,50,47,36.0850586,,,,,,28,,,,,,1.2782052,,,,,,39.829025,,,39.829025,1.2782052,220,,,,,,,,,,,,,,,,,,,,,,,,,
2017,51,51,40.55954102,,,,,,29,,,,,,1.253182,,,,,,48.45662,,,48.45662,1.253182,221,,,,,,,,,,,,,,,,,,,,,,,,,
2017,52,83,53.29167871,,,,,,30,,,,,,1.2265269,,,,,,57.844284,,,57.844284,1.2265269,222,,,,,,,,,,,,,,,,,,,,,,,,,
2018,1,52,52.9041751,,,,,,31,,,,,,1.1984733,,,,,,67.632324,,,67.632324,1.1984733,223,,,,,,,,,,,,,,,,,,,,,,,,,
2018,2,96,65.83292257,,,,,,32,,,,,,1.1692352,,,,,,77.46207,,,77.46207,1.1692352,224,,,,,,,,,,,,,,,,,,,,,,,,,
2018,3,125,83.5830458,,,,,,33,,,,,,1.1390096,,,,,,86.71744,,,86.71744,1.1390096,225,,,,,,,,,,,,,,,,,,,,,,,,,
2018,4,172,110.1081321,,,,,,34,,,,,,1.107974,,,,,,94.838806,,,94.838806,1.107974,226,,,,,,,,,,,,,,,,,,,,,,,,,
2018,5,172,128.6756924,,,,,,35,,,,,,1.0762928,,,,,,101.305115,,,101.305115,1.0762928,227,,,,,,,,,,,,,,,,,,,,,,,,,
2018,6,150,135.0729847,,,,,,36,,,,,,1.0441136,,,,,,105.50482,,,105.50482,1.0441136,228,,,,,,,,,,,,,,,,,,,,,,,,,
2018,7,95,123.0510893,,,,,,37,,,,,,1.011571,,,,,,107.1369,,,107.1369,1.011571,229,,,,,,,,,,,,,,,,,,,,,,,,,
2018,8,91,113.4357625,,,,,,38,,,,,,0.97878623,,,,,,106.04376,,,106.04376,0.97878623,230,,,,,,,,,,,,,,,,,,,,,,,,,
2018,9,54,95.60503376,,,,,,39,,,,,,0.94586873,,,,,,102.18762,,,102.18762,0.94586873,231,,,,,,,,,,,,,,,,,,,,,,,,,
2018,10,64,86.12352363,,,,,,40,,,,,,0.9129173,,,,,,95.857666,,,95.857666,0.9129173,232,,,,,,,,,,,,,,,,,,,,,,,,,
2018,11,61,78.58646654,,,,,,41,,,,,,0.8800207,,,,,,87.53845,,,87.53845,0.8800207,233,,,,,,,,,,,,,,,,,,,,,,,,,
2018,12,34,65.21052658,,,,,,42,,,,,,0.8472582,,,,,,77.77258,,,77.77258,0.8472582,234,,,,,,,,,,,,,,,,,,,,,,,,,
2018,13,42,58.2473686,,,,,,43,,,,,,0.81470084,,,,,,67.198975,,,67.198975,0.81470084,235,,,,,,,,,,,,,,,,,,,,,,,,,
2018,14,27,48.87315802,,,,,,44,,,,,,0.78241223,,,,,,56.460815,,,56.460815,0.78241223,236,,,,,,,,,,,,,,,,,,,,,,,,,
2018,15,12,37.81121062,,,,,,45,,,,,,0.75044775,,,,,,46.11316,,,46.11316,0.75044775,237,,,,,,,,,,,,,,,,,,,,,,,,,
2018,16,8,28.86784743,,,,,,46,,,,,,0.71885735,,,,,,36.680054,,,36.680054,0.71885735,238,,,,,,,,,,,,,,,,,,,,,,,,,
2018,17,11,23.5074932,,,,,,47,,,,,,0.6876848,,,,,,28.303833,,,28.303833,0.6876848,239,,,,,,,,,,,,,,,,,,,,,,,,,
2018,18,7,18.55524524,,,,,,48,,,,,,0.6569684,,,,,,21.25122,,,21.25122,0.6569684,240,,,,,,,,,,,,,,,,,,,,,,,,,
2018,19,5,14.48867167,,,,,,49,,,,,,0.6267408,,,,,,15.511841,,,15.511841,0.6267408,241,,,,,,,,,,,,,,,,,,,,,,,,,
2018,20,6,11.94207017,,,,,,50,,,,,,0.5970312,,,,,,10.999634,,,10.999634,0.5970312,242,,,,,,,,,,,,,,,,,,,,,,,,,
2018,21,3,9.259449118,,,,,,51,1,,,,,0.5678641,0.5705908,,,,,7.590454,9,,9,0.5705908,243,,,,,,,,,,,,,,,,,,,,,,,,,
2018,22,0,6.481614382,,,,,,52,2,,,,,0.5392602,0.62493646,,,,,5.086426,5.401696,,5.401696,0.62493646,244,,,,,,,,,,,,,,,,,,,,,,,,,
2018,23,0,4.537130068,,,,,,53,3,,,,,0.5112368,0.6432547,,,,,3.3165283,3.9173899,,3.9173899,0.6432547,245,,,,,,,,,,,,,,,,,,,,,,,,,
2018,24,0,3.175991047,,,,,,54,4,,,,,0.48380843,0.67955077,,,,,2.1013184,2.9806194,,2.9806194,0.67955077,246,,,,,,,,,,,,,,,,,,,,,,,,,
2018,25,0,2.223193733,,,,,,55,5,,,,,0.45698622,0.74915713,,,,,1.2949219,2.3936672,,2.3936672,0.74915713,247,,,,,,,,,,,,,,,,,,,,,,,,,
2018,26,0,1.556235613,,,,,,56,6,,,,,0.43077874,0.8380859,,,,,0.776001,2.0872421,,2.0872421,0.8380859,248,,,,,,,,,,,,,,,,,,,,,,,,,
2018,27,0,1.089364929,,,,,,57,7,,,,,0.40519318,0.9287827,,,,,0.45214844,1.9667664,,1.9667664,0.9287827,249,,,,,,,,,,,,,,,,,,,,,,,,,
2018,28,2,1.36255545,,,,,,58,8,,,,,0.38023326,1.010304,,,,,0.2562256,1.9745655,,1.9745655,1.010304,250,,,,,,,,,,,,,,,,,,,,,,,,,
2018,29,1,1.253788815,,,,,,59,9,,,,,0.3559017,1.0781784,,,,,0.14111328,2.0871239,,2.0871239,1.0781784,251,,,,,,,,,,,,,,,,,,,,,,,,,
2018,30,1,1.177652171,,,,,,60,10,,,,,0.33219904,1.1318551,,,,,0.075805664,2.2959976,,2.2959976,1.1318551,252,,,,,,,,,,,,,,,,,,,,,,,,,
2018,31,1,1.12435652,,,,,,61,11,,,,,0.30912483,1.1726359,,,,,0.03955078,2.6043549,,2.6043549,1.1726359,253,,,,,,,,,,,,,,,,,,,,,,,,,
2018,32,4,1.987049564,,,,,,62,12,,,,,0.28667596,1.2024678,,,,,0.020019531,3.023304,,3.023304,1.2024678,254,,,,,,,,,,,,,,,,,,,,,,,,,
2018,33,9,4.090934695,,,,,,63,13,,,,,0.26484948,1.2233462,,,,,0.009765625,3.5657272,,3.5657272,1.2233462,255,,,,,,,,,,,,,,,,,,,,,,,,,
2018,34,8,5.263654286,,,,,,64,14,,,,,0.24364018,1.2370657,,,,,0.004760742,4.251114,,4.251114,1.2370657,256,,,,,,,,,,,,,,,,,,,,,,,,,
2018,35,7,5.784558,,,,,,65,15,,,,,0.2230429,1.245139,,,,,0.002319336,5.104805,,5.104805,1.245139,257,,,,,,,,, ,,,,,,,,,,,,,,,,
2018,36,7,6.1491906,,,,,,66,16,,,,,0.2030513,1.2487996,,,,,0.000854492,6.149029,,6.149029,1.2487996,258,,,,,,,,,,,,,,,,,,,,,,,,,
2018,37,10,7.30443342,,,,,,67,17,,,,,0.1836575,1.2490324,,,,,0.000488281,7.40926,,7.40926,1.2490324,259,,,,,,,,,,,,,,,,,,,,,,,,,
2018,38,12,8.713103394,,,,,,68,18,,,,,0.16485289,1.2466136,,,,,0.000244141,8.922241,,8.922241,1.2466136,260,,,,,,,,,,,,,,,,,,,,,,,,,
2018,39,11,9.399172376,,,,,,69,19,,,,,0.14663002,1.2421527,,,,,0,10.711563,,10.711563,1.2421527,261,,,,,,,,,,,,,,,,,,,,,,,,,
2018,40,32,16.17942066,,,,,,70,20,,,,,0.12897897,1.2361226,,,,,0,12.801079,,12.801079,1.2361226,262,,,,,,,,,,,,,,,,,,,,,,,,,
2018,41,35,21.82559446,,,,,,,21,,,,,,1.2288922,,,,,,15.231316,,15.231316,1.2288922,263,,,,,,,,,,,,,,,,,,,,,,,,,
2018,42,33,25.17791612,,,,,,,22,,,,,,1.2207464,,,,,,18.016693,,18.016693,1.2207464,264,,,,,,,,,,,,,,,,,,,,,,,,,
2018,43,45,31.12454129,,,,,,,23,,,,,,1.2119069,,,,,,21.166336,,21.166336,1.2119069,265,,,,,,,,,,,,,,,,,,,,,,,,,
2018,44,36,32.5871789,,,,,,,24,,,,,,1.2025441,,,,,,24.714249,,24.714249,1.2025441,266,,,,,,,,,,,,,,,,,,,,,,,,,
2018,45,31,32.11102523,,,,,,,25,,,,,,1.1927907,,,,,,28.651825,,28.651825,1.1927907,267,,,,,,,,,,,,,,,,,,,,,,,,,
2018,46,28,30.87771766,,,,,,,26,,,,,,1.1827486,,,,,,32.95546,,32.95546,1.1827486,268,,,,,,,,,,,,,,,,,,,,,,,,,
2018,47,32,31.21440236,,,,,,,27,,,,,,1.1724969,,,,,,37.642548,,37.642548,1.1724969,269,,,,,,,,,,,,,,,,,,,,,,,,,
2018,48,35,32.35008165,,,,,,,28,,,,,,1.1620969,,,,,,42.668793,,42.668793,1.1620969,270,,,,,,,,,,,,,,,,,,,,,,,,,
2018,49,39,34.34505716,,,,,,,29,,,,,,1.1515948,,,,,,47.96347,,47.96347,1.1515948,271,,,,,,,,,,,,,,,,,,,,,,,,,
2018,50,43,36.94154001,,,,,,,30,,,,,,1.1410282,,,,,,53.51718,,53.51718,1.1410282,272,,,,,,,,,,,,,,,,,,,,,,,,,
2018,51,41,38.15907801,,,,,,,31,,,,,,1.130424,,,,,,59.251953,,59.251953,1.130424,273,,,,,,,,,,,,,,,,,,,,,,,,,
2018,52,67,46.81135461,,,,,,,32,,,,,,1.1198045,,,,,,65.043396,,65.043396,1.1198045,274,,,,,,,,,,,,,,,,,,,,,,,,,
2019,1,64,51.96794822,,,,,,,33,,,,,,1.1091864,,,,,,70.851746,,70.851746,1.1091864,275,,,,,,,,,,,,,,,,,,,,,,,,,
2019,2,67,56.47756376,,,,,,,34,,,,,,1.0985827,,,,,,76.58563,,76.58563,1.0985827,276,,,,,,,,,,,,,,,,,,,,,,,,,
2019,3,108,71.93429463,,,,,,,35,,,,,,1.0880036,,,,,,82.08276,,82.08276,1.0880036,277,,,,,,,,,,,,,,,,,,,,,,,,,
2019,4,95,78.85400624,,,,,,,36,,,,,,1.0774568,,,,,,87.269165,,87.269165,1.0774568,278,,,,,,,,,,,,,,,,,,,,,,,,,
2019,5,106,86.99780437,,,,,,,37,,,,,,1.0669483,,,,,,92.08209,,92.08209,1.0669483,279,,,,,,,,,,,,,,,,,,,,,,,,,
2019,6,100,90.89846306,,,,,,,38,,,,,,1.0564833,,,,,,96.35693,,96.35693,1.0564833,280,,,,,,,,,,,,,,,,,,,,,,,,,
2019,7,147,107.7289241,,,,,,,39,,,,,,1.046065,,,,,,99.98901,,99.98901,1.046065,281,,,,,,,,,,,,,,,,,,,,,,,,,
2019,8,153,121.3102469,,,,,,,40,,,,,,1.0356973,,,,,,102.98193,,102.98193,1.0356973,282,,,,,,,,,,,,,,,,,,,,,,,,,
2019,9,219,150.6171728,,,,,,,41,,,,,,1.0253819,,,,,,105.21765,,105.21765,1.0253819,283,,,,,,,,,,,,,,,,,,,,,,,,,
2019,10,250,180.432021,,,,,,,42,,,,,,1.0151217,,,,,,106.59265,,106.59265,1.0151217,284,,,,,,,,,,,,,,,,,,,,,,,,,
2019,11,255,202.8024147,,,,,,,43,,,,,,1.004918,,,,,,107.157715,,107.157715,1.004918,285,,,,,,,,,,,,,,,,,,,,,,,,,
2019,12,141,184.2616903,,,,,,,44,,,,,,0.9947721,,,,,,106.89978,,106.89978,0.9947721,286,,,,,,,,,,,,,,,,,,,,,,,,,
2019,13,100,158.9831832,,,,,,,45,,,,,,0.9846857,,,,,,105.76465,,105.76465,0.9846857,287,,,,,,,,,,,,,,,,,,,,,,,,,
2019,14,69,131.9882282,,,,,,,46,,,,,,0.97466,,,,,,103.792725,,103.792725,0.97466,288,,,,,,,,,,,,,,,,,,,,,,,,,
2019,15,61,110.6917598,,,,,,,47,,,,,,0.9646958,,,,,,101.101685,,101.101685,0.9646958,289,,,,,,,,,,,,,,,,,,,,,,,,,
2019,16,48,91.88423184,,,,,,,48,,,,,,0.95479417,,,,,,97.70715,,97.70715,0.95479417,290,,,,,,,,,,,,,,,,,,,,,,,,,
2019,17,26,72.11896229,,,,,,,49,,,,,,0.9449566,,,,,,93.645996,,93.645996,0.9449566,291,,,,,,,,,,,,,,,,,,,,,,,,,
2019,18,20,56.4832736,,,,,,,50,,,,,,0.93518305,,,,,,89.066895,,89.066895,0.93518305,292,,,,,,,,,,,,,,,,,,,,,,,,,
2019,19,24,46.73829152,,,,,,,51,,,,,,0.92547536,,,,,,84.08032,,84.08032,0.92547536,293,,,,,,,,,,,,,,,,,,,,,,,,,
2019,20,20,38.71680406,,,,,,,52,,,,,,0.9158336,,,,,,78.745605,,78.745605,0.9158336,294,,,,,,,,,,,,,,,,,,,,,,,,,
2019,21,21,33.40176284,,,,,,,53,,,,,,0.9062589,,,,,,73.1499,,73.1499,0.9062589,295,,,,,,,,,,,,,,,,,,,,,,,,,
2019,22,17,28.48123399,,,,,,,54,,,,,,0.8967522,,,,,,67.451904,,67.451904,0.8967522,296,,,,,,,,,,,,,,,,,,,,,,,,,
2019,23,11,23.23686379,,,,,,,55,,,,,,0.88731414,,,,,,61.733154,,61.733154,0.88731414,297,,,,,,,,,,,,,,,,,,,,,,,,,
2019,24,13,20.16580466,,,,,,,56,,,,,,0.8779453,,,,,,56.05591,,56.05591,0.8779453,298,,,,,,,,,,,,,,,,,,,,,,,,,
2019,25,7,16.21606326,,,,,,,57,,,,,,0.8686466,,,,,,50.496826,,50.496826,0.8686466,299,,,,,,,,,,,,,,,,,,,,,,,,,
2019,26,12,14.95124428,,,,,,,58,,,,,,0.8594185,,,,,,45.160645,,45.160645,0.8594185,300,,,,,,,,,,,,,,,,,,,,,,,,,
2019,27,8,12.865871,,,,,,,59,,,,,,0.8502617,,,,,,40.090332,,40.090332,0.8502617,301,,,,,,,,,,,,,,,,,,,,,,,,,
2019,28,15,13.5061097,,,,,,,60,,,,,,0.8411771,,,,,,35.315186,,35.315186,0.8411771,302,,,,,,,,,,,,,,,,,,,,,,,,,
2019,29,9,12.15427679,,,,,,,61,,,,,,0.832165,,,,,,30.865723,,30.865723,0.832165,303,,,,,,,,,,,,,,,,,,,,,,,,,
2019,30,7,10.60799375,,,,,,,62,,,,,,0.8232261,,,,,,26.784912,,26.784912,0.8232261,304,,,,,,,,,,,,,,,,,,,,,,,,,
2019,31,14,11.62559563,,,,,,,63,,,,,,0.8143611,,,,,,23.075684,,23.075684,0.8143611,305,,,,,,,,,,,,,,,,,,,,,,,,,
2019,32,9,10.83791694,,,,,,,64,,,,,,0.8055707,,,,,,19.731201,,19.731201,0.8055707,306,,,,,,,,,,,,,,,,,,,,,,,,,
2019,33,9,10.28654186,,,,,,,65,,,,,,0.79685485,,,,,,16.741943,,16.741943,0.79685485,307,,,,,,,,,,,,,,,,,,,,,,,,,
2019,34,8,9.6005793,,,,,,,66,,,,,,0.78821445,,,,,,14.106445,,14.106445,0.78821445,308,,,,,,,,,,,,,,,,,,,,,,,,,
2019,35,17,11.82040551,,,,,,,,,,,,,,,,,,,,,,,,,,,,,,,,,,,,,,,,,,,,,,,,
2019,36,17,13.37428386,,,,,,,,,,,,,,,,,,,,,,,,,,,,,,,,,,,,,,,,,,,,,,,,
2019,37,7,11.4619987,,,,,,,,,,,,,,,,,,,,,,,,,,,,,,,,,,,,,,,,,,,,,,,,
2019,38,21,14.32339909,,,,,,,,,,,,,,,,,,,,,,,,,,,,,,,,,,,,,,,,,,,,,,,,
2019,39,19,15.72637936,,,,,,,,,,,,,,,,,,,,,,,,,,,,,,,,,,,,,,,,,,,,,,,,
2019,40,60,29.00846555,,,,,,,,,,,,,,,,,,,,,,,,,,,,,,,,,,,,,,,,,,,,,,,,
2019,41,57,37.40592589,,,,,,,,,,,,,,,,,,,,,,,,,,,,,,,,,,,,,,,,,,,,,,,,
2019,42,66,45.98414812,,,,,,,,,,,,,,,,,,,,,,,,,,,,,,,,,,,,,,,,,,,,,,,,
2019,43,81,56.48890369,,,,,,,,,,,,,,,,,,,,,,,,,,,,,,,,,,,,,,,,,,,,,,,,
2019,44,71,60.84223258,,,,,,,,,,,,,,,,,,,,,,,,,,,,,,,,,,,,,,,,,,,,,,,,
2019,45,83,67.48956281,,,,,,,,,,,,,,,,,,,,,,,,,,,,,,,,,,,,,,,,,,,,,,,,
2019,46,80,71.24269396,,,,,,,,,,,,,,,,,,,,,,,,,,,,,,,,,,,,,,,,,,,,,,,,
2019,47,68,70.26988577,,,,,,,,,,,,,,,,,,,,,,,,,,,,,,,,,,,,,,,,,,,,,,,,
2019,48,61,67.48892004,,,,,,,,,,,,,,,,,,,,,,,,,,,,,,,,,,,,,,,,,,,,,,,,
2019,49,85,72.74224403,,,,,,,,,,,,,,,,,,,,,,,,,,,,,,,,,,,,,,,,,,,,,,,,
2019,50,91,78.21957082,,,,,,,,,,,,,,,,,,,,,,,,,,,,,,,,,,,,,,,,,,,,,,,,
2019,51,100,84.75369957,,,,,,,,,,,,,,,,,,,,,,,,,,,,,,,,,,,,,,,,,,,,,,,,
2019,52,114,93.5275897,,,,,,,,,,,,,,,,,,,,,,,,,,,,,,,,,,,,,,,,,,,,,,,,
2020,1,135,105.9693128,,,,,,,,,,,,,,,,,,,,,,,,,,,,,,,,,,,,,,,,,,,,,,,,
2020,2,146,117.978519,,,,,,,,,,,,,,,,,,,,,,,,,,,,,,,,,,,,,,,,,,,,,,,,
2020,3,147,126.6849633,,,,,,,,,,,,,,,,,,,,,,,,,,,,,,,,,,,,,,,,,,,,,,,,
2020,4,142,131.2794743,,,,,,,,,,,,,,,,,,,,,,,,,,,,,,,,,,,,,,,,,,,,,,,,
2020,5,198,151.295632,,,,,,,,,,,,,,,,,,,,,,,,,,,,,,,,,,,,,,,,,,,,,,,,
2020,6,272,187.5069424,,,,,,,,,,,,,,,,,,,,,,,,,,,,,,,,,,,,,,,,,,,,,,,,
2020,7,297,220.3548597,,,,,,,,,,,,,,,,,,,,,,,,,,,,,,,,,,,,,,,,,,,,,,,,
2020,8,294,242.4484018,,,,,,,,,,,,,,,,,,,,,,,,,,,,,,,,,,,,,,,,,,,,,,,,
2020,9,206,231.5138812,,,,,,,,,,,,,,,,,,,,,,,,,,,,,,,,,,,,,,,,,,,,,,,,
2020,10,242,234.6597169,,,,,,,,,,,,,,,,,,,,,,,,,,,,,,,,,,,,,,,,,,,,,,,,
2020,11,169,214.9618018,,,,,,,,,,,,,,,,,,,,,,,,,,,,,,,,,,,,,,,,,,,,,,,,
2020,12,71,171.7732613,,,,,,,,,,,,,,,,,,,,,,,,,,,,,,,,,,,,,,,,,,,,,,,,
2020,13,36,131.0412829,,,,,,,,,,,,,,,,,,,,,,,,,,,,,,,,,,,,,,,,,,,,,,,,
2020,14,16,96.52889802,,,,,,,,,,,,,,,,,,,,,,,,,,,,,,,,,,,,,,,,,,,,,,,,
2020,15,12,71.17022861,,,,,,,,,,,,,,,,,,,,,,,,,,,,,,,,,,,,,,,,,,,,,,,,
2020,16,10,52.81916003,,,,,,,,,,,,,,,,,,,,,,,,,,,,,,,,,,,,,,,,,,,,,,,,
2020,17,19,42.67341202,,,,,,,,,,,,,,,,,,,,,,,,,,,,,,,,,,,,,,,,,,,,,,,,
2020,18,17,34.97138841,,,,,,,,,,,,,,,,,,,,,,,,,,,,,,,,,,,,,,,,,,,,,,,,
2020,19,12,28.07997189,,,,,,,,,,,,,,,,,,,,,,,,,,,,,,,,,,,,,,,,,,,,,,,,
2020,20,15,24.15598032,,,,,,,,,,,,,,,,,,,,,,,,,,,,,,,,,,,,,,,,,,,,,,,,
2020,21,14,21.10918623,,,,,,,,,,,,,,,,,,,,,,,,,,,,,,,,,,,,,,,,,,,,,,,,
2020,22,6,16.57643036,,,,,,,,,,,,,,,,,,,,,,,,,,,,,,,,,,,,,,,,,,,,,,,,
2020,23,13,15.50350125,,,,,,,,,,,,,,,,,,,,,,,,,,,,,,,,,,,,,,,,,,,,,,,,
2020,24,12,14.45245088,,,,,,,,,,,,,,,,,,,,,,,,,,,,,,,,,,,,,,,,,,,,,,,,
2020,25,16,14.91671561,,,,,,,,,,,,,,,,,,,,,,,,,,,,,,,,,,,,,,,,,,,,,,,,
2020,26,35,20.94170093,,,,,,,,,,,,,,,,,,,,,,,,,,,,,,,,,,,,,,,,,,,,,,,,
2020,27,22,21.25919065,,,,,,,,,,,,,,,,,,,,,,,,,,,,,,,,,,,,,,,,,,,,,,,,
2020,28,26,22.68143346,,,,,,,,,,,,,,,,,,,,,,,,,,,,,,,,,,,,,,,,,,,,,,,,
2020,29,17,20.97700342,,,,,,,,,,,,,,,,,,,,,,,,,,,,,,,,,,,,,,,,,,,,,,,,
2020,30,19,20.38390239,,,,,,,,,,,,,,,,,,,,,,,,,,,,,,,,,,,,,,,,,,,,,,,,
2020,31,14,18.46873168,,,,,,,,,,,,,,,,,,,,,,,,,,,,,,,,,,,,,,,,,,,,,,,,
2020,32,22,19.52811217,,,,,,,,,,,,,,,,,,,,,,,,,,,,,,,,,,,,,,,,,,,,,,,,
2020,33,21,19.96967852,,,,,,,,,,,,,,,,,,,,,,,,,,,,,,,,,,,,,,,,,,,,,,,,
2020,34,51,29.27877496,,,,,,,,,,,,,,,,,,,,,,,,,,,,,,,,,,,,,,,,,,,,,,,,
2020,35,598,199.8951425,,,,,,,,,,,,,,,,,,,,,,,,,,,,,,,,,,,,,,,,,,,,,,,,
2020,36,308,232.3265997,,,,,,,,,,,,,,,,,,,,,,,,,,,,,,,,,,,,,,,,,,,,,,,,
2020,37,116,197.4286198,,,,,,,,,,,,,,,,,,,,,,,,,,,,,,,,,,,,,,,,,,,,,,,,
2020,38,92,165.8000339,,,,,,,,,,,,,,,,,,,,,,,,,,,,,,,,,,,,,,,,,,,,,,,,
2020,39,104,147.2600237,,,,,,,,,,,,,,,,,,,,,,,,,,,,,,,,,,,,,,,,,,,,,,,,
2020,40,90,130.0820166,,,,,,,,,,,,,,,,,,,,,,,,,,,,,,,,,,,,,,,,,,,,,,,,
2020,41,114,125.2574116,,,,,,,,,,,,,,,,,,,,,,,,,,,,,,,,,,,,,,,,,,,,,,,,
2020,42,100,117.6801881,,,,,,,,,,,,,,,,,,,,,,,,,,,,,,,,,,,,,,,,,,,,,,,,
2020,43,109,115.0761317,,,,,,,,,,,,,,,,,,,,,,,,,,,,,,,,,,,,,,,,,,,,,,,,
2020,44,135,121.0532922,,,,,,,,,,,,,,,,,,,,,,,,,,,,,,,,,,,,,,,,,,,,,,,,
2020,45,289,171.4373045,,,,,,,,,,,,,,,,,,,,,,,,,,,,,,,,,,,,,,,,,,,,,,,,
2020,46,49,134.7061132,,,,,,,,,,,,,,,,,,,,,,,,,,,,,,,,,,,,,,,,,,,,,,,,
2020,47,77,117.3942792,,,,,,,,,,,,,,,,,,,,,,,,,,,,,,,,,,,,,,,,,,,,,,,,
2020,48,31,91.47599545,,,,,,,,,,,,,,,,,,,,,,,,,,,,,,,,,,,,,,,,,,,,,,,,
2020,49,49,78.73319682,,,,,,,,,,,,,,,,,,,,,,,,,,,,,,,,,,,,,,,,,,,,,,,,
2020,50,38,66.51323777,,,,,,,,,,,,,,,,,,,,,,,,,,,,,,,,,,,,,,,,,,,,,,,,
2020,51,50,61.55926644,,,,,,,,,,,,,,,,,,,,,,,,,,,,,,,,,,,,,,,,,,,,,,,,
2020,52,20,49.09148651,,,,,,,,,,,,,,,,,,,,,,,,,,,,,,,,,,,,,,,,,,,,,,,,
2020,53,14,38.56404056,,,,,,,,,,,,,,,,,,,,,,,,,,,,,,,,,,,,,,,,,,,,,,,,
2021,1,18,32.39482839,,,,,,,,,,,,,,,,,,,,,,,,,,,,,,,,,,,,,,,,,,,,,,,,
2021,2,20,28.67637987,,,,,,,,,,,,,,,,,,,,,,,,,,,,,,,,,,,,,,,,,,,,,,,,
2021,3,13,23.97346591,,,,,,,,,,,,,,,,,,,,,,,,,,,,,,,,,,,,,,,,,,,,,,,,
2021,4,18,22.18142614,,,,,,,,,,,,,,,,,,,,,,,,,,,,,,,,,,,,,,,,,,,,,,,,
2021,5,21,21.8269983,,,,,,,,,,,,,,,,,,,,,,,,,,,,,,,,,,,,,,,,,,,,,,,,
2021,6,35,25.77889881,,,,,,,,,,,,,,,,,,,,,,,,,,,,,,,,,,,,,,,,,,,,,,,,
2021,7,23,24.94522917,,,,,,,,,,,,,,,,,,,,,,,,,,,,,,,,,,,,,,,,,,,,,,,,
2021,8,22,24.06166042,,,,,,,,,,,,,,,,,,,,,,,,,,,,,,,,,,,,,,,,,,,,,,,,
2021,9,20,22.84316229,,,,,,,,,,,,,,,,,,,,,,,,,,,,,,,,,,,,,,,,,,,,,,,,
2021,10,23,22.8902136,,,,,,,,,,,,,,,,,,,,,,,,,,,,,,,,,,,,,,,,,,,,,,,,
2021,11,11,19.32314952,,,,,,,,,,,,,,,,,,,,,,,,,,,,,,,,,,,,,,,,,,,,,,,,
2021,12,19,19.22620467,,,,,,,,,,,,,,,,,,,,,,,,,,,,,,,,,,,,,,,,,,,,,,,,
2021,13,17,18.55834327,,,,,,,,,,,,,,,,,,,,,,,,,,,,,,,,,,,,,,,,,,,,,,,,
2021,14,18,18.39084029,,,,,,,,,,,,,,,,,,,,,,,,,,,,,,,,,,,,,,,,,,,,,,,,
2021,15,22,19.4735882,,,,,,,,,,,,,,,,,,,,,,,,,,,,,,,,,,,,,,,,,,,,,,,,
2021,16,16,18.43151174,,,,,,,,,,,,,,,,,,,,,,,,,,,,,,,,,,,,,,,,,,,,,,,,
2021,17,22,19.50205822,,,,,,,,,,,,,,,,,,,,,,,,,,,,,,,,,,,,,,,,,,,,,,,,
2021,18,16,18.45144075,,,,,,,,,,,,,,,,,,,,,,,,,,,,,,,,,,,,,,,,,,,,,,,,
2021,19,22,19.51600853,,,,,,,,,,,,,,,,,,,,,,,,,,,,,,,,,,,,,,,,,,,,,,,,
2021,20,13,17.56120597,,,,,,,,,,,,,,,,,,,,,,,,,,,,,,,,,,,,,,,,,,,,,,,,
2021,21,20,18.29284418,,,,,,,,,,,,,,,,,,,,,,,,,,,,,,,,,,,,,,,,,,,,,,,,
2021,22,16,17.60499092,,,,,,,,,,,,,,,,,,,,,,,,,,,,,,,,,,,,,,,,,,,,,,,,
2021,23,18,17.72349365,,,,,,,,,,,,,,,,,,,,,,,,,,,,,,,,,,,,,,,,,,,,,,,,
2021,24,24,19.60644555,,,,,,,,,,,,,,,,,,,,,,,,,,,,,,,,,,,,,,,,,,,,,,,,
2021,25,21,20.02451189,,,,,,,,,,,,,,,,,,,,,,,,,,,,,,,,,,,,,,,,,,,,,,,,
2021,26,15,18.51715832,,,,,,,,,,,,,,,,,,,,,,,,,,,,,,,,,,,,,,,,,,,,,,,,
2021,27,14,17.16201082,,,,,,,,,,,,,,,,,,,,,,,,,,,,,,,,,,,,,,,,,,,,,,,,
2021,28,10,15.01340758,,,,,,,,,,,,,,,,,,,,,,,,,,,,,,,,,,,,,,,,,,,,,,,,
2021,29,13,14.4093853,,,,,,,,,,,,,,,,,,,,,,,,,,,,,,,,,,,,,,,,,,,,,,,,
2021,30,10,13.08656971,,,,,,,,,,,,,,,,,,,,,,,,,,,,,,,,,,,,,,,,,,,,,,,,
2021,31,18,14.5605988,,,,,,,,,,,,,,,,,,,,,,,,,,,,,,,,,,,,,,,,,,,,,,,,
2021,32,15,14.69241916,,,,,,,,,,,,,,,,,,,,,,,,,,,,,,,,,,,,,,,,,,,,,,,,
2021,33,14,14.48469341,,,,,,,,,,,,,,,,,,,,,,,,,,,,,,,,,,,,,,,,,,,,,,,,
2021,34,25,17.63928539,,,,,,,,,,,,,,,,,,,,,,,,,,,,,,,,,,,,,,,,,,,,,,,,
2021,35,35,22.84749977,,,,,,,,,,,,,,,,,,,,,,,,,,,,,,,,,,,,,,,,,,,,,,,,
2021,36,28,24.39324984,,,,,,,,,,,,,,,,,,,,,,,,,,,,,,,,,,,,,,,,,,,,,,,,
2021,37,103,47.97527489,,,,,,,,,,,,,,,,,,,,,,,,,,,,,,,,,,,,,,,,,,,,,,,,
2021,38,77,56.68269242,,,,,,,,,,,,,,,,,,,,,,,,,,,,,,,,,,,,,,,,,,,,,,,,
2021,39,72,61.2778847,,,,,,,,,,,,,,,,,,,,,,,,,,,,,,,,,,,,,,,,,,,,,,,,
2021,40,93,70.79451929,,,,,,,,,,,,,,,,,,,,,,,,,,,,,,,,,,,,,,,,,,,,,,,,
2021,41,100,79.5561635,,,,,,,,,,,,,,,,,,,,,,,,,,,,,,,,,,,,,,,,,,,,,,,,
2021,42,67,75.78931445,,,,,,,,,,,,,,,,,,,,,,,,,,,,,,,,,,,,,,,,,,,,,,,,
2021,43,75,75.55252012,,,,,,,,,,,,,,,,,,,,,,,,,,,,,,,,,,,,,,,,,,,,,,,,
2021,44,101,83.18676408,,,,,,,,,,,,,,,,,,,,,,,,,,,,,,,,,,,,,,,,,,,,,,,,
2021,45,105,89.73073486,,,,,,,,,,,,,,,,,,,,,,,,,,,,,,,,,,,,,,,,,,,,,,,,
2021,46,90,89.8115144,,,,,,,,,,,,,,,,,,,,,,,,,,,,,,,,,,,,,,,,,,,,,,,,
2021,47,86,88.66806008,,,,,,,,,,,,,,,,,,,,,,,,,,,,,,,,,,,,,,,,,,,,,,,,
2021,48,143,104.9676421,,,,,,,,,,,,,,,,,,,,,,,,,,,,,,,,,,,,,,,,,,,,,,,,
2021,49,235,143.9773494,,,,,,,,,,,,,,,,,,,,,,,,,,,,,,,,,,,,,,,,,,,,,,,,
2021,50,236,171.5841446,,,,,,,,,,,,,,,,,,,,,,,,,,,,,,,,,,,,,,,,,,,,,,,,
2021,51,152,165.7089012,,,,,,,,,,,,,,,,,,,,,,,,,,,,,,,,,,,,,,,,,,,,,,,,
2021,52,150,160.9962309,,,,,,,,,,,,,,,,,,,,,,,,,,,,,,,,,,,,,,,,,,,,,,,,
2022,1,210,175.6973616,,,,,,,,,,,,,,,,,,,,,,,,,,,,,,,,,,,,,,,,,,,,,,,,
2022,2,167,173.0881531,,,,,,,,,,,,,,,,,,,,,,,,,,,,,,,,,,,,,,,,,,,,,,,,
2022,3,87,147.2617072,,,,,,,,,,,,,,,,,,,,,,,,,,,,,,,,,,,,,,,,,,,,,,,,
2022,4,107,135.183195,,,,,,,,,,,,,,,,,,,,,,,,,,,,,,,,,,,,,,,,,,,,,,,,
2022,5,111,127.9282365,,,,,,,,,,,,,,,,,,,,,,,,,,,,,,,,,,,,,,,,,,,,,,,,
2022,6,119,125.2497656,,,,,,,,,,,,,,,,,,,,,,,,,,,,,,,,,,,,,,,,,,,,,,,,
2022,7,82,112.2748359,,,,,,,,,,,,,,,,,,,,,,,,,,,,,,,,,,,,,,,,,,,,,,,,
2022,8,86,104.3923851,,,,,,,,,,,,,,,,,,,,,,,,,,,,,,,,,,,,,,,,,,,,,,,,
2022,9,111,106.3746696,,,,,,,,,,,,,,,,,,,,,,,,,,,,,,,,,,,,,,,,,,,,,,,,
2022,10,88,100.8622687,,,,,,,,,,,,,,,,,,,,,,,,,,,,,,,,,,,,,,,,,,,,,,,,
2022,11,108,103.0035881,,,,,,,,,,,,,,,,,,,,,,,,,,,,,,,,,,,,,,,,,,,,,,,,
2022,12,89,98.80251167,,,,,,,,,,,,,,,,,,,,,,,,,,,,,,,,,,,,,,,,,,,,,,,,
2022,13,82,93.76175817,,,,,,,,,,,,,,,,,,,,,,,,,,,,,,,,,,,,,,,,,,,,,,,,
2022,14,82,90.23323072,,,,,,,,,,,,,,,,,,,,,,,,,,,,,,,,,,,,,,,,,,,,,,,,
2022,15,77,86.2632615,,,,,,,,,,,,,,,,,,,,,,,,,,,,,,,,,,,,,,,,,,,,,,,,
2022,16,75,82.88428305,,,,,,,,,,,,,,,,,,,,,,,,,,,,,,,,,,,,,,,,,,,,,,,,
2022,17,67,78.11899814,,,,,,,,,,,,,,,,,,,,,,,,,,,,,,,,,,,,,,,,,,,,,,,,
2022,18,63,73.5832987,,,,,,,,,,,,,,,,,,,,,,,,,,,,,,,,,,,,,,,,,,,,,,,,
2022,19,55,68.00830909,,,,,,,,,,,,,,,,,,,,,,,,,,,,,,,,,,,,,,,,,,,,,,,,
2022,20,46,61.40581636,,,,,,,,,,,,,,,,,,,,,,,,,,,,,,,,,,,,,,,,,,,,,,,,
2022,21,37,54.08407145,,,,,,,,,,,,,,,,,,,,,,,,,,,,,,,,,,,,,,,,,,,,,,,,
2022,22,27,45.95885002,,,,,,,,,,,,,,,,,,,,,,,,,,,,,,,,,,,,,,,,,,,,,,,,
2022,23,37,43.27119501,,,,,,,,,,,,,,,,,,,,,,,,,,,,,,,,,,,,,,,,,,,,,,,,
2022,24,37,41.38983651,,,,,,,,,,,,,,,,,,,,,,,,,,,,,,,,,,,,,,,,,,,,,,,,
2022,25,34,39.17288556,,,,,,,,,,,,,,,,,,,,,,,,,,,,,,,,,,,,,,,,,,,,,,,,
2022,26,28,35.82101989,,,,,,,,,,,,,,,,,,,,,,,,,,,,,,,,,,,,,,,,,,,,,,,,
2022,27,30,34.07471392,,,,,,,,,,,,,,,,,,,,,,,,,,,,,,,,,,,,,,,,,,,,,,,,
2022,28,25,31.35229975,,,,,,,,,,,,,,,,,,,,,,,,,,,,,,,,,,,,,,,,,,,,,,,,
2022,29,30,30.94660982,,,,,,,,,,,,,,,,,,,,,,,,,,,,,,,,,,,,,,,,,,,,,,,,
2022,30,29,30.36262688,,,,,,,,,,,,,,,,,,,,,,,,,,,,,,,,,,,,,,,,,,,,,,,,
2022,31,31,30.55383881,,,,,,,,,,,,,,,,,,,,,,,,,,,,,,,,,,,,,,,,,,,,,,,,
2022,32,30,30.38768717,,,,,,,,,,,,,,,,,,,,,,,,,,,,,,,,,,,,,,,,,,,,,,,,
2022,33,27,29.37138102,,,,,,,,,,,,,,,,,,,,,,,,,,,,,,,,,,,,,,,,,,,,,,,,
2022,34,22,27.15996671,,,,,,,,,,,,,,,,,,,,,,,,,,,,,,,,,,,,,,,,,,,,,,,,
2022,35,45,32.5119767,,,,,,,,,,,,,,,,,,,,,,,,,,,,,,,,,,,,,,,,,,,,,,,,
2022,36,31,32.05838369,,,,,,,,,,,,,,,,,,,,,,,,,,,,,,,,,,,,,,,,,,,,,,,,
2022,37,36,33.24086858,,,,,,,,,,,,,,,,,,,,,,,,,,,,,,,,,,,,,,,,,,,,,,,,
2022,38,24,30.46860801,,,,,,,,,,,,,,,,,,,,,,,,,,,,,,,,,,,,,,,,,,,,,,,,
2022,39,28,29.72802561,,,,,,,,,,,,,,,,,,,,,,,,,,,,,,,,,,,,,,,,,,,,,,,,
2022,40,58,38.20961792,,,,,,,,,,,,,,,,,,,,,,,,,,,,,,,,,,,,,,,,,,,,,,,,
2022,41,57,43.84673255,,,,,,,,,,,,,,,,,,,,,,,,,,,,,,,,,,,,,,,,,,,,,,,,
2022,42,54,46.89271278,,,,,,,,,,,,,,,,,,,,,,,,,,,,,,,,,,,,,,,,,,,,,,,,
2022,43,97,61.92489895,,,,,,,,,,,,,,,,,,,,,,,,,,,,,,,,,,,,,,,,,,,,,,,,
2022,44,128,81.74742926,,,,,,,,,,,,,,,,,,,,,,,,,,,,,,,,,,,,,,,,,,,,,,,,
2022,45,136,98.02320048,,,,,,,,,,,,,,,,,,,,,,,,,,,,,,,,,,,,,,,,,,,,,,,,
2022,46,175,121.1162403,,,,,,,,,,,,,,,,,,,,,,,,,,,,,,,,,,,,,,,,,,,,,,,,
2022,47,185,140.2813682,,,,,,,,,,,,,,,,,,,,,,,,,,,,,,,,,,,,,,,,,,,,,,,,
2022,48,271,179.4969578,,,,,,,,,,,,,,,,,,,,,,,,,,,,,,,,,,,,,,,,,,,,,,,,
2022,49,256,202.4478704,,,,,,,,,,,,,,,,,,,,,,,,,,,,,,,,,,,,,,,,,,,,,,,,
2022,50,339,243.4135093,,,,,,,,,,,,,,,,,,,,,,,,,,,,,,,,,,,,,,,,,,,,,,,,
2022,51,274,252.5894565,,,,,,,,,,,,,,,,,,,,,,,,,,,,,,,,,,,,,,,,,,,,,,,,
2022,52,137,217.9126196,,,,,,,,,,,,,,,,,,,,,,,,,,,,,,,,,,,,,,,,,,,,,,,,
2023,1,120,188.5388337,,,,,,,,,,,,,,,,,,,,,,,,,,,,,,,,,,,,,,,,,,,,,,,,
2023,2,93,159.8771836,,,,,,,,,,,,,,,,,,,,,,,,,,,,,,,,,,,,,,,,,,,,,,,,
2023,3,75,134.4140285,,,,,,,,,,,,,,,,,,,,,,,,,,,,,,,,,,,,,,,,,,,,,,,,
2023,4,83,118.98982,,,,,,,,,,,,,,,,,,,,,,,,,,,,,,,,,,,,,,,,,,,,,,,,
2023,5,72,104.892874,,,,,,,,,,,,,,,,,,,,,,,,,,,,,,,,,,,,,,,,,,,,,,,,
2023,6,74,95.62501178,,,,,,,,,,,,,,,,,,,,,,,,,,,,,,,,,,,,,,,,,,,,,,,,
2023,7,76,89.73750825,,,,,,,,,,,,,,,,,,,,,,,,,,,,,,,,,,,,,,,,,,,,,,,,
2023,8,50,77.81625577,,,,,,,,,,,,,,,,,,,,,,,,,,,,,,,,,,,,,,,,,,,,,,,,
2023,9,72,76.07137904,,,,,,,,,,,,,,,,,,,,,,,,,,,,,,,,,,,,,,,,,,,,,,,,
2023,10,68,73.64996533,,,,,,,,,,,,,,,,,,,,,,,,,,,,,,,,,,,,,,,,,,,,,,,,
2023,11,52,67.15497573,,,,,,,,,,,,,,,,,,,,,,,,,,,,,,,,,,,,,,,,,,,,,,,,
2023,12,60,65.00848301,,,,,,,,,,,,,,,,,,,,,,,,,,,,,,,,,,,,,,,,,,,,,,,,
2023,13,60,63.50593811,,,,,,,,,,,,,,,,,,,,,,,,,,,,,,,,,,,,,,,,,,,,,,,,
2023,14,42,57.05415668,,,,,,,,,,,,,,,,,,,,,,,,,,,,,,,,,,,,,,,,,,,,,,,,
2023,15,67,60.03790967,,,,,,,,,,,,,,,,,,,,,,,,,,,,,,,,,,,,,,,,,,,,,,,,
2023,16,48,56.42653677,,,,,,,,,,,,,,,,,,,,,,,,,,,,,,,,,,,,,,,,,,,,,,,,
2023,17,36,50.29857574,,,,,,,,,,,,,,,,,,,,,,,,,,,,,,,,,,,,,,,,,,,,,,,,
2023,18,35,45.70900302,,,,,,,,,,,,,,,,,,,,,,,,,,,,,,,,,,,,,,,,,,,,,,,,
2023,19,27,40.09630211,,,,,,,,,,,,,,,,,,,,,,,,,,,,,,,,,,,,,,,,,,,,,,,,
2023,20,28,36.46741148,,,,,,,,,,,,,,,,,,,,,,,,,,,,,,,,,,,,,,,,,,,,,,,,
2023,21,29,34.22718804,,,,,,,,,,,,,,,,,,,,,,,,,,,,,,,,,,,,,,,,,,,,,,,,
2023,22,28,32.35903162,,,,,,,,,,,,,,,,,,,,,,,,,,,,,,,,,,,,,,,,,,,,,,,,
2023,23,27,30.75132214,,,,,,,,,,,,,,,,,,,,,,,,,,,,,,,,,,,,,,,,,,,,,,,,
2023,24,16,26.3259255,,,,,,,,,,,,,,,,,,,,,,,,,,,,,,,,,,,,,,,,,,,,,,,,
2023,25,14,22.62814785,,,,,,,,,,,,,,,,,,,,,,,,,,,,,,,,,,,,,,,,,,,,,,,,
2023,26,11,19.13970349,,,,,,,,,,,,,,,,,,,,,,,,,,,,,,,,,,,,,,,,,,,,,,,,
2023,27,10,16.39779245,,,,,,,,,,,,,,,,,,,,,,,,,,,,,,,,,,,,,,,,,,,,,,,,
2023,28,18,16.87845471,,,,,,,,,,,,,,,,,,,,,,,,,,,,,,,,,,,,,,,,,,,,,,,,
2023,29,21,18.1149183,,,,,,,,,,,,,,,,,,,,,,,,,,,,,,,,,,,,,,,,,,,,,,,,
2023,30,21,18.98044281,,,,,,,,,,,,,,,,,,,,,,,,,,,,,,,,,,,,,,,,,,,,,,,,
2023,31,29,21.98630997,,,,,,,,,,,,,,,,,,,,,,,,,,,,,,,,,,,,,,,,,,,,,,,,
2023,32,29,24.09041698,,,,,,,,,,,,,,,,,,,,,,,,,,,,,,,,,,,,,,,,,,,,,,,,
2023,33,31,26.16329188,,,,,,,,,,,,,,,,,,,,,,,,,,,,,,,,,,,,,,,,,,,,,,,,
2023,34,38,29.71430432,,,,,,,,,,,,,,,,,,,,,,,,,,,,,,,,,,,,,,,,,,,,,,,,
2023,35,37,31.90001302,,,,,,,,,,,,,,,,,,,,,,,,,,,,,,,,,,,,,,,,,,,,,,,,
2023,36,50,37.33000912,,,,,,,,,,,,,,,,,,,,,,,,,,,,,,,,,,,,,,,,,,,,,,,,
2023,37,29,34.83100638,,,,,,,,,,,,,,,,,,,,,,,,,,,,,,,,,,,,,,,,,,,,,,,,
2023,38,50,39.38170447,,,,,,,,,,,,,,,,,,,,,,,,,,,,,,,,,,,,,,,,,,,,,,,,
2023,39,36,38.36719313,,,,,,,,,,,,,,,,,,,,,,,,,,,,,,,,,,,,,,,,,,,,,,,,
2023,40,36,37.65703519,,,,,,,,,,,,,,,,,,,,,,,,,,,,,,,,,,,,,,,,,,,,,,,,
2023,41,73,48.25992463,,,,,,,,,,,,,,,,,,,,,,,,,,,,,,,,,,,,,,,,,,,,,,,,
2023,42,61,52.08194724,,,,,,,,,,,,,,,,,,,,,,,,,,,,,,,,,,,,,,,,,,,,,,,,
2023,43,50,51.45736307,,,,,,,,,,,,,,,,,,,,,,,,,,,,,,,,,,,,,,,,,,,,,,,,
2023,44,64,55.22015415,,,,,,,,,,,,,,,,,,,,,,,,,,,,,,,,,,,,,,,,,,,,,,,,
2023,45,78,62.0541079,,,,,,,,,,,,,,,,,,,,,,,,,,,,,,,,,,,,,,,,,,,,,,,,
2023,46,146,87.23787553,,,,,,,,,,,,,,,,,,,,,,,,,,,,,,,,,,,,,,,,,,,,,,,,
2023,47,96,89.86651287,,,,,,,,,,,,,,,,,,,,,,,,,,,,,,,,,,,,,,,,,,,,,,,,
2023,48,136,103.706559,,,,,,,,,,,,,,,,,,,,,,,,,,,,,,,,,,,,,,,,,,,,,,,,
2023,49,130,111.5945913,,,,,,,,,,,,,,,,,,,,,,,,,,,,,,,,,,,,,,,,,,,,,,,,
2023,50,163,127.0162139,,,,,,,,,,,,,,,,,,,,,,,,,,,,,,,,,,,,,,,,,,,,,,,,
2023,51,133,128.8113497,,,,,,,,,,,,,,,,,,,,,,,,,,,,,,,,,,,,,,,,,,,,,,,,
2023,52,78,113.5679448,,,,,,,,,,,,,,,,,,,,,,,,,,,,,,,,,,,,,,,,,,,,,,,,
2024,1,113,113.3975614,,,,,,,,,,,,,,,,,,,,,,,,,,,,,,,,,,,,,,,,,,,,,,,,
2024,2,79,103.078293,,,,,,,,,,,,,,,,,,,,,,,,,,,,,,,,,,,,,,,,,,,,,,,,
2024,3,87,98.25480507,,,,,,,,,,,,,,,,,,,,,,,,,,,,,,,,,,,,,,,,,,,,,,,,
2024,4,132,108.3783636,,,,,,,,,,,,,,,,,,,,,,,,,,,,,,,,,,,,,,,,,,,,,,,,
2024,5,198,135.2648545,,,,,,,,,,,,,,,,,,,,,,,,,,,,,,,,,,,,,,,,,,,,,,,,
2024,6,181,148.9853981,,,,,,,,,,,,,,,,,,,,,,,,,,,,,,,,,,,,,,,,,,,,,,,,
2024,7,194,162.4897787,,,,,,,,,,,,,,,,,,,,,,,,,,,,,,,,,,,,,,,,,,,,,,,,
2024,8,246,187.5428451,,,,,,,,,,,,,,,,,,,,,,,,,,,,,,,,,,,,,,,,,,,,,,,,
2024,9,183,186.1799916,,,,,,,,,,,,,,,,,,,,,,,,,,,,,,,,,,,,,,,,,,,,,,,,
2024,10,188,186.7259941,,,,,,,,,,,,,,,,,,,,,,,,,,,,,,,,,,,,,,,,,,,,,,,,
2024,11,152,176.3081959,,,,,,,,,,,,,,,,,,,,,,,,,,,,,,,,,,,,,,,,,,,,,,,,
2024,12,141,165.7157371,,,,,,,,,,,,,,,,,,,,,,,,,,,,,,,,,,,,,,,,,,,,,,,,
2024,13,126,153.801016,,,,,,,,,,,,,,,,,,,,,,,,,,,,,,,,,,,,,,,,,,,,,,,,
2024,14,114,141.8607112,,,,,,,,,,,,,,,,,,,,,,,,,,,,,,,,,,,,,,,,,,,,,,,,
2024,15,80,123.3024978,,,,,,,,,,,,,,,,,,,,,,,,,,,,,,,,,,,,,,,,,,,,,,,,
2024,16,81,110.6117485,,,,,,,,,,,,,,,,,,,,,,,,,,,,,,,,,,,,,,,,,,,,,,,,
2024,17,59,95.12822394,,,,,,,,,,,,,,,,,,,,,,,,,,,,,,,,,,,,,,,,,,,,,,,,
2024,18,46,80.38975675,,,,,,,,,,,,,,,,,,,,,,,,,,,,,,,,,,,,,,,,,,,,,,,,
2024,19,36,67.07282973,,,,,,,,,,,,,,,,,,,,,,,,,,,,,,,,,,,,,,,,,,,,,,,,
2024,20,52,62.55098081,,,,,,,,,,,,,,,,,,,,,,,,,,,,,,,,,,,,,,,,,,,,,,,,
2024,21,31,53.08568657,,,,,,,,,,,,,,,,,,,,,,,,,,,,,,,,,,,,,,,,,,,,,,,,
2024,22,23,44.0599806,,,,,,,,,,,,,,,,,,,,,,,,,,,,,,,,,,,,,,,,,,,,,,,,
2024,23,35,41.34198642,,,,,,,,,,,,,,,,,,,,,,,,,,,,,,,,,,,,,,,,,,,,,,,,
2024,24,17,34.03939049,,,,,,,,,,,,,,,,,,,,,,,,,,,,,,,,,,,,,,,,,,,,,,,,
2024,25,16,28.62757334,,,,,,,,,,,,,,,,,,,,,,,,,,,,,,,,,,,,,,,,,,,,,,,,
2024,26,12,23.63930134,,,,,,,,,,,,,,,,,,,,,,,,,,,,,,,,,,,,,,,,,,,,,,,,
2024,27,18,21.94751094,,,,,,,,,,,,,,,,,,,,,,,,,,,,,,,,,,,,,,,,,,,,,,,,
2024,28,19,21.06325766,,,,,,,,,,,,,,,,,,,,,,,,,,,,,,,,,,,,,,,,,,,,,,,,
2024,29,16,19.54428036,,,,,,,,,,,,,,,,,,,,,,,,,,,,,,,,,,,,,,,,,,,,,,,,
2024,30,12,17.28099625,,,,,,,,,,,,,,,,,,,,,,,,,,,,,,,,,,,,,,,,,,,,,,,,
2024,31,22,18.69669738,,,,,,,,,,,,,,,,,,,,,,,,,,,,,,,,,,,,,,,,,,,,,,,,
2024,32,31,22.38768816,,,,,,,,,,,,,,,,,,,,,,,,,,,,,,,,,,,,,,,,,,,,,,,,
2024,33,25,23.17138171,,,,,,,,,,,,,,,,,,,,,,,,,,,,,,,,,,,,,,,,,,,,,,,,
2024,34,25,23.7199672,,,,,,,,,,,,,,,,,,,,,,,,,,,,,,,,,,,,,,,,,,,,,,,,
2024,35,34,26.80397704,,,,,,,,,,,,,,,,,,,,,,,,,,,,,,,,,,,,,,,,,,,,,,,,
2024,36,26,26.56278393,,,,,,,,,,,,,,,,,,,,,,,,,,,,,,,,,,,,,,,,,,,,,,,,
2024,37,24,25.79394875,,,,,,,,,,,,,,,,,,,,,,,,,,,,,,,,,,,,,,,,,,,,,,,,
2024,38,24,25.25576412,,,,,,,,,,,,,,,,,,,,,,,,,,,,,,,,,,,,,,,,,,,,,,,,
2024,39,18,23.07903489,,,,,,,,,,,,,,,,,,,,,,,,,,,,,,,,,,,,,,,,,,,,,,,,
