YEAR,WEEK,iowaILI,iowaEMA,iowaPRED,iowaBETA,illinoisILI,illinoisEMA,illinoisPRED,illinoisBETA,wyomingILI,wyomingEMA,wyomingPRED,wyomingBETA,INILI,INEMA,INPRED,INBETA
2013,40,62,29.77111239,30,1.5159847,859,612.5532052,585.2883,1.1274722,23,9.547168928,7.925707,1.3034753,90,57.59,58,1.2478495
2013,41,71,42.13977867,39.158234,1.4927813,932,708.3872436,648.2278,1.1346847,33,16.58301825,9.925095,1.2997198,88,66.713,66.9776,1.2078192
2013,42,77,52.59784507,58.032433,1.3021876,937,776.9710706,719.83496,1.1363554,16,16.40811277,12.355061,1.2911283,94,74.8991,78.820404,1.1003802
2013,43,83,61.71849155,67.04948,1.1319735,1036,854.6797494,798.0005,1.1330576,23,18.38567894,15.26416,1.2791853,102,83.02937,81.33145,1.0418329
2013,44,106,75.00294408,69.399536,1.046771,1072,919.8758246,880.24365,1.1259135,29,21.56997526,18.67685,1.2649367,98,87.520559,82.467224,1.0418512
2013,45,97,81.60206086,69.77777,1.0267361,1069,964.6130772,963.8828,1.1161054,33,24.99898268,22.58271,1.2491025,113,95.1643913,85.76526,1.070301
2013,46,69,77.8214426,70.93649,1.0389261,1060,993.229154,1047.0562,1.1046624,19,23.19928788,26.99395,1.2321705,111,99.91507391,92.09332,1.1031268
2013,47,72,76.07500982,73.787506,1.0610628,1095,1023.760408,1126.5186,1.0923941,40,28.23950151,31.85405,1.21447,98,99.34055174,101.29083,1.1287489
2013,48,50,68.25250687,78.29837,1.0818377,1012,1020.232285,1199.8203,1.0798979,21,26.06765106,37.07245,1.1962234,97,98.63838622,112.96307,1.1436316
2013,49,82,72.37675481,84.214966,1.0966928,1371,1125.4626,1266.0635,1.0675901,39,29.94735574,42.5858,1.1775832,117,104.1468704,126.64935,1.1480858
2013,50,88,77.06372837,91.23511,1.1045148,1337,1188.92382,1323.8877,1.0557468,34,31.16314902,48.22725,1.1586574,147,117.0028092,141.79248,1.1438564
2013,51,131,93.24460986,99.06183,1.105736,1627,1320.346674,1371.5186,1.0445389,54,38.01420431,53.818024,1.1395245,235,152.4019665,157.54736,1.1329756
2013,52,104,96.4712269,107.37305,1.1013678,1920,1500.242672,1408.9443,1.0340604,71,47.90994302,59.227753,1.1202437,305,198.1813765,173.05566,1.1172944
2014,1,139,109.2298588,115.64093,1.0925493,1995,1648.66987,1436.916,1.0243522,103,64.43696011,64.216675,1.1008626,223,205.6269636,187.57617,1.0983362
2014,2,174,128.6609012,123.2959,1.0803506,1716,1668.868909,1454.7324,1.0154191,116,79.90587208,68.57001,1.0814209,208,206.3388745,199.99512,1.077294
2014,3,214,154.2626308,130.1997,1.0657005,1712,1681.808236,1462.5664,1.0072423,145,99.43411046,72.16992,1.0619524,263,223.3372121,209.64563,1.0550702
2014,4,186,163.7838416,135.71558,1.0493729,1538,1638.665765,1462.0488,0.9997872,123,106.5038773,74.81415,1.0424858,274,238.5360485,215.98657,1.0323362
2014,5,161,162.9486891,139.56421,1.0319927,1240,1519.066036,1453.9707,0.99301106,106,106.3527141,76.349304,1.0230485,240,238.975234,218.47314,1.0095818
2014,6,141,156.3640824,141.58276,1.014057,1120,1399.346225,1438.0332,0.9868671,78,97.84689989,76.77014,1.0036637,198,226.6826638,217.06592,0.98715806
2014,7,133,149.3548577,141.56335,0.99595124,1146,1323.342358,1415.8496,0.98130643,64,87.69282992,76.02997,0.98435265,156,205.4778646,211.99658,0.9653125
2014,8,114,138.7484004,139.47766,0.9779718,1182,1280.93965,1388.9863,0.9762807,80,85.38498094,74.119995,0.965135,152,189.4345052,203.51196,0.9442147
2014,9,102,127.7238803,135.54773,0.9603397,1186,1252.457755,1357.2734,0.97174364,53,75.66948666,71.15979,0.9460284,152,178.2041537,192.09302,0.9239758
2014,10,80,113.4067162,129.92505,0.9432164,1033,1186.620429,1321.4336,0.9676511,51,68.26864066,67.30017,0.9270493,116,159.5429076,178.4978,0.90466344
2014,11,80,103.3847013,122.83179,0.9267151,1101,1160.9343,1283.0527,0.9639621,31,57.08804846,62.674194,0.90821165,95,140.1800353,163.39673,0.88631386
2014,12,76,95.16929093,114.62207,0.9109115,975,1105.15401,1242.7246,0.960638,15,44.46163392,57.45703,0.8895287,117,133.2260247,147.41211,0.86893904
2014,13,57,83.71850365,105.67944,0.89585143,1126,1111.407807,1200.1133,0.957644,9,33.82314375,51.88379,0.8710122,77,116.3582173,131.14062,0.85253245
2014,14,54,74.80295255,96.29126,0.88155675,1158,1125.385465,1156.3867,0.95494807,8,26.07620062,46.152344,0.85267293,78,104.8507521,115.15869,0.83707696
2014,15,70,73.36206679,86.73291,0.868032,1181,1142.069825,1112.5781,0.9525213,6,20.05334044,40.43213,0.8345199,49,88.09552648,99.91528,0.8225445
2014,16,62,69.95344675,77.28369,0.85526896,1006,1101.248878,1068.25,0.9503364,8,16.43733831,34.880493,0.8165621,50,76.66686853,85.69556,0.8089014
2014,17,66,68.76741273,68.19629,0.84324783,1093,1098.774214,1023.6875,0.9483697,12,15.10613681,29.637451,0.79880655,50,68.66680797,72.69336,0.7961102
2014,18,55,64.63718891,59.61499,0.83194274,956,1055.94195,979.8086,0.9465992,7,12.67429577,24.813232,0.7812603,63,66.96676558,61.020508,0.7841301
2014,19,41,57.54603224,51.641357,0.821323,1055,1055.659365,936.8867,0.94500566,4,10.07200704,20.467041,0.763929,49,61.57673591,50.73535,0.7729198
2014,20,39,51.98222257,44.345215,0.8113535,808,981.3615556,894.33594,0.94357115,4,8.250404927,16.632446,0.74681765,82,67.70371513,41.81543,0.7624368
2014,21,40,48.3875558,37.787598,0.8019989,794,925.1530889,852.7539,0.94227964,11,9.075283449,13.317017,0.72993124,30,56.39260059,34.174805,0.7526396
2014,22,48,48.27128906,48,0.9470833,757,874.7071622,812.6953,0.9411169,2,6.952698414,8.481747,0.81394935,19,45.17482042,45,0.73113465
2014,23,42,46.38990234,44.500572,1.0639036,761,840.5950136,773.7617,0.9400697,4,6.06688889,6.7826157,0.7433506,23,38.52237429,34.266083,0.916402
2014,24,41,44.77293164,49.32209,1.0294038,678,791.8165095,735.83203,0.93912685,5,5.746822223,5.281147,0.73169076,22,33.565662,34.990692,0.9555057
2014,25,50,46.34105215,48.757004,0.9419015,660,752.2715566,699.39453,0.93827766,5,5.522775556,4.247776,0.7623786,17,28.5959634,33.84825,0.90368235
2014,26,31,41.7387365,44.359695,0.88007444,461,664.8900897,664.6094,0.9375126,4,5.065942889,3.6168365,0.81603515,29,28.71717438,30.180008,0.8393737
2014,27,34,39.41711555,39.09961,0.8621941,347,569.5230628,630.9258,0.9368234,3,4.446160022,3.261074,0.87859046,12,23.70202207,25.51352,0.80243284
2014,28,41,39.89198089,34.89087,0.87742954,392,516.2661439,598.54297,0.93620247,2,3.712312016,3.1008606,0.94159126,19,22.29141545,21.350296,0.80005395
2014,29,36,38.72438662,32.145752,0.9107119,351,466.6863008,567.78125,0.93564314,2,3.198618411,3.0845528,1.0005505,5,17.10399081,18.269348,0.8252544
2014,30,37,38.20707063,30.697052,0.9509022,343,429.5804105,538.4219,0.9351385,3,3.139032888,3.196457,1.0533916,8,14.37279357,16.263474,0.86805123
2014,31,34,36.94494944,30.322632,0.99133795,331,400.0062874,510.15625,0.93468386,8,4.597323021,3.4282608,1.0993891,23,16.9609555,15.139618,0.9198296
2014,32,34,36.06146461,30.864075,1.0285158,338,381.4044012,483.2461,0.93427414,8,5.618126115,3.7884216,1.1385299,24,19.07266885,14.734314,0.97433037
2014,33,0,25.24302523,32.224915,1.0608327,351,372.2830808,457.82422,0.9339044,2,4.53268828,4.2908707,1.1711522,19,19.05086819,14.947784,1.0274113
2014,34,40,29.67011766,34.32669,1.0877419,410,383.5981566,433.4922,0.93357104,4,4.372881796,4.957283,1.1977496,23,20.23560774,15.744354,1.0765221
2014,35,57,37.86908236,37.230804,1.1092501,362,377.1187096,438.94727,1.0568334,1,3.361017257,5.8216324,1.218866,23,21.06492542,17.154114,1.1202178
2014,36,0,26.50835765,40.897278,1.1256406,559,431.6830967,463.80542,1.0823361,7,4.45271208,6.9253235,1.2350459,29,23.44544779,19.21344,1.1577928
2014,37,68,38.95585036,45.329346,1.1373186,984,597.3781677,501.1162,1.1088248,17,8.216898456,8.31208,1.2468069,32,26.01181345,22.048584,1.1890216
2014,38,87,53.36909525,50.57959,1.144732,966,707.9647174,551.87866,1.1309775,17,10.85182892,10.037674,1.2546312,34,28.40826942,25.79654,1.213981
2014,39,60,55.35836667,56.62372,1.1483297,801,735.8753022,615.813,1.1465753,15,12.09628024,12.175392,1.2589587,29,28.58578859,30.621124,1.2329369
2014,40,82,63.35085667,63.403442,1.14854,853,771.0127115,692.5327,1.1553277,31,17.76739617,14.78772,1.2601929,46,33.81005201,36.73282,1.2462629
2014,41,102,74.94559967,70.92255,1.1457622,831,789.0088981,781.12744,1.1579105,27,20.53717732,17.942719,1.2586951,76,46.46703641,44.395294,1.254391
2014,42,95,80.96191977,79.06354,1.1403615,929,831.0062286,880.39355,1.1553786,33,24.27602412,21.734894,1.2547948,59,50.22692549,53.829163,1.2577775
2014,43,96,85.47334384,87.61627,1.1326697,899,851.4043601,987.89355,1.1488525,50,31.99321689,26.223282,1.2487874,65,54.65884784,65.25409,1.2568812
2014,44,117,94.93134069,96.46704,1.1229863,979,889.683052,1100.5996,1.1393694,26,30.19525182,31.453873,1.2409385,66,58.06119349,78.9577,1.252148
2014,45,98,95.85193848,105.36084,1.1115799,1109,955.4781364,1216.1748,1.1278234,33,31.03667627,37.506683,1.2314866,79,64.34283544,95.032776,1.244003
2014,46,79,90.79635694,113.92139,1.0986903,1212,1032.434695,1331.4199,1.1149514,39,33.42567339,44.37967,1.220647,95,73.53998481,113.480896,1.2328463
2014,47,120,99.55744986,121.92078,1.0845323,1378,1136.104287,1442.0029,1.1013424,41,35.69797137,52.035217,1.208611,176,104.2779894,134.33264,1.2190486
2014,48,96,98.4902149,129.03516,1.0692959,1810,1338.273001,1544.9482,1.0874543,62,43.58857996,60.47873,1.1955506,126,110.7945926,157.18494,1.2029505
2014,49,135,109.4431504,134.83032,1.0531521,2687,1742.891101,1638.0742,1.0736339,81,54.81200597,69.57327,1.1816202,342,180.1562148,181.51404,1.1848648
2014,50,280,160.6102053,139.08667,1.0362511,3463,2258.92377,1718.9258,1.0601369,108,70.76840418,79.13678,1.1669569,543,289.0093504,206.7721,1.1650746
2014,51,302,203.0271437,141.60266,1.0187263,3569,2651.946639,1784.4512,1.0471452,136,90.33788293,89.0564,1.1516838,590,379.3065452,231.81018,1.143836
2014,52,224,209.3190006,142.10303,1.0006971,2308,2548.762647,1834.4746,1.0347832,119,98.93651805,99.031555,1.1359103,466,405.3145817,255.56128,1.1213807
2014,53,211,209.8233004,140.5249,0.9822685,2035,2394.633853,1869.3594,1.0231276,150,114.2555626,108.73419,1.1197346,273,365.6202072,276.9878,1.0979154
2015,1,104,178.0763103,136.97803,0.963533,1397,2095.343697,1887.75,1.0122216,152,125.5788938,117.968445,1.1032435,239,327.634145,294.5923,1.0736264
2015,2,60,142.6534172,131.50586,0.9445737,1120,1802.740588,1890.293,1.0020802,189,144.6052257,126.35217,1.0865136,280,313.3439015,307.36987,1.0486794
2015,3,61,118.157392,124.27002,0.92546254,1158,1609.318412,1879.2168,0.9926997,216,166.023658,133.50757,1.0696145,176,272.1407311,314.57983,1.0232233
2015,4,60,100.7101744,115.63989,0.90626436,1153,1472.422888,1855.5078,0.9840613,236,187.0165606,139.28357,1.052607,150,235.4985117,315.39087,0.9973888
2015,5,39,82.1971221,105.95361,0.8870354,1030,1339.696022,1819.4414,0.97613686,233,200.8115924,143.39783,1.0355453,184,220.0489582,309.67505,0.9712928
2015,6,34,67.73798547,95.53931,0.86782557,1288,1324.187215,1773.6895,0.9688906,161,188.8681147,145.58911,1.0184766,180,208.0342708,297.8589,0.9450389
2015,7,31,56.71658983,84.7605,0.84867877,1232,1296.531051,1720.6211,0.9622828,120,168.2076803,145.86462,1.0014441,128,184.0239895,280.4253,0.91871816
2015,8,35,50.20161288,74.01514,0.82963365,1285,1293.071735,1660.3438,0.9562721,132,157.3453762,144.22156,0.9844843,117,163.9167927,258.2876,0.8924117
2015,9,21,41.44112902,63.618652,0.81072336,1359,1312.850215,1594.6523,0.9508157,129,148.8417633,140.64172,0.96763,118,150.1417549,232.81543,0.86618996
2015,10,23,35.90879031,53.814697,0.79197776,1484,1364.19515,1525.9453,0.9458717,88,130.5892343,135.281,0.95091045,155,151.5992284,205.35693,0.8401156
2015,11,20,31.13615322,44.795654,0.77342206,1562,1423.536605,1455.0156,0.9413993,89,118.112464,128.44238,0.9343499,142,148.7194599,177.19385,0.8142421
2015,12,17,26.89530725,36.69507,0.7550784,1549,1461.175624,1382.1211,0.93735874,66,102.4787248,120.33716,0.91797113,107,136.2036219,149.55127,0.7886176
2015,13,16,23.62671508,29.58789,0.7369661,1547,1486.922937,1309.0508,0.9337131,63,90.63510738,111.22168,0.90179217,115,129.8425353,123.46484,0.76328343
2015,14,10,19.53870055,23.487305,0.7191015,1358,1448.246056,1237.082,0.93042725,45,76.94457516,101.44629,0.8858304,102,121.4897747,99.68555,0.73827463
2015,15,7,15.77709039,18.355957,0.7014982,1142,1356.372239,1165.7969,0.9274682,48,68.26120261,91.3645,0.8700992,99,114.7428423,78.81201,0.713622
2015,16,9,13.74396327,14.128662,0.6841684,922,1226.060567,1095.9453,0.9248061,21,54.08284183,81.232666,0.8546107,67,100.4199896,60.95752,0.68935186
2015,17,2,10.22077429,10.692871,0.6671214,937,1139.342397,1028.6055,0.92241246,16,42.65798928,71.2937,0.83937454,71,91.59399274,46.07666,0.6654861
2015,18,5,8.654542003,7.9855957,0.65036565,878,1060.939678,963.8711,0.9202618,26,37.6605925,61.775635,0.8243997,44,77.31579492,34.126465,0.642043
2015,19,3,6.958179402,7.7730064,0.58646435,752,968.2577746,901.33203,0.91833055,26,34.16241475,52.882812,0.80969274,40,66.12105644,24.723633,0.6190386
2015,20,1,5.170725581,4.437351,0.4477248,742,900.3804422,841.6719,0.916597,10,26.91369032,44.723145,0.7952595,34,56.48473951,17.533203,0.59648454
2015,21,1,3.919507907,2.3811035,0.43391043,562,798.8663095,785.3281,0.9150419,12,22.43958323,37.365967,0.78110397,29,48.23931766,12.182129,0.5743913
2015,22,0,2.743655535,1.4592323,0.49636924,558,726.6064167,731.71875,0.91364694,12,19.30770826,30.84375,0.76722944,23,40.66752236,8.280762,0.55276626
2015,23,0,1.920558874,1.0478516,0.59260017,521,664.9244917,680.8711,0.9123965,10,16.51539578,25.1604,0.753638,12,32.06726565,5.5180664,0.5316154
2015,24,0,1.344391212,0.83825684,0.6969759,435,595.9471442,633.1172,0.91127586,5,13.06077705,20.293457,0.74033165,28,30.84708596,3.600586,0.51094174
2015,25,0,0.941073848,0.724144,0.79648185,548,581.5630009,588.4336,0.9102715,3,10.04254393,16.18457,0.72731066,25,29.09296017,2.3017578,0.4907483
2015,26,0,0.658751694,0.66615295,0.8854214,448,541.4941006,546.2383,0.90937185,1,7.329780753,12.764404,0.7145752,19,26.06507212,1.4433594,0.47103503
2015,27,0,0.461126186,0.646965,0.9619247,435,509.5458705,506.6914,0.908566,1,5.430846527,9.956299,0.70212376,23,25.14555048,0.88671875,0.4518015
2015,28,1,0.62278833,0.65846634,1.0259993,437,487.7821093,469.9297,0.9078444,2,4.401592569,7.682129,0.68995583,9,20.30188534,20,0.61209166
2015,29,0,0.435951831,0.69626236,1.07851,415,465.9474765,435.59766,0.90719825,9,5.781114798,5.864502,0.6780696,13,18.11131974,17.004173,0.8697004
2015,30,0,0.305166282,0.76017,1.1206582,432,455.7632336,403.41406,0.90661985,7,6.146780359,4.4313965,0.666463,11,15.97792382,15.815483,1.0169077
2015,31,0,0.213616397,0.85074997,1.1537255,438,450.4342635,373.4961,0.90610206,5,5.802746251,3.3146973,0.65513337,17,16.28454667,17.245514,1.0903894
2015,32,0,0.149531478,0.9705925,1.1789477,412,438.9039844,372.29688,0.980248,3,4.961922376,2.4550781,0.6440778,21,17.69918267,19.114311,1.1292229
2015,33,0,0.104672035,1.1238403,1.1974612,384,422.4327891,404.62744,1.1041167,5,4.973345663,1.800293,0.633293,31,21.68942787,21.447075,1.1507493
2015,34,0,0.073270424,1.3145485,1.2102839,450,430.7029524,457.33875,1.1145254,3,4.381341964,1.3081055,0.6227753,35,25.68259951,24.255905,1.1606432
2015,35,2,0.651289297,1.5470123,1.2183094,428,429.8920667,497.19275,1.0867231,3,3.966939375,4,0.42994812,29,26.67781966,27.473785,1.1616931
2015,36,1,0.755902508,1.828186,1.2223171,500,450.9244467,523.2876,1.0599127,5,4.276857562,5.15448,0.9667668,36,29.47447376,31.025269,1.1564306
2015,37,0,0.529131756,2.1630554,1.222979,643,508.5471127,541.2412,1.045032,11,6.293800294,4.7521667,1.281237,40,32.63213163,34.812225,1.1472559
2015,38,1,0.670392229,2.5550652,1.2208724,609,538.6829789,556.8181,1.0412016,8,6.805660206,6.549328,1.3863087,45,36.34249214,38.714188,1.1361641
2015,39,6,2.26927456,3.011177,1.2164901,542,539.6780852,574.65234,1.0446017,6,6.563962144,8.866838,1.3724372,49,40.1397445,42.685028,1.1246068
2015,40,9,4.288492192,3.534607,1.2102515,833,627.6746596,596.1001,1.0516944,19,10.2947735,11.466482,1.3129878,64,47.29782115,46.66449,1.113519
2015,41,8,5.401944534,4.1241913,1.2025115,908,711.7722618,622.875,1.0599751,21,13.50634145,14.05883,1.2474647,79,56.8084748,50.583527,1.1034164
2015,42,18,9.181361174,4.783615,1.1935698,806,740.0405832,655.2163,1.067896,28,17.85443902,16.440823,1.1921315,66,59.56593236,54.45453,1.0945143
2015,43,8,8.826952822,5.5107193,1.1836785,842,770.6284083,692.8135,1.0746047,27,20.59810731,18.552612,1.1511507,85,67.19615265,58.285492,1.0868284
2015,44,17,11.27886698,6.2957916,1.1730485,920,815.4398858,735.6924,1.0797025,35,24.91867512,20.433891,1.1234301,85,72.53730686,62.044495,1.0802561
2015,45,14,12.09520688,7.1362,1.1618559,1020,876.80792,783.8135,1.083066,40,29.44307258,22.185104,1.1061329,80,74.7761148,65.73572,1.074634
2015,46,12,12.06664482,8.022408,1.1502467,978,907.165544,836.17773,1.0847292,22,27.21015081,23.849472,1.0962589,85,77.84328036,69.41638,1.0697758
2015,47,4,9.646651373,8.93441,1.1383418,830,884.0158808,892.01074,1.084809,24,26.24710557,25.57309,1.0912429,56,71.29029625,73.05969,1.0654943
2015,48,9,9.452655961,9.862251,1.1262404,1057,935.9111166,951.0332,1.0834605,29,27.0729739,27.34459,1.089103,59,67.60320738,76.62659,1.0616177
2015,49,3,7.516859173,10.791275,1.1140233,1119,990.8377816,1012.42773,1.0808511,33,28.85108173,29.2612,1.0884017,95,75.82224516,80.16687,1.0579948
2015,50,8,7.661801421,11.69368,1.1017567,1008,995.9864471,1074.376,1.077144,32,29.79575721,31.282913,1.0881463,104,84.27557161,83.67273,1.0544986
2015,51,8,7.763260995,12.553604,1.0894939,1041,1009.490513,1136.1113,1.0724944,14,25.05703005,33.44696,1.0876846,64,78.19290013,87.07129,1.0510243
2015,52,10,8.434282696,13.358261,1.077277,1034,1016.843359,1197.0078,1.0670427,32,27.13992103,35.750946,1.0866132,64,73.93503009,90.347534,1.0474906
2016,1,16,10.70399789,14.079102,1.0651394,1178,1065.190351,1255.2236,1.0609152,31,28.29794472,38.15451,1.0847036,65,71.25452106,93.53467,1.0438337
2016,2,13,11.39279852,14.697296,1.0531079,1217,1110.733246,1309.0508,1.0542235,27,27.90856131,40.629974,1.0818487,57,66.97816474,96.546875,1.0400085
2016,3,6,9.774958965,15.2100525,1.0412022,1238,1148.913272,1357.9121,1.0470657,29,28.23599291,43.16266,1.078023,84,72.08471532,99.30322,1.0359815
2016,4,13,10.74247128,15.597183,1.0294379,1402,1224.839291,1401.0254,1.0395277,27,27.86519504,45.70117,1.0732532,104,81.65930072,101.84729,1.031734
2016,5,8,9.919729893,15.842361,1.0178261,1551,1322.687503,1436.1152,1.0316836,49,34.20563653,48.163025,1.0675976,78,80.56151051,104.12256,1.0272541
2016,6,14,11.14381092,15.95314,1.0063746,1699,1435.581252,1462.5996,1.0235988,75,46.44394557,50.514343,1.0611336,94,84.59305736,106.022095,1.0225387
2016,7,28,16.20066765,15.926651,0.9950891,2003,1605.806877,1480.543,1.0153295,74,54.7107619,52.71631,1.0539476,118,94.61514015,107.53931,1.0175902
2016,8,31,20.64046735,15.755981,0.9839726,1989,1720.764814,1488.9492,1.006924,79,61.99753333,54.674377,1.0461279,171,117.5305981,108.69446,1.012416
2016,9,37,25.54832715,15.450195,0.973027,2162,1853.13537,1486.7344,0.9984244,83,68.29827333,56.324768,1.0377611,226,150.0714187,109.39014,1.0070262
2016,10,25,25.383829,15.027863,0.96225274,2093,1925.094759,1474.6387,0.9898671,121,84.10879133,57.645203,1.0289309,263,183.9499931,109.56616,1.0014337
2016,11,10,20.7686803,14.493591,0.95164907,1642,1840.166331,1453.3789,0.98128307,148,103.2761539,58.59503,1.0197145,169,179.4649951,109.29614,0.99565315
2016,12,12,18.13807621,13.856049,0.94121504,1335,1688.616432,1422.1719,0.97269905,116,107.0933078,59.091125,1.0101833,141,167.9254966,108.53931,0.9897002
2016,13,20,18.69665335,13.140015,0.9309483,1246,1555.831502,1381.8203,0.96413803,81,99.26531543,59.13214,1.0004027,110,150.5478476,107.23047,0.9835908
2016,14,6,14.88765734,12.363739,0.9208473,1029,1397.782052,1333.9531,0.95562017,57,86.5857208,58.736084,0.9904309,92,132.9834933,105.41577,0.9773418
2016,15,11,13.72136014,11.538483,0.91090924,955,1264.947436,1279.2656,0.94716203,25,68.11000456,57.872925,0.98032016,67,113.1884453,103.157715,0.97096884
2016,16,11,12.9049521,10.678864,0.9011319,894,1153.663205,1217.9609,0.93877816,25,55.17700319,56.539673,0.9701175,83,104.1319117,100.42212,0.964488
2016,17,5,10.53346647,9.809235,0.8915122,800,1047.564244,1151.9023,0.9304805,27,46.72390223,54.79724,0.95986444,77,95.99233821,97.20947,0.95791525
2016,18,6,9.173426528,8.942932,0.882048,664,932.4949706,1082.7734,0.9222795,27,40.80673156,52.6958,0.9495966,39,78.89463675,93.636475,0.9512647
2016,19,0,6.42139857,8.089478,0.8727366,699,862.4464794,1010.78125,0.914184,21,34.86471209,50.236084,0.93934685,33,65.12624573,89.73413,0.94455075
2016,20,1,4.794978999,7.2598877,0.86357504,636,794.5125356,937.22656,0.90620065,11,27.70529847,47.49182,0.9291424,40,57.58837201,85.50586,0.9377869
2016,21,2,3.956485299,6.4692993,0.8545614,540,718.1587749,863.77344,0.8983356,13,23.29370893,44.550415,0.9190083,31,49.61186041,81.01514,0.93098533
2016,22,1,3.069539709,5.723572,0.845693,513,656.6111424,791.21875,0.8905939,13,20.20559625,41.45105,0.90896493,21,41.02830228,76.37598,0.9241585
2016,23,0,2.148677797,5.026306,0.836968,395,578.1277997,719.8867,0.88297915,6,15.94391737,38.239014,0.89903116,35,39.2198116,71.60986,0.91731673
2016,24,1,1.804074458,4.381012,0.8283843,310,497.6894598,651.0117,0.8754947,5,12.66074216,35.000122,0.889222,35,37.95386812,66.744385,0.91047096
2016,25,0,1.26285212,3.7926636,0.8199394,346,452.1826219,585.46875,0.8681425,5,10.36251951,31.79712,0.8795508,14,30.76770768,61.868164,0.9036301
2016,26,0,0.883996484,3.2612305,0.81163156,355,423.0278353,523.2383,0.86092436,9,9.953763659,28.647095,0.8700293,6,23.33739538,57.053223,0.8968033
2016,27,0,0.618797539,2.784729,0.8034594,289,382.8194847,464.7578,0.85384154,6,8.767634561,8.034967,0.85650146,23,23.23617676,52.319336,0.8899986
2016,28,0,0.433158277,2.3609314,0.7954207,317,363.0736393,410.59375,0.84689474,4,7.337344193,7.1558037,0.7817198,21,22.56532374,47.69336,0.8832231
2016,29,0,0.303210794,1.9884644,0.78751427,307,346.2515475,360.78516,0.8400836,2,5.736140935,5.779999,0.7812859,28,24.19572661,43.246582,0.87648404
2016,30,1,0.512247556,1.6641846,0.7797383,295,330.8760833,337.39294,1.0184572,2,4.615298655,4.9187603,0.835637,19,22.63700863,39.013916,0.8697871
2016,31,0,0.358573289,1.3837585,0.77209157,267,311.7132583,339.66443,0.98040074,1,3.530709058,4.5161476,0.9076563,24,23.04590604,27.272568,1.0392936
2016,32,0,0.251001302,1.1428528,0.7645725,263,297.0992808,328.43713,0.963109,3,3.371496341,4.413353,0.97716093,19,21.83213423,27.721863,1.018516
2016,33,0,0.175700912,0.9378052,0.75717956,275,290.4694966,317.8164,0.9737271,7,4.460047439,4.5207405,1.0368786,27,23.38249396,27.796844,1.0067066
2016,34,3,1.022990638,0.76498413,0.74991184,327,301.4286476,314.6886,1.0000684,5,4.622033207,4.8081512,1.085519,58,33.76774577,27.865494,1.0032014
2016,35,0,0.716093447,0.6202698,0.7427681,315,305.5000533,320.0752,1.0306361,7,5.335423245,5.2624474,1.1240013,41,35.93742204,27.886108,1.0063411
2016,36,0,0.501265413,0.49975586,0.7357466,396,332.6500373,333.5056,1.0587946,5,5.234796271,5.8919907,1.1538402,20,31.15619543,28.114105,1.0143392
2016,37,0,0.350885789,0.40020752,0.7288466,516,387.6550261,354.16504,1.0817672,10,6.66435739,6.714432,1.1765317,31,31.1093368,28.585297,1.0255978
2016,38,1,0.545620052,0.31860352,0.722067,497,420.4585183,381.38867,1.0989892,5,6.165050173,7.749466,1.1933597,20,27.77653576,29.357666,1.0387965
2016,39,2,0.981934037,0.25222778,0.7154066,623,481.2209628,414.69434,1.1109339,17,9.415535121,9.027084,1.2053698,23,26.34357503,30.494446,1.0528895
2016,40,4,1.887353826,2,0.78028166,640,528.854674,453.53027,1.1184441,20,12.59087458,10.589035,1.2133889,70,39.44050252,32.02533,1.0670686
2016,41,6,3.121147678,3.7690225,1.082216,571,541.4982718,497.75244,1.1224025,30,17.81361221,12.468803,1.2180696,63,46.50835177,33.97647,1.0807263
2016,42,4,3.384803375,3.4156861,1.2177503,743,601.9487902,547.3452,1.1235961,30,21.46952855,14.701752,1.2199259,36,43.35584624,36.410797,1.0934142
2016,43,7,4.469362362,4.1948204,1.2492157,742,643.9641532,601.0762,1.1226686,25,22.52866998,17.345886,1.2193663,37,41.44909237,39.383423,1.1048104
2016,44,3,4.028553654,5.0912848,1.2491621,804,691.9749072,659.03125,1.120128,33,25.67006899,20.434326,1.2167186,74,51.21436466,42.906982,1.1146932
2016,45,17,7.919987557,6.131975,1.2491736,827,732.4824351,720.8965,1.1163611,36,28.76904829,23.988419,1.2122518,56,52.65005526,47.048157,1.122918
2016,46,14,9.74399129,7.3939667,1.2546399,899,782.4377045,785.6904,1.1116587,22,26.7383338,28.059662,1.2061864,36,47.65503868,51.884216,1.1294003
2016,47,9,9.520793903,8.97201,1.2625402,744,770.9063932,852.5957,1.1062363,21,25.01683366,32.655228,1.1987106,37,44.45852708,57.42572,1.1341026
2016,48,27,14.76455573,10.948856,1.2691416,860,797.6344752,921.2793,1.1002539,17,22.61178356,37.746017,1.1899836,60,49.12096895,63.700134,1.137022
2016,49,13,14.23518901,13.405262,1.2719657,894,826.5441327,991.0469,1.0938293,32,25.42824849,43.343506,1.1801453,74,56.58467827,70.76953,1.1381832
2016,50,13,13.86463231,16.420921,1.269814,943,861.4808929,1060.0859,1.0870491,57,34.89977395,49.391907,1.1693183,81,63.90927479,78.63867,1.1376315
2016,51,14,13.90524262,20.033112,1.2623712,978,896.436625,1127.791,1.0799787,66,44.22984176,55.770233,1.1576124,49,59.43649235,87.2262,1.1354257
2016,52,23,16.63366983,24.247162,1.249848,1234,997.7056375,1193.668,1.0726666,43,43.86088923,62.419617,1.1451265,82,66.20554465,96.511475,1.1316353
2017,1,21,17.94356888,29.018433,1.2327286,1267,1078.493946,1255.9785,1.0651503,65,50.20262246,69.19809,1.1319506,82,70.94388125,106.443726,1.126338
2017,2,29,21.26049822,34.23169,1.2116178,1350,1159.945762,1313.2422,1.0574583,152,80.74183572,75.881714,1.1181659,102,80.26071688,116.819824,1.1196151
2017,3,56,31.68234875,39.69919,1.1871485,1443,1244.862034,1365.0898,1.0496144,109,89.21928501,82.33942,1.1038486,108,88.58250181,127.42529,1.11155
2017,4,106,53.97764413,45.144012,1.1599324,1640,1363.403424,1410.7832,1.0416365,136,103.2534995,88.378784,1.089068,207,124.1077513,138.08362,1.1022294
2017,5,87,63.88435089,50.220367,1.1305318,1810,1497.382396,1448.1992,1.0335408,204,133.4774497,93.71863,1.0738875,281,171.1754259,148.53833,1.0917364
2017,6,125,82.21904562,54.587494,1.0994532,2297,1737.267678,1476.9434,1.0253404,170,144.4342148,98.209045,1.0583673,306,211.6227981,158.35193,1.0801553
2017,7,108,89.95333194,57.919525,1.0671401,2435,1946.587374,1497.1445,1.0170469,138,142.5039503,101.70453,1.0425607,363,257.0359587,167.20703,1.0675668
2017,8,73,84.86733235,59.891205,1.0339769,2284,2047.811162,1507.6523,1.008671,85,125.2527652,103.980225,1.0265195,317,275.0251711,174.82568,1.0540498
2017,9,42,72.00713265,60.298615,1.0002937,1743,1956.367813,1507.5371,1.0002218,85,113.1769357,104.938354,1.0102895,201,252.8176198,180.83057,1.03968
2017,10,37,61.50499285,59.08722,0.96637,1759,1897.157469,1497.5312,0.9917083,120,115.223855,104.59558,0.9939146,262,255.5723338,184.80176,1.0245296
2017,11,13,46.953495,56.358215,0.93244094,1450,1763.010229,1478.1758,0.9831381,66,100.4566985,102.890015,0.9774338,213,242.8006337,186.56006,1.0086677
2017,12,25,40.3674465,52.281006,0.8987043,1440,1666.10716,1448.5215,0.9745186,80,94.31968893,99.83838,0.96088374,193,227.8604436,186.01172,0.9921593
2017,13,11,31.55721255,47.14325,0.86532354,1348,1570.675012,1409.4492,0.96585685,60,84.02378225,95.62134,0.9442984,136,200.3023105,182.96729,0.9750677
2017,14,14,26.29004878,41.360535,0.83243304,1169,1450.172508,1362.4766,0.95715916,41,71.11664758,90.38281,0.9277086,140,182.2116174,177.41846,0.9574501
2017,15,5,19.90303415,35.304504,0.80014205,764,1244.320756,1308.0078,0.94843185,43,62.6816533,84.267944,0.9111421,80,151.5481321,169.60742,0.939362
2017,16,7,16.0321239,29.294922,0.7685391,676,1073.824529,1246.3477,0.9396801,44,57.07715731,77.48828,0.89462507,81,130.3836925,159.81274,0.9208551
2017,17,5,12.72248673,23.6651,0.73769426,681,955.9771704,1179.3516,0.9309099,32,49.55401012,70.32092,0.878181,66,111.0685848,148.22607,0.9019782
2017,18,6,10.70574071,18.61316,0.70766187,617,854.2840193,1108.6055,0.9221256,46,48.48780708,62.965942,0.86183107,57,94.84800933,135.31885,0.8827763
2017,19,6,9.294018499,14.244629,0.67848265,715,812.4988135,1034.3242,0.91333205,33,43.84146496,55.61255,0.84559464,21,72.69360653,121.62964,0.8632918
2017,20,2,7.105812949,10.629395,0.65018666,576,741.5491694,957.9336,0.904534,15,35.18902547,48.44629,0.8294896,16,55.68552457,107.53369,0.843564
2017,21,0,4.974069065,7.727173,0.62279415,485,664.5844186,881.1953,0.89573514,26,32.43231783,41.64746,0.8135313,11,42.2798672,93.44971,0.82363
2017,22,2,4.081848345,5.4767456,0.5963172,417,590.309093,804.9219,0.88693935,21,29.00262248,35.331787,0.79773414,9,32.29590704,79.86865,0.8035243
2017,23,1,3.157293842,3.7904053,0.5707608,404,534.4163651,729.6172,0.87815017,21,26.60183574,29.576416,0.78211033,5,24.10713493,67.109375,0.7832782
2017,24,1,2.510105689,2.5581665,0.546125,339,475.7914556,656.66797,0.86937165,20,24.62128502,24.428467,0.7666714,7,18.97499445,55.367676,0.7629217
2017,25,0,1.757073982,1.8064766,0.55877477,328,431.4540189,587.0586,0.86060584,30,26.23489951,19.908691,0.75142765,4,14.48249611,44.884766,0.7424821
2017,26,2,1.829951788,1.1837788,0.57183623,293,389.9178132,520.85547,0.8518565,11,21.66442966,16.016113,0.73638725,2,10.73774728,35.75293,0.7219845
2017,27,1,1.580966251,0.85299397,0.6426691,226,340.7424693,458.67578,0.84312624,3,16.06510076,12.720459,0.72155833,2,8.116423096,27.941895,0.70145315
2017,28,1,1.406676376,0.6878395,0.7357083,276,321.3197285,401.17188,0.8344174,10,14.24557053,12.333406,0.8204417,6,7.481496167,21.44336,0.6809095
2017,29,0,0.984673463,0.60427475,0.83070344,238,296.3238099,348.38672,0.82573265,5,11.47189937,10.507807,0.7209974,16,10.03704732,16.158691,0.6603734
2017,30,0,0.689271424,0.5679121,0.91972685,242,280.026667,280,0.9061489,2,8.630329561,8.063488,0.7703176,13,10.92593312,11.939453,0.63986343
2017,31,0,0.482489997,0.5660677,1.000422,256,272.8186669,258.93384,1.0663496,1,6.341230693,7.1075935,0.88324237,23,14.54815319,8.659668,0.61939746
2017,32,0,0.337742998,0.59438515,1.0724198,249,265.6730668,291.06354,1.0788304,7,6.538861485,7.0379295,0.9935154,26,17.98370723,18,0.9798106
2017,33,0,0.236420099,0.6536617,1.1359346,273,267.8711468,306.44427,1.0288448,2,5.177203039,7.4702377,1.0801566,25,20.08859506,23.480957,1.2196848
2017,34,0,0.165494069,0.74839497,1.1913058,263,266.4098027,305.05713,0.98935515,7,5.724042128,8.302002,1.1423048,40,26.06201654,27.52166,1.2577434
2017,35,1,0.415845848,0.88750076,1.2388843,299,276.1868619,297.67444,0.9810744,11,7.306829489,9.51545,1.1848065,44,31.44341158,33.099342,1.1877277
2017,36,1,0.591092094,1.0840578,1.2790203,354,299.5308033,293.51514,0.99740314,18,10.51478064,11.141922,1.2128997,49,36.71038811,36.742447,1.1088865
2017,37,0,0.413764466,1.3571129,1.3120732,476,352.4715623,296.82092,1.0264881,11,10.66034645,13.220757,1.2307628,47,39.79727167,38.58319,1.0612967
2017,38,0,0.289635126,1.7327156,1.3384191,469,387.4300936,308.4192,1.0592349,9,10.16224251,15.822365,1.2413895,48,42.25809017,39.694992,1.0467962
2017,39,0,0.202744588,2.2452927,1.3584515,473,413.1010655,328.79102,1.0902725,24,14.31356976,19.028313,1.2468226,57,46.68066312,41.039062,1.0547904
2017,40,12,3.741921212,2.9450378,1.372579,571,460.4707459,358.0608,1.1169631,54,26.21949883,22.91269,1.2484295,68,53.07646418,43.122437,1.0743998
2017,41,13,6.519344848,3.8892174,1.3812194,583,497.2295221,396.5232,1.1383175,88,44.75364918,27.57463,1.2471211,59,54.85352493,46.200256,1.097838
2017,42,9,7.263541394,5.1535244,1.3847926,485,493.5606655,444.70288,1.1542362,50,46.32755443,33.129913,1.2435106,69,59.09746745,50.436005,1.1203854
2017,43,11,8.384478976,6.83617,1.3837161,535,505.9924658,503.38525,1.1650558,96,61.2292881,39.641586,1.2380203,81,65.66822722,55.90213,1.1395417
2017,44,21,12.16913528,9.041542,1.378397,549,518.8947261,572.8418,1.171295,84,68.06050167,47.19632,1.2309505,80,69.96775905,62.70804,1.154214
2017,45,22,15.1183947,11.889816,1.3692293,633,553.1263083,653.0928,1.1735216,70,68.64235117,55.892914,1.2225218,70,69.97743134,70.95715,1.1641339
2017,46,17,15.68287629,15.5237465,1.3565917,610,570.1884158,744.5498,1.1722897,47,62.14964582,65.714294,1.2129041,58,66.38420193,80.67206,1.1694816
2017,47,24,18.1780134,20.04972,1.3408425,545,562.631891,846.89355,1.1681081,39,55.20475207,76.65732,1.2022331,39,58.16894135,91.836365,1.1706623
2017,48,40,24.72460938,25.57866,1.3223208,906,665.6423237,958.56055,1.1614318,68,59.04332645,88.7254,1.1906216,110,73.71825895,104.44623,1.1681705
2017,49,47,31.40722657,32.187164,1.3013431,957,753.0496266,1078.1328,1.1526599,85,66.83032852,101.72174,1.1781658,127,89.70278126,118.40741,1.1625191
2017,50,47,36.0850586,39.829025,1.2782052,1397,946.2347386,1203.8516,1.14214,94,74.98122996,115.46582,1.164949,106,94.59194688,133.41919,1.1542006
2017,51,51,40.55954102,48.45662,1.253182,1956,1249.164317,1332.7305,1.1301725,117,87.58686097,129.79425,1.1510453,159,113.9143628,149.19702,1.1436646
2017,52,83,53.29167871,57.844284,1.2265269,2524,1631.615022,1460.4355,1.1170156,167,111.4108027,144.27063,1.1365217,167,129.840054,165.40332,1.1313145
2018,1,52,52.9041751,67.632324,1.1984733,2495,1890.630515,1583.5303,1.1028912,239,149.6875619,158.5039,1.1214377,194,149.0880378,181.56421,1.1175039
2018,2,96,65.83292257,77.46207,1.1692352,2465,2062.941361,1698.4717,1.08799,208,167.1812933,172.18713,1.1058475,318,199.7616264,197.0166,1.10254
2018,3,125,83.5830458,86.71744,1.1390096,2370,2155.058953,1800.166,1.0724754,259,194.7269053,184.71875,1.0898023,369,250.5331385,211.23242,1.086687
2018,4,172,110.1081321,94.838806,1.107974,2560,2276.541267,1883.957,1.0564868,290,223.3088337,195.58972,1.0733467,448,309.773197,223.73816,1.0701703
2018,5,172,128.6756924,101.305115,1.0762928,2720,2409.578887,1947.0645,1.0401442,329,255.0161836,204.52515,1.0565237,423,343.7412379,233.9336,1.0531815
2018,6,150,135.0729847,105.50482,1.0441136,2552,2452.305221,1987.2715,1.0235499,329,277.2113285,211.00024,1.0393723,442,373.2188665,241.24365,1.0358826
2018,7,95,123.0510893,107.1369,1.011571,2414,2440.813655,2001.0781,1.0067917,303,284.94793,214.60767,1.0219283,356,368.0532066,245.43164,1.0184108
2018,8,91,113.4357625,106.04376,0.97878623,1879,2272.269558,1987.8359,0.98994446,249,274.163551,215.33301,1.0042255,158,305.0372446,246.39404,1.0008793
2018,9,54,95.60503376,102.18762,0.94586873,1279,1974.288691,1948.9668,0.9730716,194,250.1144857,213.02148,0.9862948,180,267.5260712,243.89917,0.9833835
2018,10,64,86.12352363,95.857666,0.9129173,1081,1706.302083,1885.6504,0.95622873,200,235.08014,207.60645,0.96816546,132,226.8682498,238.03711,0.96600264
2018,11,61,78.58646654,87.53845,0.8800207,1051,1509.711458,1798.9883,0.9394614,183,219.456098,199.37476,0.9498648,73,180.7077749,229.19897,0.94880223
2018,12,34,65.21052658,77.77258,0.8472582,958,1344.198021,1693.3086,0.92280966,154,199.8192686,188.69287,0.9314174,154,172.6954424,217.75464,0.93183535
2018,13,42,58.2473686,67.198975,0.81470084,811,1184.238615,1573.3398,0.9063071,106,171.673488,175.8794,0.9128478,118,156.2868097,203.98633,0.91514474
2018,14,27,48.87315802,56.460815,0.78241223,781,1063.26703,1441.9297,0.88998264,58,137.5714416,161.38232,0.8941781,101,139.7007668,188.54443,0.8987654
2018,15,12,37.81121062,46.11316,0.75044775,695,952.7869212,1303.625,0.87385964,42,108.9000091,145.83618,0.8754284,110,130.7905368,172.08154,0.8827244
2018,16,8,28.86784743,36.680054,0.71885735,506,818.7508448,1163.6328,0.8579591,44,89.43000639,129.77246,0.85661894,75,114.0533757,154.97705,0.867043
2018,17,11,23.5074932,28.303833,0.6876848,578,746.5255914,1025.293,0.842297,34,72.80100447,113.6626,0.8377679,63,98.73736301,137.76416,0.85173696
2018,18,7,18.55524524,21.25122,0.6569684,445,656.067914,891.28906,0.8268884,17,56.06070313,97.958496,0.81889254,65,88.61615411,120.998535,0.83681804
2018,19,5,14.48867167,15.511841,0.6267408,423,586.1475398,765.1211,0.8117443,16,44.04249219,83.081055,0.8000085,38,73.43130787,104.98779,0.8222937
2018,20,6,11.94207017,10.999634,0.5970312,387,526.4032778,648.875,0.79687417,14,35.02974453,69.350586,0.78113216,29,60.10191551,89.964355,0.80816835
2018,21,3,9.259449118,9,0.5705908,366,478.2822945,543.1328,0.78228545,14,28.72082117,56.958008,0.76227695,30,51.07134086,76.217285,0.7944441
2018,22,0,6.481614382,5.401696,0.62493646,319,430.4976061,449.07422,0.7679842,10,23.10457482,46.020508,0.7434568,28,44.1499386,63.864258,0.7811208
2018,23,0,4.537130068,3.9173899,0.6432547,224,368.5483243,367.0703,0.75397456,17,21.27320238,36.57422,0.7246837,29,39.60495702,52.88916,0.76819587
2018,24,0,3.175991047,2.9806194,0.67955077,209,320.683827,296.33594,0.7402599,16,19.69124166,28.588867,0.7059706,9,30.42346991,43.331543,0.7556655
2018,25,0,2.223193733,2.3936672,0.74915713,269,305.1786789,236.39062,0.72684175,22,20.38386916,21.976562,0.68732744,13,25.19642894,35.149414,0.7435255
2018,26,0,1.556235613,2.0872421,0.8380859,239,285.3250752,186.54297,0.71372163,21,20.56870841,16.614746,0.6687656,16,22.43750026,28.206543,0.73176897
2018,27,0,1.089364929,1.9667664,0.9287827,241,272.0275527,145.4961,0.7008998,20,20.39809589,12.365723,0.6502941,14,19.90625018,22.406738,0.7203893
2018,28,2,1.36255545,1.9745655,1.010304,264,269.6192869,112.18359,0.6883751,29,22.97866712,9.03418,0.6319228,20,19.93437513,17.63916,0.70937914
2018,29,1,1.253788815,2.0871239,1.0781784,221,255.0335008,85.62109,0.6761469,12,19.68506699,18.225834,0.88692904,24,21.15406259,13.751465,0.6987301
2018,30,1,1.177652171,2.2959976,1.1318551,164,227.7234506,64.63672,0.6642135,9,16.47954689,17.625957,0.9514523,18,20.20784381,17.81409,0.9673608
2018,31,1,1.12435652,2.6043549,1.1726359,177,212.5064154,48.257812,0.652572,18,16.93568282,17.426193,0.95643365,16,18.94549067,19.128204,1.1693205
2018,32,4,1.987049564,3.023304,1.2024678,157,195.8544908,196,0.72370696,14,16.05497798,16.854279,0.9531463,31,22.56184347,23.420498,1.2166611
2018,33,9,4.090934695,3.5657272,1.2233462,172,188.6981435,169.89151,1.018711,14,15.43848458,16.251694,0.96085835,29,24.49329043,27.71756,1.1871632
2018,34,8,5.263654286,4.251114,1.2370657,188,188.4887005,189.61478,1.1400092,16,15.60693921,15.885498,0.979536,43,30.0453033,31.305328,1.1376842
2018,35,7,5.784558,5.104805,1.245139,269,212.6420903,219.28503,1.1471393,11,14.22485745,15.834534,1.0041057,48,35.43171231,33.927704,1.0949069
2018,36,7,6.1491906,6.149029,1.2487996,263,227.7494632,243.99664,1.1191349,17,15.05740021,16.126907,1.0301673,27,32.90219862,35.773666,1.0669054
2018,37,10,7.30443342,7.40926,1.2490324,292,247.0246243,263.4673,1.0955215,15,15.04018015,16.757782,1.0550284,52,38.63153903,37.198517,1.0532831
2018,38,12,8.713103394,8.922241,1.2466136,334,273.117237,280.62903,1.085801,16,15.3281261,17.719955,1.0773374,41,39.34207732,38.574966,1.0507568
2018,39,11,9.399172376,10.711563,1.2421527,272,272.7820659,299.04492,1.0874307,16,15.52968827,19.017685,1.0965589,34,37.73945413,40.110596,1.055662
2018,40,32,16.17942066,12.801079,1.2361226,394,309.1474461,320.44824,1.0953894,63,29.77078179,20.669922,1.1125981,65,45.91761789,42.029205,1.0648787
2018,41,35,21.82559446,15.231316,1.2288922,493,364.3032123,346.27905,1.105511,64,40.03954725,22.706345,1.1255708,58,49.54233252,44.438416,1.0760479
2018,42,33,25.17791612,18.016693,1.2207464,518,410.4122486,377.40283,1.1151158,42,40.62768308,25.126541,1.1356848,47,48.77963277,47.394836,1.0875143
2018,43,45,31.12454129,21.166336,1.2119069,579,460.988574,413.87036,1.1227622,38,39.83937815,27.971313,1.1431744,65,53.64574294,50.99051,1.0981846
2018,44,36,32.5871789,24.714249,1.2025441,656,519.4920018,455.84497,1.1278476,35,38.38756471,31.284302,1.1482733,77,60.65202005,55.284424,1.1073817
2018,45,31,32.11102523,28.651825,1.1927907,632,553.2444013,503.42603,1.1302706,41,39.1712953,35.0679,1.1512004,79,66.15641404,60.270813,1.1147271
2018,46,28,30.87771766,32.95546,1.1827486,649,581.9710809,556.24756,1.1301991,31,36.71990671,39.33844,1.152156,81,70.60948983,65.99353,1.1200463
2018,47,32,31.21440236,37.642548,1.1724969,627,595.4797566,613.5088,1.127924,16,30.50393469,44.128296,1.1513214,54,65.62664288,72.500305,1.1232975
2018,48,35,32.35008165,42.668793,1.1620969,732,636.4358296,674.80615,1.1237746,32,30.95275429,49.435852,1.1488612,93,73.83865002,79.7431,1.1245285
2018,49,39,34.34505716,47.96347,1.1515948,788,681.9050807,739.56494,1.1180727,44,34.866928,55.20529,1.1449233,96,80.48705501,87.66498,1.1238385
2018,50,43,36.94154001,53.51718,1.1410282,849,732.0335565,806.18115,1.1111103,62,43.0068496,61.418274,1.1396425,108,88.74093851,96.24866,1.121359
2018,51,41,38.15907801,59.251953,1.130424,987,808.5234896,873.396,1.103142,45,43.60479472,68.04175,1.1331409,129,100.818657,105.41858,1.1172347
2018,52,67,46.81135461,65.043396,1.1198045,1339,967.6664427,940.2871,1.0943822,73,52.4233563,74.94672,1.1255295,104,101.7730599,114.95691,1.1116154
2019,1,64,51.96794822,70.851746,1.1091864,1262,1055.96651,1005.45605,1.0850096,66,56.49634941,82.00165,1.116911,98,100.6411419,124.71814,1.1046512
2019,2,67,56.47756376,76.58563,1.0985827,1019,1044.876557,1066.6191,1.0751715,74,61.74744459,89.10449,1.107379,144,113.6487993,134.55713,1.0964848
2019,3,108,71.93429463,82.08276,1.0880036,1057,1048.51359,1122.6514,1.0649868,94,71.42321121,96.10773,1.0970192,211,142.8541595,144.19519,1.0872517
2019,4,95,78.85400624,87.269165,1.0774568,1046,1047.759513,1172.7012,1.0545528,125,87.49624785,102.74927,1.0859114,171,151.2979117,153.29248,1.0770793
2019,5,106,86.99780437,92.08209,1.0669483,1089,1060.131659,1214.8477,1.043947,150,106.2473735,108.85486,1.0741287,165,155.4085382,161.63184,1.0660834
2019,6,100,90.89846306,96.35693,1.0564833,1198,1101.492161,1247.5908,1.0332332,223,141.2731614,114.27576,1.0617398,204,169.9859767,168.99646,1.0543723
2019,7,147,107.7289241,99.98901,1.046065,1326,1168.844513,1270.7031,1.0224612,243,171.791213,118.786865,1.0488062,214,183.1901837,174.9978,1.0420443
2019,8,153,121.3102469,102.98193,1.0356973,1601,1298.491159,1283.8652,1.0116714,252,195.8538491,122.14404,1.0353869,252,203.8331286,179.38013,1.0291891
2019,9,219,150.6171728,105.21765,1.0253819,1557,1376.043811,1285.6367,1.0008975,235,207.5976944,124.25232,1.0215359,263,221.58319,182.03442,1.0158877
2019,10,250,180.432021,106.59265,1.0151217,1650,1458.230668,1276.3457,0.9901654,252,220.9183861,125.05029,1.0073034,250,230.108233,182.83496,1.0022134
2019,11,255,202.8024147,107.157715,1.004918,1907,1592.861468,1256.9512,0.9794957,144,197.8428702,124.38257,0.9927357,248,235.4757631,181.55298,0.9882334
2019,12,141,184.2616903,106.89978,0.9947721,1458,1552.403027,1227.4863,0.96890706,105,169.9900092,122.2312,0.9778762,187,220.9330342,178.25488,0.97400725
2019,13,100,158.9831832,105.76465,0.9846857,1255,1463.182119,1188.1621,0.95841205,57,136.0930064,118.71045,0.9627651,138,196.0531239,173.10327,0.95958954
2019,14,69,131.9882282,103.792725,0.97466,1062,1342.827483,1140.707,0.94802314,59,112.9651045,113.91821,0.94743955,103,168.1371867,166.14941,0.9450292
2019,15,61,110.6917598,101.101685,0.9646958,847,1194.079238,1086.6191,0.9377484,19,84.77557315,107.906006,0.93193454,103,148.5960307,157.54175,0.93036973
2019,16,48,91.88423184,97.70715,0.95479417,691,1043.155467,1026.2051,0.927596,32,68.9429012,100.91699,0.916282,101,134.3172215,147.64087,0.9156507
2019,17,26,72.11896229,93.645996,0.9449566,562,898.8088268,961.1328,0.9175722,26,56.06003084,93.221924,0.90051216,64,113.2220551,136.77612,0.9009075
2019,18,20,56.4832736,89.066895,0.93518305,479,772.8661788,893.3594,0.90768147,19,44.94202159,84.983154,0.88465255,76,102.0554385,125.12964,0.88617194
2019,19,24,46.73829152,84.08032,0.92547536,487,687.1063251,823.82227,0.89792836,7,33.55941511,76.43237,0.8687289,60,89.43880698,113.08447,0.8714722
2019,20,20,38.71680406,78.745605,0.9158336,445,614.4744276,753.3906,0.8883154,1,23.79159058,67.861084,0.8527652,36,73.40716488,101.02051,0.85683346
2019,21,21,33.40176284,73.1499,0.9062589,370,541.1320993,683.75195,0.878846,3,17.55411341,59.468994,0.83678365,30,60.38501542,89.143555,0.84227884
2019,22,17,28.48123399,67.451904,0.8967522,281,463.0924695,616.0996,0.8695213,3,13.18787938,51.389404,0.82080483,39,53.96951079,77.68262,0.82782805
2019,23,11,23.23686379,61.733154,0.88731414,243,397.0647287,550.6914,0.86034364,0,9.231515568,43.817383,0.8048477,26,45.57865756,66.90674,0.81349903
2019,24,13,20.16580466,56.05591,0.8779453,272,359.5453101,488.48047,0.8513139,2,7.062060898,36.87964,0.7889302,31,41.20506029,56.95215,0.79930824
2019,25,7,16.21606326,50.496826,0.8686466,219,317.381717,430.3164,0.8424325,2,5.543442629,30.604492,0.77306783,22,35.4435422,47.873047,0.7852688
2019,26,12,14.95124428,45.160645,0.8594185,238,293.5672019,376.32422,0.8337008,1,4.18040984,25.050293,0.75727624,24,32.01047954,39.769043,0.7713937
2019,27,8,12.865871,40.090332,0.8502617,195,263.9970414,326.59766,0.82511795,4,4.126286888,20.240234,0.74156874,23,29.30733568,32.66748,0.7576933
2019,28,15,13.5061097,35.315186,0.8411771,195,243.2979289,281.51172,0.816685,3,3.788400822,16.125,0.7259587,7,22.61513498,26.50586,0.7441772
2019,29,9,12.15427679,30.865723,0.832165,197,229.4085503,241.0664,0.8084015,0,2.651880575,12.668701,0.71045697,14,20.03059448,21.254883,0.7308537
2019,30,7,10.60799375,26.784912,0.8232261,193,218.4859852,204.92188,0.80026644,1,2.156316403,9.825195,0.69507515,6,15.82141614,16.860352,0.71772975
2019,31,14,11.62559563,23.075684,0.8143611,187,209.0401896,173.0039,0.7922801,0,1.509421482,7.5144043,0.6798227,10,14.0749913,13.216309,0.7048112
2019,32,9,10.83791694,19.731201,0.8055707,191,203.6281327,145.16797,0.7844413,2,1.656595037,5.6674805,0.6647083,11,13.15249391,10.241211,0.6921028
2019,33,9,10.28654186,16.741943,0.79685485,161,190.8396929,120.99219,0.77674913,5,2.659616526,4.2194824,0.6497407,9,11.90674574,7.852539,0.67960906
2019,34,8,9.6005793,14.106445,0.78821445,150,178.587785,100.16016,0.7692027,2,2.461731568,3.0981445,0.63492703,8,10.73472201,5.9526367,0.6673333
