time,beta,temp
1,0.632833553,17.72
2,0.637246031,19.62
3,0.642446192,21.05
4,0.648461515,21.87
5,0.655314634,22.6
6,0.663024975,22.3
7,0.671609879,18.34
8,0.681086008,12.49
9,0.691470213,13.43
10,0.702780485,14.61
11,0.715036117,15.85
12,0.728257656,16.41
13,0.742466632,17.76
14,0.757685348,17.43
15,0.773936145,14.12
16,0.791241236,15.61
17,0.809622202,15.49
18,0.829099417,10.92
19,0.849691495,11.42
20,0.87141405,9.47
21,0.894278526,9.85
22,0.918289334,11.69
23,0.943441577,7.21
24,0.969716631,5.75
25,0.997078195,4.18
26,1.025466383,3.41
27,1.054793939,5.87
28,1.084941477,7.49
29,1.115754962,8.32
30,1.147046357,8.85
31,1.178596526,13.4
32,1.210160837,16.7
33,1.241478756,12.48
34,1.272284403,9.25
35,1.302317247,6.75
36,1.331333622,8.56
37,1.359115139,11.6
38,1.385474369,12.89
39,1.410258874,6.5
40,1.43335171,4.76
41,1.454670042,8.34
42,1.474161968,7.94
43,1.49180235,5.94
44,1.507587984,1.19
45,1.521534011,-1.58
46,1.533669114,2.39
47,1.544032767,6.38
48,1.552671358,9.03
49,1.559637323,15.49
50,1.564986587,9.26
51,1.568777397,3.24
52,1.571069762,2.96
53,1.571925521,8.3
54,1.571406707,9.05
55,1.569577038,0.79
56,1.566500291,-4.94
57,1.562240854,-2.9
58,1.556864172,-0.13
59,1.550436467,-2.83
60,1.543024376,-3.31
61,1.53469415,-1.79
62,1.525512889,1.38
63,1.515547559,4.38
64,1.504864573,4.67
65,1.493529961,7.39
66,1.481609121,11.06
67,1.469166026,8.64
68,1.456263736,-2.8
69,1.442963243,-6.27
70,1.429324493,-5.42
71,1.415405467,-2.44
72,1.401261702,-6.39
73,1.386946797,-6.41
74,1.372512281,-9.65
75,1.358007073,-4.66
76,1.343477279,0.04
77,1.328966409,-4.04
78,1.31451562,-4.53
79,1.300162181,-3.3
80,1.285940737,-3.69
81,1.271882504,4.17
82,1.258015767,10.8
83,1.244364962,9.45
84,1.23095192,7.75
85,1.217794374,-0.79
86,1.204908073,-8.1
87,1.192305297,-4.66
88,1.179995745,-0.88
89,1.167986915,1.18
90,1.156284526,3.79
91,1.144892365,3.75
92,1.13381277,-3.94
93,1.123047456,-4.63
94,1.112597212,-1.59
95,1.102462739,-4.32
96,1.092644379,-13.38
97,1.083143115,-4.71
98,1.073959842,0.3
99,1.065096349,-16.81
100,1.056555063,-20.38
101,1.048338898,-10.05
102,1.040451482,-6.09
103,1.032896891,2.06
104,1.025679536,5.77
105,1.018803485,1.62
106,1.012273014,6.87
107,1.006091118,2.56
108,1.000259891,-2.52
109,0.994779386,-3.87
110,0.989647977,-4.62
111,0.984860502,-7.54
112,0.980409622,-3.7
113,0.976284102,1.62
114,0.972469538,-6.11
115,0.96894823,-14.4
116,0.965699099,-13.5
117,0.962698974,-14.87
118,0.959922336,-3.91
119,0.957342476,-5.83
120,0.954932384,-8.37
121,0.952664644,-17.24
122,0.95051261,-13.31
123,0.948450506,-6.76
124,0.946452945,-0.48
125,0.944495738,2.8
126,0.942554556,-0.36
127,0.940605089,-5.62
128,0.93862249,-6.71
129,0.936581239,-4.16
130,0.934454314,-10.51
131,0.932213485,-17.11
132,0.929830156,-11.81
133,0.927275367,-6.01
134,0.924520805,-12.2
135,0.921540827,-16.45
136,0.918313742,-13.27
137,0.914824225,-8.55
138,0.911065482,-3.17
139,0.907041401,-7.49
140,0.902768552,-4.96
141,0.898277082,-4.63
142,0.89361266,2.44
143,0.888835214,4.91
144,0.884018004,6.63
145,0.879245296,5.24
146,0.874609962,4.25
147,0.870209299,0.75
148,0.866141967,-3.67
149,0.862503849,-3.18
150,0.859384902,-7.72
151,0.856865786,-7.19
152,0.855015308,-6.79
153,0.85388802,1.25
154,0.853521295,-3.31
155,0.853934973,-9.45
156,0.855129145,-8.8
157,0.857083552,-4.72
158,0.859759837,-2.37
159,0.863101348,1.07
160,0.867037296,3.82
161,0.871485434,0.72
162,0.87635617,6.31
163,0.881554842,10.21
164,0.886986941,5.24
165,0.892558359,-3.97
166,0.898177765,6.36
167,0.903758883,7.28
168,0.909220137,0.69
169,0.914487585,-1.81
170,0.919494756,3.08
171,0.92418424,8.67
172,0.928509325,5.22
173,0.932433821,8.1
174,0.935932718,8.43
175,0.938992724,2
176,0.94161021,-1.29
177,0.943791054,-0.61
178,0.945548862,-1.97
179,0.946903825,4.21
180,0.947880059,10.11
181,0.948504962,4.42
182,0.948807925,3.94
183,0.948817998,8.65
184,0.948563434,13.29
185,0.948071942,9.95
186,0.947368316,11.99
187,0.946475931,12.07
188,0.945414804,5.7
189,0.944202937,6.46
190,0.942855693,8.04
191,0.941386357,8.62
192,0.939805888,8.96
193,0.938123532,12.84
194,0.936346985,14.82
195,0.934482686,15.31
196,0.93253611,19.57
197,0.930511497,15.44
198,0.928413205,2.21
199,0.926244713,2.51
200,0.924009904,9.26
201,0.921712153,12.68
202,0.919355161,12.07
203,0.916942783,13.67
204,0.914479062,16.36
205,0.911968499,14.78
206,0.909415454,8.99
207,0.906824768,12.29
208,0.904201642,14.7
209,0.901551299,15.15
210,0.898878887,14.68
211,0.896189734,15.49
212,0.893489361,16.69
213,0.890783116,13.03
214,0.888076425,10.13
215,0.885374032,10.1
216,0.882681295,12.62
217,0.880002998,14.61
218,0.877343833,14.27
219,0.874708466,16.23
220,0.872101456,20.27
221,0.869526692,22.91
222,0.866988607,21.62
223,0.864491023,18.14
224,0.862037875,19.93
225,0.859632932,22.95
226,0.857279643,22.46
227,0.854981691,14.96
228,0.852742285,11.25
229,0.850564674,9.2
230,0.848452084,8.92
231,0.846407168,10.99
232,0.844432965,13.63
233,0.842531741,19.35
234,0.84070579,22.35
235,0.83895757,20.55
236,0.837288707,18.03
237,0.835700721,17.37
238,0.834195063,19.65
239,0.832772687,21.74
240,0.831434436,23.55
241,0.830180816,22.67
242,0.829012051,21.96
243,0.827927977,22.11
244,0.826928221,22.64
245,0.826012358,23.02
246,0.825179592,23.57
247,0.824428961,23.72
248,0.82375931,21.48
249,0.823169604,19.09
250,0.822658651,20.16
251,0.822225086,21.68
252,0.821868107,20.91
253,0.821586557,19.59
254,0.821379371,19.68
255,0.821246251,20.44
256,0.821186684,20.99
257,0.821200445,20.06
258,0.821287721,17.89
259,0.821449056,21.01
260,0.821685165,24.9
261,0.821997151,26.42
262,0.822386637,26.78
263,0.822855435,26.16
264,0.823405378,24.67
265,0.82403902,23.95
266,0.824758977,24.67
267,0.825568132,25.25
268,0.826469339,23.87
269,0.827465825,23.39
270,0.828560911,23.48
271,0.829757601,24.38
272,0.831059158,24.51
273,0.832468599,24.28
274,0.833988793,24.78
275,0.835622251,26.55
276,0.837371238,23.06
277,0.839237764,19.61
278,0.841223285,19.35
279,0.84332864,20.47
280,0.845554501,22.26
281,0.847900815,25.06
282,0.850366697,24.28
283,0.852950908,22.85
284,0.855651766,21.79
285,0.858466625,22.07
286,0.861392535,24.18
287,0.864425547,26.12
288,0.867562003,24.07
289,0.870796449,19.51
290,0.874124117,17.55
291,0.877539046,18.33
292,0.881034948,19.33
293,0.884605139,19.5
294,0.88824261,22.02
295,0.891939327,23.51
296,0.895687141,25.55
297,0.899477184,24.78
298,0.903299831,20.45
299,0.907144964,19.79
300,0.91100125,22.98
301,0.914856561,24.97
302,0.918697253,21.02
303,0.922508962,18.23
304,0.926275335,20.05
305,0.929978281,21.27
306,0.933598019,22.37
307,0.937112577,22.51
308,0.940497771,22.76
309,0.943727419,23.53
310,0.946772613,23.54
311,0.949602701,23.39
312,0.952185221,22.65
313,0.954485565,21.47
314,0.956468791,22.44
315,0.958098978,23.63
316,0.959341519,23.21
317,0.960162655,21.2
318,0.960531726,19.66
319,0.960420944,21.02
320,0.959807158,19.23
321,0.958672099,20.76
322,0.957002461,22.1
323,0.954790764,22.96
324,0.952033602,24.39
325,0.948732682,24.22
326,0.94489333,25.17
327,0.940524802,26.13
328,0.935639612,26.01
329,0.930254541,25.47
330,0.92439156,26.27
331,0.9180803,25.89
332,0.91136004,25.36
333,0.904281951,24.11
334,0.896913238,24.74
335,0.889338724,25.03
336,0.881662436,23.34
337,0.874007836,24.49
338,0.866515987,23.48
339,0.859341979,22.71
340,0.852649137,24.31
341,0.846602954,25.99
342,0.841364481,22.46
343,0.837085187,19.18
344,0.833903432,19.37
345,0.831944391,20.77
346,0.831321441,22.91
347,0.83214163,19.58
348,0.834510691,15.37
349,0.838541713,13.62
350,0.844360743,13.55
351,0.852113806,15.09
352,0.86196918,15.63
353,0.874113008,15.01
354,0.888732322,16.09
355,0.905982383,17.02
356,0.925934978,19.88
357,0.948516585,20.7
358,0.97345411,14.35
359,1.000255585,14.34
360,1.028243683,16.57
361,1.056639887,18
362,1.084674932,19.36
363,1.111688934,20.21
364,1.137197271,20.52
365,1.160911784,20.59
366,1.182728201,18.68
367,1.202688813,17.59
368,1.220938087,20.96
369,1.237679884,19.56
370,1.253141582,8.46
371,1.26754792,9.68
372,1.281104997,13.23
373,1.293991879,13.85
374,1.306358039,14.73
375,1.318324879,13.33
376,1.32999146,12.09
377,1.341437101,11.11
378,1.352728024,12.3
379,1.363919958,18.78
380,1.375060037,18.74
381,1.386186585,13.39
382,1.397328004,12.92
383,1.408500403,14.39
384,1.419702828,11.95
385,1.430917248,9.23
386,1.442104489,11.91
387,1.453205392,11.52
388,1.464142621,9.32
389,1.474823385,9.11
390,1.485145167,11.2
391,1.495000765,15.09
392,1.504283994,14.41
393,1.512894392,17.07
394,1.520741507,18.48
395,1.52774854,10.71
396,1.533851638,7.6
397,1.539002672,6.25
398,1.543166786,2.52
399,1.546322331,2.34
400,1.548458219,8.38
401,1.549573287,11.7
402,1.549673542,10
403,1.548771769,8.63
404,1.546885803,4.8
405,1.544037446,5.9
406,1.540252015,5.86
407,1.53555797,8.96
408,1.52998656,11.53
409,1.523571476,1.99
410,1.5163486,-1.66
411,1.508356243,-3.02
412,1.499634832,-2.68
413,1.490226105,-0.49
414,1.480174378,-3.09
415,1.469524264,-8.43
416,1.458322808,-4.55
417,1.446616307,-3.38
418,1.434452131,-4.09
419,1.421877712,4.28
420,1.408939958,9.72
421,1.395684808,9.51
422,1.38215749,1.52
423,1.368401155,-1.28
424,1.354458526,-1.37
425,1.340369344,-2.42
426,1.326172084,3.84
427,1.31190303,13.37
428,1.297597051,3.84
429,1.283285961,-0.47
430,1.269001082,1.58
431,1.254770562,-0.15
432,1.240621626,3.65
433,1.22657989,5.38
434,1.212669879,1.63
435,1.1989142,3.09
436,1.185334921,3.45
437,1.171953276,1.64
438,1.158789471,-0.24
439,1.14586316,-0.97
440,1.133193359,2.45
441,1.120798618,5.53
442,1.108696789,6.42
443,1.096905552,6.9
444,1.085441321,-0.32
445,1.074320741,-2.72
446,1.063558705,-2.09
447,1.053169854,-1.08
448,1.043167561,-1.1
449,1.033563726,2.06
450,1.024369322,8.94
451,1.015593357,7.06
452,1.007243879,3.31
453,0.9993264,4.24
454,0.991845392,7.47
455,0.984802917,2.27
456,0.978199624,-1.19
457,0.972034164,-2.5
458,0.966303572,-6.32
459,0.961002789,-3.93
460,0.956125855,-0.79
461,0.951664701,4
462,0.947610192,4.83
463,0.943951428,-8.33
464,0.940677039,-7.1
465,0.937773503,-11.35
466,0.935226649,-15.44
467,0.933021337,-8.46
468,0.931140788,-11.65
469,0.929567084,-3.29
470,0.928281143,-0.57
471,0.927262448,-6.46
472,0.926488899,-9.18
473,0.925936922,-5.21
474,0.925581038,-1.38
475,0.925394669,1.8
476,0.925349317,4.31
477,0.925415419,1.76
478,0.925562546,2.83
479,0.92576021,2.92
480,0.925978474,0.44
481,0.926189311,-0.29
482,0.926367424,0.1
483,0.926491916,1.6
484,0.92654714,-3.05
485,0.926523998,-3.03
486,0.926420435,-3.68
487,0.926241264,2.45
488,0.925998837,-0.72
489,0.925712101,-1.78
490,0.925404772,1.52
491,0.92510543,-4.44
492,0.924846217,-5.9
493,0.924659282,0.31
494,0.924578503,-7.9
495,0.924637437,-6.04
496,0.92486655,2.24
497,0.925295196,8.27
498,0.925949275,1.47
499,0.926851727,-2.25
500,0.928020328,-0.46
501,0.929469295,-4.11
502,0.931206822,-6.69
503,0.933236577,-3.72
504,0.93555481,-11.45
505,0.938152224,-9.86
506,0.941011786,-10.1
507,0.944110326,-9.17
508,0.947416693,-16.5
509,0.950894363,-15.28
510,0.954499245,-3.07
511,0.95818153,-3.83
512,0.961888492,-10.74
513,0.965563409,-13.04
514,0.969148971,-4.56
515,0.972589344,-5.71
516,0.975831069,-11.82
517,0.978826061,-9.55
518,0.98153279,-2.7
519,0.983918175,-3.96
520,0.985956751,-0.24
521,0.987631798,0.9
522,0.988934867,-7.8
523,0.98986496,-11.47
524,0.990426384,-1.26
525,0.990628898,2.22
526,0.990486175,4.42
527,0.990013734,5.61
528,0.989229858,7.05
529,0.988152988,7.56
530,0.986803189,8.07
531,0.985199988,10.72
532,0.98336333,8.58
533,0.981313482,13.59
534,0.979070246,11.17
535,0.976652645,3.01
536,0.974079922,5.32
537,0.971370086,6.2
538,0.968540594,8.75
539,0.96560742,6.45
540,0.962585449,4.24
541,0.959488146,1.99
542,0.956327215,9.76
543,0.953113392,6.73
544,0.949855573,0.92
545,0.946561776,-1.94
546,0.943238661,1.46
547,0.939891554,8.65
548,0.936525635,11.41
549,0.933145195,10.1
550,0.929753847,14.09
551,0.926355109,12.75
552,0.922952048,6.45
553,0.919547737,9.34
554,0.916145042,11.78
555,0.912746616,14.98
556,0.909355111,16.21
557,0.905972965,19.11
558,0.902602561,15.36
559,0.899246268,10.3
560,0.895906106,12.29
561,0.892584048,16.56
562,0.889282078,13.69
563,0.886002272,13.01
564,0.882746696,14.61
565,0.879517235,16.55
566,0.876316436,17.7
567,0.87314637,16.07
568,0.87000984,13.86
569,0.86690972,10.63
570,0.863848776,8.73
571,0.860830463,7.28
572,0.857858002,8.52
573,0.854934834,10.68
574,0.852064252,9.02
575,0.849249542,9.02
576,0.846493982,9.71
577,0.843800656,11.8
578,0.841172241,11.13
579,0.838611342,11.26
580,0.83612024,15.42
581,0.833700612,17.65
582,0.831354335,19.4
583,0.829082511,20.47
584,0.826886587,20.55
585,0.824767381,21.67
586,0.822725713,22.4
587,0.820762642,21.84
588,0.818878718,21.55
589,0.817075044,21.71
590,0.815352529,16.35
591,0.813712224,13.16
592,0.812155098,14.53
593,0.810682364,19.91
594,0.809295274,20.61
595,0.807994626,21.63
596,0.806781456,22.08
597,0.805656359,16.16
598,0.80461999,11.41
599,0.803672619,11.38
600,0.802814193,14.38
601,0.802044533,17.82
602,0.801363118,20.3
603,0.80076918,22.16
604,0.800261877,21.36
605,0.799840309,21.58
606,0.799503513,21.12
607,0.799250618,22.67
608,0.799080834,22.9
609,0.798993699,16.91
610,0.79898899,13.74
611,0.79906705,14.99
612,0.799228281,17.02
613,0.799473837,19.73
614,0.799805239,21.97
615,0.800224431,20.49
616,0.800733753,22.79
617,0.801336333,23.53
618,0.802035026,22.01
619,0.802833676,24.57
620,0.803736001,25.63
621,0.804745682,26.11
622,0.805866845,25.67
623,0.807103425,25.76
624,0.808459044,25.79
625,0.809937201,24.55
626,0.81154111,22.91
627,0.813273318,24.15
628,0.815136053,22.35
629,0.817130633,22.64
630,0.819258109,24.44
631,0.821518466,24.57
632,0.823910944,25.48
633,0.826434061,22.18
634,0.829085693,22.66
635,0.831862666,22.16
636,0.834760994,19.4
637,0.837776296,18.94
638,0.840903535,20.01
639,0.844136804,21.25
640,0.847470015,20.56
641,0.85089653,20.09
642,0.854409769,20.72
643,0.858002611,21.03
644,0.861668482,22.31
645,0.865400158,23.33
646,0.869191587,22.78
647,0.873036504,18.52
648,0.876929201,21.26
649,0.880864397,20.86
650,0.884837851,21.59
651,0.888845824,23.97
652,0.892885089,24.62
653,0.896953613,25.27
654,0.901050195,21.97
655,0.905174106,22.06
656,0.909325883,25.72
657,0.913506798,26.76
658,0.91771856,26.74
659,0.921963736,25.02
660,0.926245786,24.06
661,0.930568427,21.82
662,0.93493586,22.2
663,0.939352177,23.23
664,0.943821758,24.2
665,0.948349044,25.02
666,0.95293735,25.1
667,0.957589395,26.09
668,0.962307215,26.63
669,0.967091344,24.11
670,0.971940145,24.02
671,0.976850308,23.54
672,0.981815949,24.09
673,0.986828513,24.94
674,0.991876051,23.45
675,0.996943891,22.8
676,1.002013177,21.22
677,1.007062048,20.73
678,1.012065016,22.86
679,1.016993254,23.87
680,1.021814518,24.22
681,1.026493832,23.34
682,1.030994125,21.24
683,1.035276487,21.37
684,1.039300837,23.15
685,1.043027125,23.96
686,1.046415091,24.5
687,1.049426235,24.42
688,1.052024111,23.58
689,1.054174274,24.02
690,1.055846013,20.27
691,1.057011522,19.86
692,1.057646908,20.76
693,1.057731159,22.66
694,1.057246506,20.42
695,1.056177422,18.35
696,1.054510109,18.81
697,1.052231684,19.02
698,1.049329512,20.57
699,1.045790739,22.56
700,1.041602172,23.7
701,1.036750354,23.96
702,1.031222254,24.88
703,1.025006235,25.7
704,1.018093161,26.14
705,1.010479145,26.34
706,1.002165824,25.63
707,0.993164316,26.04
708,0.983495437,26.59
709,0.973191857,26.5
710,0.962300099,23.43
711,0.950879872,21.55
712,0.939004868,19.39
713,0.926761873,15.71
714,0.914248481,14.6
715,0.901571341,16.81
716,0.888841979,19.53
717,0.876174502,20.57
718,0.86368072,21.43
719,0.85146746,23.07
720,0.839632608,22.3
721,0.828263283,17.5
722,0.817433517,17.38
723,0.807203494,18.49
724,0.797619622,19.96
725,0.788715042,20.8
726,0.780510034,20.79
727,0.773014624,19.24
728,0.766229726,20.59
729,0.760149583,21.96
730,0.754763287,20.94
731,0.750057261,16.91
732,0.746016774,14.44
733,0.742627669,13.26
734,0.739877626,10.18
735,0.737757297,14.44
736,0.736260282,18.39
737,0.735383812,18.89
738,0.735128172,18.9
739,0.735496484,19.45
740,0.736493111,18.54
741,0.738123439,14.73
742,0.740391742,15.14
743,0.743300222,18.22
744,0.746848147,15.85
745,0.751030162,13.44
746,0.755836394,13.67
747,0.761251103,12.92
748,0.767253313,8.24
749,0.773816615,7.34
750,0.780910425,10.42
751,0.788499974,15.21
752,0.796547409,16.49
753,0.805012703,18.6
754,0.813854501,17.1
755,0.823029585,18.47
756,0.832494617,14.01
757,0.842204675,12.1
758,0.852114558,11.58
759,0.862177774,13.61
760,0.872347124,9.58
761,0.88257499,8.66
762,0.892813347,9.53
763,0.903014719,13.65
764,0.913132884,13.59
765,0.923123874,14.4
766,0.932946578,16.8
767,0.9425641,18.57
768,0.951944143,17.04
769,0.961060375,10.22
770,0.969892077,7.26
771,0.978424706,6.63
772,0.986650728,8.49
773,0.994567655,8.96
774,1.002180122,12.14
775,1.009497598,7.96
776,1.016534477,5.77
777,1.023309991,9.88
778,1.0298471,9.25
779,1.036171153,11.39
780,1.042310812,15.86
781,1.048295811,11.19
782,1.054157481,5.44
783,1.059927993,4.49
784,1.065638617,-2.96
785,1.071321085,-0.74
786,1.077005789,2.58
787,1.082722709,6.96
788,1.088499233,12.22
789,1.094361819,13.4
790,1.100334965,7.66
791,1.106440648,4.82
792,1.112699069,5.49
793,1.119127944,8.51
794,1.12574286,3.81
795,1.132556431,1.36
796,1.139579497,1.32
797,1.146819904,1.27
798,1.15428324,3.66
799,1.161972106,5.73
800,1.169887081,6.5
801,1.178025834,9.4
802,1.186382934,9.05
803,1.19495067,11.4
804,1.20371893,17.04
805,1.212674469,16.09
806,1.22180146,14.54
807,1.23108241,8.2
808,1.240497008,7.91
809,1.250023246,4.59
810,1.259638175,-0.19
811,1.26931718,-1.24
812,1.279035181,1.85
813,1.288766697,8.59
814,1.298486352,10.29
815,1.308169514,13.52
816,1.317792132,10.87
817,1.3273305,8.93
818,1.336762205,9.03
819,1.346065626,11.18
820,1.355220854,4.6
821,1.364206284,6.76
822,1.373003244,1.95
823,1.381591305,0.4
824,1.389951617,-1.17
825,1.398064256,-0.46
826,1.405908629,0.03
827,1.413465261,-1.1
828,1.420713365,-2.73
829,1.427631527,-1.45
830,1.434199229,1.21
831,1.440394238,5.75
832,1.446194902,8.47
833,1.451579854,-0.96
834,1.456526399,-8.79
835,1.461012691,-3.78
836,1.465017185,-9.35
837,1.468517348,1.13
838,1.471491829,5.57
839,1.473918632,0.26
840,1.475777805,-4.9
841,1.477048188,-13.33
842,1.477710575,-11.12
843,1.477746919,-6.19
844,1.477139845,-5.84
845,1.475874901,-4.37
846,1.473939106,-3.86
847,1.471323088,-4.4
848,1.468018934,0.64
849,1.464024425,3.06
850,1.459339455,-1.47
851,1.453968272,0.8
852,1.447921202,0.51
853,1.441211611,4.86
854,1.433858633,10.29
855,1.425885677,6.82
856,1.417321488,5.51
857,1.408198521,10.43
858,1.398553878,-0.22
859,1.388428062,-1.02
860,1.377864301,0.37
861,1.36690788,3.9
862,1.35560523,2.36
863,1.344004735,-4.14
864,1.332152829,-7.54
865,1.320096493,-6.93
866,1.307881117,-4.36
867,1.29555048,-8.18
868,1.283146918,-7.52
869,1.270709559,-2.12
870,1.258277029,-0.25
871,1.245884195,0.11
872,1.23356472,0.41
873,1.221350387,9.23
874,1.209269807,12.19
875,1.197350845,9.35
876,1.185619146,4.51
877,1.174097478,3.97
878,1.162807114,4.36
879,1.151767284,1.02
880,1.140993282,0.04
881,1.130499549,2.08
882,1.120296963,9.55
883,1.110392995,8.46
884,1.100793749,6.06
885,1.091500662,-1.42
886,1.082514077,0.86
887,1.073831119,1.26
888,1.065446109,2.74
889,1.057352133,3.72
890,1.049539573,10.56
891,1.041998029,15.28
892,1.034715213,16.02
893,1.027678467,13.25
894,1.020873904,9.47
895,1.01428806,11.24
896,1.007906735,14.1
897,1.001715869,13.9
898,0.995701946,14.5
899,0.989851967,15.16
900,0.984153636,11.16
901,0.978595383,8.43
902,0.973166987,5.95
903,0.967858501,3.46
904,0.962661982,3.94
905,0.957570322,8.75
906,0.952577583,13.85
907,0.947679229,15.18
908,0.942871854,5.83
909,0.938153028,7.12
910,0.933521867,12.48
911,0.928977914,9.04
912,0.924521923,7.55
913,0.920154944,10.67
914,0.915878907,16.11
915,0.911695845,11.56
916,0.907607913,6.64
917,0.903617367,5.11
918,0.899725705,10.73
919,0.8959345,3.27
920,0.892244488,8.84
921,0.888655812,7.21
922,0.885167442,3.93
923,0.881777868,1.69
924,0.878484301,5.02
925,0.87528345,12.44
926,0.872170791,6.21
927,0.869141415,7.5
928,0.866189241,10.23
929,0.863308154,13.22
930,0.860491596,16.19
931,0.85773287,17.17
932,0.855025075,18.4
933,0.852361783,18.59
934,0.849736638,17.41
935,0.84714444,16.82
936,0.844579965,14.87
937,0.842039503,12.84
938,0.839519948,14.42
939,0.837019503,18.83
940,0.834537409,19.63
941,0.832074158,15.13
942,0.82963147,15.78
943,0.827212125,14.22
944,0.824820407,12.82
945,0.822461061,16.63
946,0.82013993,13.89
947,0.817863576,12.64
948,0.815638974,11.76
949,0.813473046,9.64
950,0.81137307,13.4
951,0.809345961,17.54
952,0.807398103,14
953,0.8055356,14.69
954,0.803763628,16.78
955,0.802086689,18.98
956,0.800508834,19.52
957,0.799033582,15.67
958,0.797662877,11.43
959,0.796399236,9.08
960,0.795244403,9.99
961,0.794199727,11.2
962,0.793266304,12.48
963,0.792445362,13.88
964,0.791737869,14.69
965,0.791144788,15.86
966,0.790667236,16.92
967,0.790306121,17.63
968,0.7900621,19.48
969,0.789936304,21.48
970,0.789929263,22.31
971,0.790041558,22.71
972,0.790273301,23.47
973,0.790624328,22.97
974,0.791094333,22.43
975,0.791682243,23.02
976,0.792386808,23.01
977,0.793206222,22.3
978,0.794138327,21.49
979,0.795180149,21.08
980,0.796328582,20.73
981,0.797579788,21.81
982,0.798929513,19.48
983,0.800372973,17.64
984,0.801905438,19.14
985,0.803521223,23.43
986,0.80521439,26.35
987,0.806979157,26.01
988,0.808808982,23.56
989,0.810697414,25.01
990,0.812637851,25.63
991,0.814623557,25.15
992,0.816648059,23.11
993,0.81870465,24
994,0.820786931,24.94
995,0.822888792,26.6
996,0.825004481,25.85
997,0.827128507,23.55
998,0.829255939,26.64
999,0.831382476,24.33
1000,0.833504394,25.03
1001,0.835618667,27.18
1002,0.837722823,26.18
1003,0.839815333,23.8
1004,0.8418957,19.93
1005,0.843964025,21.14
1006,0.846021064,22.29
1007,0.848068818,19.47
1008,0.850109816,19.22
1009,0.852147557,20.83
1010,0.854186051,23.52
1011,0.856230035,25.56
1012,0.858284943,24.98
1013,0.860356353,25
1014,0.862450629,23.81
1015,0.864574097,22.31
1016,0.866733059,24.41
1017,0.868934028,25.19
1018,0.871183462,25.98
1019,0.873487033,25.35
1020,0.875850499,24.58
1021,0.878278419,22.45
1022,0.880775228,23.99
1023,0.883343965,26.22
1024,0.885986857,25.56
1025,0.888705544,26.3
1026,0.891499899,26.83
1027,0.894368969,26.97
1028,0.897310711,27.23
1029,0.90032161,28.14
1030,0.903397061,27.56
1031,0.906531751,25.56
1032,0.909718923,25.64
1033,0.912950762,25.19
1034,0.916218668,24.58
1035,0.9195133,23.95
1036,0.922824115,23.94
1037,0.926139653,24.43
1038,0.929447956,25.03
1039,0.932735883,26
1040,0.935989298,26.39
1041,0.939193495,26.47
1042,0.942332096,25.5
1043,0.945388429,24.43
1044,0.948344879,25.04
1045,0.951183192,25.82
1046,0.953884535,26.49
1047,0.956430264,27.31
1048,0.958802134,27.58
1049,0.960982881,25.86
1050,0.962956667,23.87
1051,0.964710213,23.44
1052,0.966232494,23.71
1053,0.967516281,23.46
1054,0.968557902,24.04
1055,0.969357915,24.01
1056,0.969920658,23.35
1057,0.970254429,21.7
1058,0.970370926,20.08
1059,0.970284596,21.26
1060,0.970011607,24.08
1061,0.969568886,25.93
1062,0.968973696,25.79
1063,0.968241684,25.69
1064,0.967387222,25.88
1065,0.966422029,25.68
1066,0.965355113,25.76
1067,0.964192383,24.71
1068,0.962937169,21.55
1069,0.961590178,19.94
1070,0.960149959,20.33
1071,0.958613984,21.45
1072,0.956978656,24.11
1073,0.955240317,26.12
1074,0.953396343,27.01
1075,0.951445147,26.48
1076,0.949386939,24.37
1077,0.947224356,23.92
1078,0.94496274,19.38
1079,0.942610249,19.76
1080,0.940178156,21.42
1081,0.937680274,22.64
1082,0.935133241,21.91
1083,0.932555728,22.57
1084,0.929968208,22.97
1085,0.927392639,22.15
1086,0.924851291,22.06
1087,0.922366828,22.63
1088,0.919961371,23.29
1089,0.917656735,23.58
1090,0.915473543,24.44
1091,0.913431332,23.54
1092,0.911548704,23.15
1093,0.909843318,20.15
1094,0.908331797,16.93
1095,0.907030307,16.06
1096,0.905954711,14.59
1097,0.905119859,15.55
1098,0.90454106,15.23
1099,0.904233061,16.14
1100,0.904210702,17.05
1101,0.904487975,18.96
1102,0.905078731,21.42
1103,0.905996248,21.98
1104,0.90725223,21.13
1105,0.908857293,15.06
1106,0.910820678,13.9
1107,0.913149603,14.98
1108,0.915849179,16.75
1109,0.918922067,18.26
1110,0.922368236,14.18
1111,0.926185049,12.69
1112,0.930366889,17.11
1113,0.934905455,20.24
1114,0.939789206,22.22
1115,0.945004717,23.62
1116,0.950534835,20.28
1117,0.956361085,16.31
1118,0.96246244,11.43
1119,0.968816459,9.5
1120,0.975399576,13.01
1121,0.98218701,14.33
1122,0.989154056,10.08
1123,0.996276073,12.12
1124,1.003528669,13.82
1125,1.010888383,11.27
1126,1.018333316,18.21
1127,1.025843062,18.44
1128,1.033398829,13.84
1129,1.040984236,19.03
1130,1.048584931,20.04
1131,1.056188919,18.23
1132,1.063787006,12.56
1133,1.071371563,10.35
1134,1.078938089,11.77
1135,1.086484075,12.5
1136,1.094009027,12.66
1137,1.101514339,10.13
1138,1.109002851,8.59
1139,1.116479523,10.46
1140,1.123949625,6.48
1141,1.131419383,5.81
1142,1.138895489,7.24
1143,1.146385185,10.05
1144,1.153894633,10.12
1145,1.161429897,12.58
1146,1.168996632,17.17
1147,1.17659913,7.08
1148,1.184240475,1.14
1149,1.191922888,0.49
1150,1.199646875,1.84
1151,1.207411692,5.13
1152,1.215215072,7.67
1153,1.223053381,4.95
1154,1.230922401,4.92
1155,1.238815784,3.99
1156,1.246727124,8.13
1157,1.254648462,11.42
1158,1.262571514,10.02
1159,1.270486653,4.71
1160,1.278384671,3.3
1161,1.286255956,2.73
1162,1.294089541,2.47
1163,1.301875442,2.97
1164,1.309602812,3.46
1165,1.317260399,0.96
1166,1.324836954,-2.45
1167,1.33232066,-4.23
1168,1.339699522,-4.24
1169,1.346961081,-0.76
1170,1.354091972,1.13
1171,1.361078247,-2.17
1172,1.367905021,-6.74
1173,1.374556929,-10.25
1174,1.381017178,-7.85
1175,1.387268722,2.81
1176,1.393292859,-4.83
1177,1.399070665,-11.5
1178,1.404582411,-5.94
1179,1.409807637,-1.88
1180,1.414726198,1.07
1181,1.419318289,-0.25
1182,1.423564196,4.56
1183,1.427445695,3.99
1184,1.430946007,14.06
1185,1.434050232,4.64
1186,1.436746135,1.46
1187,1.439023659,3.51
1188,1.440875903,0.53
1189,1.442299396,3.07
1190,1.443291783,2.05
1191,1.443854183,6.27
1192,1.443989575,9.61
1193,1.443701565,-2.13
1194,1.442995355,-6.61
1195,1.441874981,-10.68
1196,1.440344945,-11.67
1197,1.438408807,-9.45
1198,1.436069176,-4.19
1199,1.43332766,4.76
1200,1.43018575,5.34
1201,1.426643029,10.39
1202,1.422699824,-0.79
1203,1.418356508,0.23
1204,1.413614497,0.1
1205,1.408475861,3.94
1206,1.402944848,10.26
1207,1.397026971,4.59
1208,1.390730277,4.08
1209,1.384066164,9.32
1210,1.377047211,12.31
1211,1.369689465,10.73
1212,1.362011164,7.89
1213,1.354033306,5.02
1214,1.345778957,6.45
1215,1.337273136,3.13
1216,1.328542545,-0.4
1217,1.319615275,-1.02
1218,1.31052047,-0.8
1219,1.301286802,-2.3
1220,1.29194428,4.29
1221,1.282522112,3.32
1222,1.273049206,-1.31
1223,1.263553932,-3.81
1224,1.25406307,-3.97
1225,1.244602785,2.59
1226,1.23519744,3.59
1227,1.22587055,12.58
1228,1.216643512,5.21
1229,1.207536027,-3.63
1230,1.198566496,-1.64
1231,1.189751431,9.26
1232,1.181105554,10.93
1233,1.172641382,3.13
1234,1.16437006,4.79
1235,1.156300053,3.2
1236,1.148438498,1.15
1237,1.140789941,8.06
1238,1.133356899,10.94
1239,1.126139954,10.33
1240,1.119137451,10.69
1241,1.112345278,13.19
1242,1.105757862,14.34
1243,1.099367246,15.31
1244,1.093163908,16.75
1245,1.087136552,4.74
1246,1.081272334,0.72
1247,1.075557739,5.71
1248,1.069977984,10.17
1249,1.064517945,14.31
1250,1.059161961,3.62
1251,1.053894818,0.08
1252,1.048701495,1.63
1253,1.043567821,6.53
1254,1.03848055,11.53
1255,1.033427872,13.66
1256,1.028399065,9.07
1257,1.02338542,9.48
1258,1.018379733,4.34
1259,1.013376638,-1.42
1260,1.008372284,-1.72
1261,1.003364474,-0.03
1262,0.998353019,-2.48
1263,0.993338235,-3.7
1264,0.988322191,-1.49
1265,0.983308084,2.36
1266,0.978299074,6.1
1267,0.973299392,4.62
1268,0.968313433,8.66
1269,0.963345952,10.51
1270,0.958401226,3.17
1271,0.953483954,3.61
1272,0.948597752,14.75
1273,0.943746276,17.19
1274,0.938933469,14.87
1275,0.934161156,13.41
1276,0.929432362,12.45
1277,0.924748771,11.65
1278,0.920111775,14.28
1279,0.915522896,11.29
1280,0.910982482,7.8
1281,0.906491406,9.76
1282,0.902049921,14.02
1283,0.897658102,13.71
1284,0.893315926,12.14
1285,0.889023438,7.48
1286,0.884780213,6.46
1287,0.880586363,8.57
1288,0.87644133,14.99
1289,0.872345135,19.17
1290,0.868297257,16.54
1291,0.864297852,12.47
1292,0.860346578,14.75
1293,0.856443532,17.35
1294,0.85258922,20.38
1295,0.848784,19.87
1296,0.845029376,16.5
1297,0.841326691,16.49
1298,0.837678403,19.74
1299,0.834087379,20.58
1300,0.830558084,14.28
1301,0.827095523,9.75
1302,0.823705889,11.42
1303,0.820396423,14.34
1304,0.817175515,16.95
1305,0.814052239,19.87
1306,0.811036557,17.05
1307,0.808138557,13.24
1308,0.805368423,17.77
1309,0.802736096,19.84
1310,0.800250828,16.9
1311,0.797920793,11.99
1312,0.795752928,10.39
1313,0.793752573,10.49
1314,0.791923575,9.16
1315,0.790268227,9.59
1316,0.788786575,9.93
1317,0.787478045,10.42
1318,0.78633973,14.59
1319,0.785368346,18.67
1320,0.784559049,18.56
1321,0.783906192,15.51
1322,0.78340362,15.64
1323,0.783044666,19.3
1324,0.782822132,19.99
1325,0.782728933,22.38
1326,0.782757379,23.93
1327,0.782900102,24.55
1328,0.783149585,20.57
1329,0.783498563,19.2
1330,0.783939637,20.55
1331,0.78446576,16.29
1332,0.785070062,17.28
1333,0.785745762,16.21
1334,0.786486298,15.16
1335,0.787285306,18.11
1336,0.788137004,21.46
1337,0.789035618,20.76
1338,0.789975569,20.32
1339,0.790951595,19.74
1340,0.791959099,19.2
1341,0.792993397,19.26
1342,0.794050269,20.21
1343,0.795125738,22.14
1344,0.796216615,23.64
1345,0.797319695,23.16
1346,0.798432276,19.62
1347,0.799552202,17.74
1348,0.800677501,17.37
1349,0.801806815,20.43
1350,0.80293905,22.92
1351,0.804073468,24.7
1352,0.805210218,26.15
1353,0.80634924,27.04
1354,0.807491176,26.17
1355,0.808636665,24.71
1356,0.809787124,25.01
1357,0.810943887,25.45
1358,0.812108442,24.87
1359,0.813282505,22
1360,0.814467922,22.15
1361,0.81566634,23.86
1362,0.816879317,24.78
1363,0.818108484,23.18
1364,0.819354914,20.88
1365,0.820619494,19.24
1366,0.821902364,18.34
1367,0.823203869,17.91
1368,0.824523099,20.15
1369,0.825858973,24.42
1370,0.827209763,24.44
1371,0.828572907,23.74
1372,0.829945363,23.59
1373,0.831323422,24.62
1374,0.832703151,24.1
1375,0.834079966,23.79
1376,0.835448802,23.83
1377,0.836804792,24.88
1378,0.838142551,23.11
1379,0.839456797,22.1
1380,0.840742759,25.07
1381,0.841995366,25.89
1382,0.843210585,26.81
1383,0.844384305,27.39
1384,0.84551324,24.85
1385,0.846594803,22.28
1386,0.847627141,23.24
1387,0.848608963,23.75
1388,0.849539779,25.45
1389,0.850419983,26.17
1390,0.851250559,27.98
1391,0.852033414,28.44
1392,0.852771185,28.6
1393,0.853467219,26.66
1394,0.854125522,24.84
1395,0.854751371,22.98
1396,0.855350189,24.28
1397,0.855928972,25.51
1398,0.856494911,23.73
1399,0.857056558,21.25
1400,0.857623011,21.77
1401,0.858203992,23.41
1402,0.858810589,24.17
1403,0.859453775,23.88
1404,0.86014501,24.23
1405,0.860895723,21.4
1406,0.861717492,19.45
1407,0.862620942,19.73
1408,0.86361564,19.89
1409,0.864710189,20.92
1410,0.865911447,21.61
1411,0.867224142,22.74
1412,0.868650988,23.56
1413,0.87019217,22.25
1414,0.871845976,21.48
1415,0.873607911,23.21
1416,0.875471316,24.7
1417,0.877427585,25.61
1418,0.879466228,26.18
1419,0.881575599,24.95
1420,0.883742087,24.67
1421,0.885951951,25.5
1422,0.888191,26.81
1423,0.890444562,25.57
1424,0.892698705,21.43
1425,0.894939698,19.94
1426,0.897155106,19.35
1427,0.899333633,19.78
1428,0.9014652,21.15
1429,0.903542057,21.59
1430,0.905557945,21.03
1431,0.907509044,21.37
1432,0.909394003,21.78
1433,0.911213689,17.36
1434,0.912971683,15.91
1435,0.914673857,19.6
1436,0.916328713,22.77
1437,0.917947412,20.23
1438,0.919542998,15.69
1439,0.921130575,14.87
1440,0.922726989,16.82
1441,0.924350277,17.78
1442,0.92601943,16.66
1443,0.92775365,16.89
1444,0.929571971,18.13
1445,0.931493044,17.61
1446,0.933534227,18.33
1447,0.935711406,20.89
1448,0.938038856,22.54
1449,0.940528587,23.4
1450,0.94319126,23.1
1451,0.946034864,22.25
1452,0.949065655,23.07
1453,0.952288121,25.1
1454,0.955705628,25.23
1455,0.95931977,25.21
1456,0.963131666,24.87
1457,0.9671413,24.4
1458,0.971348532,25.04
1459,0.975752994,23.86
1460,0.980354197,18.76
1461,0.985151596,17.71
1462,0.990144894,16.03
1463,0.995333999,15.91
1464,1.000718765,19.01
1465,1.006299391,21.51
1466,1.012076303,22.33
1467,1.018049322,20.76
1468,1.024218433,21.08
1469,1.030583322,22.35
1470,1.037142888,19.49
1471,1.043895729,20.48
1472,1.050839573,20.46
1473,1.057971224,17.97
1474,1.065286852,15.93
1475,1.072780959,17.14
1476,1.080447882,19.64
1477,1.088280171,19.61
1478,1.096269667,12.2
1479,1.104407385,12.24
1480,1.112683281,13.17
1481,1.121086821,15.37
1482,1.129606679,16.4
1483,1.138231337,17.41
1484,1.146949112,19.08
1485,1.155747607,16.54
1486,1.164614707,10.01
1487,1.173538134,7.73
1488,1.18250607,8.21
1489,1.191506132,10.39
1490,1.200526521,4.13
1491,1.20955503,3.9
1492,1.21857968,4.99
1493,1.227587938,4.64
1494,1.236567482,4.91
1495,1.245505273,14.93
1496,1.254388139,13.9
1497,1.263202161,11.81
1498,1.271933347,17.71
1499,1.280566573,11.76
1500,1.289086863,7.62
1501,1.297478154,6.69
1502,1.305724233,5.49
1503,1.313808784,0.96
1504,1.321715534,0.08
1505,1.329427406,4.28
1506,1.336928025,4.56
1507,1.344201654,5.54
1508,1.351231754,7.01
1509,1.358003274,4.79
1510,1.364501551,3.75
1511,1.370712429,11.77
1512,1.37662226,3.14
1513,1.382219002,1.76
1514,1.387490526,6.2
1515,1.392426267,1.47
1516,1.397015423,1.2
1517,1.401249573,4.31
1518,1.405119434,9.12
1519,1.408617407,4.6
1520,1.411736503,6.77
1521,1.414470494,10.48
1522,1.416813046,9.78
1523,1.418759555,8.84
1524,1.420305312,4.99
1525,1.421446517,5.15
1526,1.422179863,6.44
1527,1.42250289,9.79
1528,1.422413304,8.88
1529,1.421909705,1.86
1530,1.420991629,-0.93
1531,1.419659153,-3.43
1532,1.417912737,-2.43
1533,1.415754691,-2.1
1534,1.413187221,0.46
1535,1.410213932,-0.14
1536,1.40683955,-2.42
1537,1.403069809,-0.98
1538,1.398911774,-2.02
1539,1.394373685,2.16
1540,1.389464945,3.52
1541,1.384196907,5.76
1542,1.378581524,7
1543,1.37263307,4.56
1544,1.366366819,3.38
1545,1.359800011,8.8
1546,1.352950603,4.02
1547,1.345839009,-0.5
1548,1.338486478,-5.45
1549,1.330915481,-8.1
1550,1.323150501,-13.49
1551,1.315216318,-11.3
1552,1.307139382,-8.14
1553,1.298946336,-8.15
1554,1.290664792,-14.03
1555,1.282322809,-16.08
1556,1.273948133,-17.7
1557,1.265569195,-11.03
1558,1.25721328,-11.97
1559,1.248907536,-14.51
1560,1.240678072,-15.4
1561,1.232549474,-9.05
1562,1.224545181,1.21
1563,1.216686249,-0.22
1564,1.208992437,5.7
1565,1.201480731,12.69
1566,1.194165736,1.18
1567,1.187059507,-7.41
1568,1.180171892,-10.01
1569,1.173509613,-5.81
1570,1.167077512,-12.54
1571,1.160877928,-11.6
1572,1.15491116,-8.12
1573,1.149175331,-2.74
1574,1.143667608,2.53
1575,1.138382927,6.95
1576,1.133315742,10.46
1577,1.128458723,3.85
1578,1.123804376,-0.41
1579,1.11934422,-0.23
1580,1.115069091,5.09
1581,1.110969722,8.34
1582,1.107036203,3.62
1583,1.103258237,0.46
1584,1.099625632,-2.96
1585,1.096127585,1.36
1586,1.09275344,2.37
1587,1.089491963,-7.27
1588,1.086332202,-3.57
1589,1.083263114,1.34
1590,1.080273405,-6.54
1591,1.077352077,-4.57
1592,1.074488193,-4.12
1593,1.071670979,-5.68
1594,1.068889514,0.6
1595,1.066134304,0.88
1596,1.063395172,-1.16
1597,1.060662866,-4.2
1598,1.05792883,-2.18
1599,1.055184618,4.63
1600,1.052422717,13.46
1601,1.049636044,7.93
1602,1.046818003,0.49
1603,1.043962404,1.93
1604,1.041063443,10.8
1605,1.038116045,18.21
1606,1.035114706,9.5
1607,1.032054745,4.68
1608,1.028930947,9.9
1609,1.025738694,8.03
1610,1.022473045,9.49
1611,1.019128866,5.71
1612,1.015701599,7.59
1613,1.01218608,11.06
1614,1.008577421,10.33
1615,1.004870921,3.98
1616,1.001062103,2.98
1617,0.9971468,3.25
1618,0.993121728,3.38
1619,0.988983966,5.74
1620,0.984731518,1.73
1621,0.980363369,-1.21
1622,0.975880086,-0.01
1623,0.971283153,2.08
1624,0.966575816,2.26
1625,0.961762324,1.28
1626,0.956849001,0.65
1627,0.951843806,-0.77
1628,0.946755528,4.66
1629,0.941594988,2.45
1630,0.936374187,4.56
1631,0.931105934,5.1
1632,0.925804093,6.87
1633,0.920483336,2.92
1634,0.915158153,0.94
1635,0.909843698,0.74
1636,0.904554218,2.63
1637,0.899303995,1.93
1638,0.894106418,1.37
1639,0.888973713,5.7
1640,0.883917265,11.25
1641,0.878946908,10.47
1642,0.874071255,11.05
1643,0.869297154,6.65
1644,0.864630297,7.34
1645,0.860074662,5.73
1646,0.8556327,2.32
1647,0.851305768,11.12
1648,0.847093716,4.35
1649,0.84299583,2.36
1650,0.839009896,6.63
1651,0.835133299,0.67
1652,0.831362791,0.52
1653,0.827694729,3.25
1654,0.824125774,3.19
1655,0.820652232,6.78
1656,0.817270897,15.62
1657,0.813979506,19.03
1658,0.810776003,17.53
1659,0.807659417,11.01
1660,0.8046299,2.77
1661,0.801688455,3.3
1662,0.798836872,7.53
1663,0.796078421,6.44
1664,0.793416739,6.89
1665,0.790856242,9.18
1666,0.78840179,11.76
1667,0.786058202,12.23
1668,0.783830591,12.45
1669,0.781723164,12.7
1670,0.779739797,10.82
1671,0.777883507,12.3
1672,0.776156418,10.11
1673,0.774559855,7.44
1674,0.773094133,11.35
1675,0.771758445,16.77
1676,0.770551331,20.95
1677,0.769470431,21.41
1678,0.768513076,20.75
1679,0.767675862,17.53
1680,0.766954921,17.78
1681,0.766346559,16.3
1682,0.765846401,16.82
1683,0.765450493,18.88
1684,0.765154645,20.98
1685,0.764954738,20.77
1686,0.764846593,21.94
1687,0.764826566,21.99
1688,0.764890827,24.12
1689,0.765035935,23.57
1690,0.765258446,20.91
1691,0.765554935,20.88
1692,0.765922703,20.13
1693,0.76635851,20.95
1694,0.766859874,21.49
1695,0.767423868,21.21
1696,0.768047825,21.8
1697,0.768729538,20.8
1698,0.769466393,21.56
1699,0.770256147,22.74
1700,0.771096282,23.86
1701,0.77198451,25.19
1702,0.772918426,25.75
1703,0.773895554,25.11
1704,0.774913028,24.01
1705,0.775968499,24.79
1706,0.777058646,23.94
1707,0.77818045,22.95
1708,0.779330522,23.28
1709,0.780504689,19.83
1710,0.781698853,20.86
1711,0.782908663,19.83
1712,0.784128673,23.19
1713,0.785353601,24.84
1714,0.786577486,25.38
1715,0.787793651,23.97
1716,0.788995303,22.48
1717,0.790175132,22.73
1718,0.79132548,24.14
1719,0.792438291,22.55
1720,0.79350549,23.68
1721,0.794519208,26.27
1722,0.795470878,27.72
1723,0.796352759,28.33
1724,0.797157273,27.44
1725,0.797877125,25.33
1726,0.798505776,23.07
1727,0.799037449,21.54
1728,0.799466878,21.01
1729,0.799789943,23.02
1730,0.800003827,22.3
1731,0.800105982,22.46
1732,0.800095625,23.34
1733,0.799972832,24.43
1734,0.799738921,26.07
1735,0.799396396,27.58
1736,0.798948668,27.71
1737,0.798400924,26.85
1738,0.797758743,26.58
1739,0.797028743,27.8
1740,0.796219498,28.25
1741,0.795339674,25.18
1742,0.794399492,21.71
1743,0.793409586,23.1
1744,0.79238192,25.79
1745,0.791328833,27.07
1746,0.790263794,26.09
1747,0.789200395,25.23
1748,0.788152777,25.91
1749,0.787135579,27.34
1750,0.786163397,26.62
1751,0.785250731,25.86
1752,0.784412101,25.95
1753,0.783661187,23.73
1754,0.783011496,24.26
1755,0.782475144,24.79
1756,0.782063767,22.62
1757,0.781787336,22.01
1758,0.781654626,21.44
1759,0.781673245,23.24
1760,0.781848706,24.2
1761,0.782185264,24.14
1762,0.782685615,22.51
1763,0.783350326,21.8
1764,0.784178972,21.97
1765,0.785169519,21.41
1766,0.786318138,20.96
1767,0.787620224,21.45
1768,0.789069481,22.73
1769,0.790658876,24.1
1770,0.792380609,25.69
1771,0.79422579,26.87
1772,0.796184793,26.82
1773,0.798247762,25.66
1774,0.800404295,24.5
1775,0.802643567,24.35
1776,0.80495473,24.58
1777,0.80732657,24.22
1778,0.809748136,23.99
1779,0.812208571,23.86
1780,0.81469696,24.66
1781,0.817203254,23.94
1782,0.819717444,23.27
1783,0.822230399,23.71
1784,0.824733958,23.63
1785,0.827220835,23.89
1786,0.829684421,23.65
1787,0.832120046,22.96
1788,0.834523872,21.16
1789,0.836894073,19.81
1790,0.839230128,19.76
1791,0.84153337,22.78
1792,0.843807049,26.02
1793,0.846055925,26.9
1794,0.848287359,27.37
1795,0.850509822,26.42
1796,0.852733828,22.99
1797,0.85497161,23.2
1798,0.857236691,24.95
1799,0.859543934,25.98
1800,0.861908659,26.89
1801,0.864347331,27.1
1802,0.866876006,27.07
1803,0.869510449,25.13
1804,0.872265987,23.14
1805,0.875156417,19.61
1806,0.878194451,16.72
1807,0.881390765,17.15
1808,0.884754747,18.4
1809,0.888293497,19.27
1810,0.892011978,21.21
1811,0.895913795,23.13
1812,0.900000453,24.08
1813,0.904272392,24.65
1814,0.908728495,24.17
1815,0.913367011,24.94
1816,0.918185107,24.96
1817,0.923179917,26.22
1818,0.928348385,26.48
1819,0.933687173,18.28
1820,0.939193472,16.7
1821,0.944864519,18.98
1822,0.950698286,21.5
1823,0.956693202,19.67
1824,0.962848008,15.12
1825,0.969161935,14.84
1826,0.975634731,15
1827,0.982266434,18.59
1828,0.98905734,21.12
1829,0.996007606,22.54
1830,1.003117777,22.96
1831,1.010387495,23.17
1832,1.017816268,20.45
1833,1.025403,24.04
1834,1.033146203,23
1835,1.041042626,24.34
1836,1.049088612,24.35
1837,1.05727914,22.57
1838,1.06560789,14.93
1839,1.074066937,8.33
1840,1.082647502,6.83
1841,1.091339052,10.16
1842,1.100130022,11.23
1843,1.109007657,7.43
1844,1.117958501,9.22
1845,1.126967773,7.58
1846,1.136020601,8.47
1847,1.145101473,11.13
1848,1.154195234,4.99
1849,1.163286537,8.39
1850,1.17236048,10.43
1851,1.181403279,7.45
1852,1.190401226,7.61
1853,1.199341878,8.55
1854,1.208213717,8.39
1855,1.217006207,9.86
1856,1.225710049,10.03
1857,1.234316692,11.14
1858,1.242818296,15.75
1859,1.251207888,10.26
1860,1.259478867,7
1861,1.2676256,6.87
1862,1.275641575,10.3
1863,1.283521459,11.1
1864,1.29125914,11.99
1865,1.29884845,7.57
1866,1.306282923,3.8
1867,1.313555285,3.66
1868,1.320657879,-1.88
1869,1.327582762,-0.47
1870,1.334321052,2.09
1871,1.34086363,0.56
1872,1.347200468,-2.13
1873,1.353321642,-0.46
1874,1.35921669,0.64
1875,1.36487487,2.59
1876,1.370285541,4.21
1877,1.375438333,4.1
1878,1.380322635,2.28
1879,1.384928569,1.03
1880,1.389246747,2.25
1881,1.393267825,4.97
1882,1.396983713,8.98
1883,1.400386974,8.02
1884,1.403470919,4.21
1885,1.406229511,-3.44
1886,1.408657521,-4.45
1887,1.410751194,0.2
1888,1.412507311,5.78
1889,1.413923576,8.6
1890,1.414998755,11.64
1891,1.415732235,4.36
1892,1.416124865,0.97
1893,1.416178048,-1.14
1894,1.415893808,-0.11
1895,1.415275291,-1.83
1896,1.414326787,-3.26
1897,1.413052917,-2.82
1898,1.411459416,-2.75
1899,1.409553021,-1.55
1900,1.407340616,2.59
1901,1.404830292,4.05
1902,1.402031541,7.21
1903,1.398953542,6.69
1904,1.395607397,5.71
1905,1.392003849,3.35
1906,1.388155222,1.08
1907,1.38407445,2.91
1908,1.379774645,6.68
1909,1.375270218,4.69
1910,1.370575875,1.51
1911,1.365706533,1.41
1912,1.360677749,0.54
1913,1.355505392,2.08
1914,1.350205764,1.94
1915,1.344794855,5.77
1916,1.339289024,10.36
1917,1.333704248,0.68
1918,1.328056619,0.59
1919,1.322361678,6.67
1920,1.316634879,5.9
1921,1.310891002,2.9
1922,1.305144936,1.46
1923,1.299410224,2.42
1924,1.293700203,4.27
1925,1.288027525,5.27
1926,1.282404155,8.78
1927,1.276840687,10.92
1928,1.271348178,0.21
1929,1.265935153,-4.15
1930,1.26061064,-2.8
1931,1.255381405,-0.93
1932,1.250254303,-0.6
1933,1.245233908,-3.13
1934,1.240324974,-2.69
1935,1.235530645,0.38
1936,1.230852515,1.4
1937,1.226291567,1.5
1938,1.22184822,1.49
1939,1.217521444,-8.42
1940,1.213309452,-13.76
1941,1.20920971,-5.22
1942,1.205218911,5.25
1943,1.201333463,-2.88
1944,1.197548836,-8.6
1945,1.193860367,-4.67
1946,1.190262541,-4.23
1947,1.186750025,-1.68
1948,1.183316782,-8.21
1949,1.179956615,-16.58
1950,1.176663369,-15.65
1951,1.173430294,-5.96
1952,1.170250565,-0.99
1953,1.167117178,7.03
1954,1.164023012,9.51
1955,1.160960749,5.65
1956,1.157922566,8.18
1957,1.154900685,9.8
1958,1.151887238,-4.81
1959,1.148874387,-6.61
1960,1.145853207,-2.82
1961,1.142815471,1.56
1962,1.139752671,5.2
1963,1.136655748,-1.58
1964,1.133516043,4.3
1965,1.13032496,2.25
1966,1.127073467,-1.82
1967,1.123752907,-1
1968,1.120354801,-1.01
1969,1.116870165,-1.62
1970,1.113291219,1.77
1971,1.109609827,3.35
1972,1.10581781,2.61
1973,1.10190782,5.66
1974,1.097872302,7.89
1975,1.093704745,-2.65
1976,1.089398041,0.23
1977,1.084946185,2.8
1978,1.080343328,-0.49
1979,1.075583935,0.08
1980,1.070663184,1.63
1981,1.065576673,-0.7
1982,1.060320973,-8.08
1983,1.054893374,-8.42
1984,1.049291693,-6.37
1985,1.043515183,-2.28
1986,1.037564307,0.61
1987,1.031440452,3.03
1988,1.025146902,7.99
1989,1.0186885,3.42
1990,1.012071595,2.98
1991,1.005304493,9.43
1992,0.998397559,15.85
1993,0.991362683,7.7
1994,0.984213732,3.16
1995,0.976966433,2.62
1996,0.969637714,2.36
1997,0.962246597,3.4
1998,0.954812624,5.63
1999,0.947356284,6.4
2000,0.939898871,5.73
2001,0.932461515,3.66
2002,0.925065078,7.37
2003,0.917730041,8.03
2004,0.910475977,3.55
2005,0.903321013,4.83
2006,0.896282122,10.62
2007,0.889373824,12.68
2008,0.882609874,11.07
2009,0.876001157,1.07
2010,0.869557254,1.36
2011,0.863285787,6.13
2012,0.857192323,8.98
2013,0.851281427,11.06
2014,0.845555738,11.29
2015,0.840017475,13.89
2016,0.834667109,15.12
2017,0.829505034,17.25
2018,0.824531056,15.35
2019,0.819744095,11.93
2020,0.815143093,15.31
2021,0.810726896,17.13
2022,0.806494191,11.57
2023,0.802443177,9.55
2024,0.79857225,5.53
2025,0.794879273,12.95
2026,0.791362152,17.27
2027,0.788018219,18.15
2028,0.784844793,8.27
2029,0.781838916,6.58
2030,0.778997198,10.28
2031,0.776315965,15.55
2032,0.77379138,17.4
2033,0.771419518,13.3
2034,0.769196317,15.35
2035,0.767117441,14.13
2036,0.765178636,10.6
2037,0.76337564,9.93
2038,0.761704363,12.44
2039,0.760160401,15.76
2040,0.758739792,19.88
2041,0.757438488,17.94
2042,0.756252415,16.26
2043,0.755177848,14.26
2044,0.754210614,14.09
2045,0.753347464,16.95
2046,0.752584212,17.3
2047,0.751917288,17.98
2048,0.751342624,20.74
2049,0.750856586,14.15
2050,0.75045523,11.9
2051,0.750134483,10.55
2052,0.749889947,10.76
2053,0.749717519,12.59
2054,0.749612443,14.78
2055,0.749570124,18.25
2056,0.749585465,22.22
2057,0.749653354,22.58
2058,0.749768235,21.8
2059,0.749924257,17.28
2060,0.750115871,13.29
2061,0.750336453,19.45
2062,0.750579678,22.97
2063,0.750839129,22.65
2064,0.751107842,24.73
2065,0.751378991,23.27
2066,0.751645342,21.77
2067,0.751900449,24.48
2068,0.752136774,22.5
2069,0.752347864,21.15
2070,0.752527088,20.38
2071,0.752667941,21.41
2072,0.752764635,20.72
2073,0.752811365,17.79
2074,0.752803341,20.22
2075,0.752735935,22.77
2076,0.75260552,22.31
2077,0.752408721,21.52
2078,0.752143316,21.29
2079,0.751807466,21.38
2080,0.75140053,20.64
2081,0.750922292,18.2
2082,0.750373818,18.82
2083,0.7497565,16.08
2084,0.749072745,16.63
2085,0.748326004,20.25
2086,0.747520022,22.56
2087,0.746659629,21.8
2088,0.745749742,21.73
2089,0.74479679,22.42
2090,0.743807152,20.68
2091,0.742787838,20.04
2092,0.741746217,20.95
2093,0.74069044,22.13
2094,0.739628404,22.69
2095,0.738568731,22.47
2096,0.737519778,24.42
2097,0.736490324,24.51
2098,0.73548919,25.3
2099,0.734524712,25.91
2100,0.73360537,25.79
2101,0.732739657,25.33
2102,0.731935255,26.3
2103,0.73119992,25.62
2104,0.730540641,25.08
2105,0.729964115,26.21
2106,0.729476534,25.93
2107,0.729083426,24.83
2108,0.728789665,24.24
2109,0.728599809,24.35
2110,0.728516944,26.63
2111,0.728544526,25.92
2112,0.728684552,23.31
2113,0.728938535,24.43
2114,0.729307413,25.58
2115,0.729791328,25.5
2116,0.730389819,24.87
2117,0.731101781,24.96
2118,0.731925383,26.79
2119,0.732858568,28.51
2120,0.733898029,28.86
2121,0.735040851,27.73
2122,0.736282945,22.86
2123,0.737620018,20.47
2124,0.739047378,20.74
2125,0.740559816,21.39
2126,0.742151991,22.92
2127,0.743817978,24.4
2128,0.745551743,25.72
2129,0.747347012,25.3
2130,0.749197386,23.77
2131,0.751096278,22.79
2132,0.753037028,22.94
2133,0.755012982,23.97
2134,0.757017605,24.03
2135,0.759044625,24.83
2136,0.761087961,25.57
2137,0.763142087,25.59
2138,0.765201755,24.25
2139,0.767262392,25.37
2140,0.769320033,24.74
2141,0.771371543,23.79
2142,0.773414299,24.58
2143,0.775446557,25.38
2144,0.777467616,25.76
2145,0.779477395,24.96
2146,0.781476848,23.19
2147,0.783467472,23.11
2148,0.785452142,25.33
2149,0.78743428,26.7
2150,0.789418288,26.34
2151,0.791409425,26.7
2152,0.793414243,25.6
2153,0.795439601,23.79
2154,0.79749389,21.5
2155,0.799585886,19.76
2156,0.801725283,20.64
2157,0.803922534,21.4
2158,0.806188442,22.8
2159,0.808534123,21.31
2160,0.810970716,20.85
2161,0.813509442,23.32
2162,0.816160806,21.65
2163,0.81893485,22.12
2164,0.821840547,22.54
2165,0.824885935,23.12
2166,0.828077719,23.85
2167,0.831421152,20
2168,0.834920213,20.46
2169,0.838577345,20.66
2170,0.842393614,19.71
2171,0.846368991,21.71
2172,0.850501753,25.53
2173,0.854790121,26.68
2174,0.859230384,26.79
2175,0.863819055,26.79
2176,0.868551761,22.61
2177,0.873424113,23.28
2178,0.878431574,25.25
2179,0.883569628,24.05
2180,0.888834171,23.26
2181,0.894221112,23.87
2182,0.899727054,24.93
2183,0.905349255,25.39
2184,0.911085315,25.37
