REGION,YEAR,WEEK,ILITOTAL,PERCENT POSITIVE,Influenza,cases
Illinois,2013,40,859,1.23,10.5657,10.5657
Illinois,2013,41,932,1.15,10.718,10.59616
Illinois,2013,42,937,2.15,20.1455,12.506028
Illinois,2013,43,1036,0,0,10.0048224
Illinois,2013,44,1072,0.96,10.2912,10.06209792
Illinois,2013,45,1069,0,0,8.049678336
Illinois,2013,46,1060,0,0,6.439742669
Illinois,2013,47,1095,8.7,95.265,24.20479414
Illinois,2013,48,1012,2.33,23.5796,24.07975531
Illinois,2013,49,1371,15.33,210.1743,61.29866425
Illinois,2013,50,1337,18.44,246.5428,98.3474914
Illinois,2013,51,1627,33.01,537.0727,186.0925331
Illinois,2013,52,1920,42.72,820.224,312.9188265
Illinois,2014,1,1995,43.84,874.608,425.2566612
Illinois,2014,2,1716,25.31,434.3196,427.069249
Illinois,2014,3,1712,24.89,426.1168,426.8787592
Illinois,2014,4,1538,23.53,361.8914,413.8812873
Illinois,2014,5,1240,20,248,380.7050299
Illinois,2014,6,1120,22.36,250.432,354.6504239
Illinois,2014,7,1146,13.74,157.4604,315.2124191
Illinois,2014,8,1182,9.09,107.4438,273.6586953
Illinois,2014,9,1186,14.88,176.4768,254.2223162
Illinois,2014,10,1033,11.94,123.3402,228.045893
Illinois,2014,11,1101,6.32,69.5832,196.3533544
Illinois,2014,12,975,8.33,81.2175,173.3261835
Illinois,2014,13,1126,6.02,67.7852,152.2179868
Illinois,2014,14,1158,5.13,59.4054,133.6554694
Illinois,2014,15,1181,13.4,158.254,138.5751756
Illinois,2014,16,1006,7.92,79.6752,126.7951804
Illinois,2014,17,1093,15.31,167.3383,134.9038044
Illinois,2014,18,956,14.86,142.0616,136.3353635
Illinois,2014,19,1055,10.1,106.555,130.3792908
Illinois,2014,20,808,8.24,66.5792,117.6192726
Illinois,2014,21,794,3.75,29.775,100.0504181
Illinois,2014,22,757,1.15,8.7055,81.78143448
Illinois,2014,23,761,1.41,10.7301,67.57116759
Illinois,2014,24,678,0,0,54.05693407
Illinois,2014,25,660,0,0,43.24554726
Illinois,2014,26,461,2.9,13.369,37.2702378
Illinois,2014,27,347,0,0,29.81619024
Illinois,2014,28,392,0,0,23.85295219
Illinois,2014,29,351,0,0,19.08236176
Illinois,2014,30,343,2.08,7.1344,16.6927694
Illinois,2014,31,331,0,0,13.35421552
Illinois,2014,32,338,0,0,10.68337242
Illinois,2014,33,351,0,0,8.546697935
Illinois,2014,34,410,0,0,6.837358348
Illinois,2014,35,362,4.17,15.0954,8.488966679
Illinois,2014,36,559,0,0,6.791173343
Illinois,2014,37,984,0,0,5.432938674
Illinois,2014,38,966,0,0,4.346350939
Illinois,2014,39,801,0,0,3.477080752
Illinois,2014,40,853,0.55,4.6915,3.719964601
Illinois,2014,41,831,3.78,31.4118,9.258331681
Illinois,2014,42,929,2.35,21.8315,11.77296534
Illinois,2014,43,899,5.7,51.243,19.66697228
Illinois,2014,44,979,8.27,80.9633,31.92623782
Illinois,2014,45,1109,16.99,188.4191,63.22481026
Illinois,2014,46,1212,17.32,209.9184,92.56352821
Illinois,2014,47,1378,27.33,376.6074,149.3723026
Illinois,2014,48,1810,32.25,583.725,236.2428421
Illinois,2014,49,2687,31.26,839.9562,356.9855136
Illinois,2014,50,3463,28.68,993.1884,484.2260909
Illinois,2014,51,3569,31.24,1114.9556,610.3719927
Illinois,2014,52,2308,26.07,601.6956,608.6367142
Illinois,2014,53,2035,17.65,359.1775,558.7448713
Illinois,2015,1,1397,13.21,184.5437,483.9046371
Illinois,2015,2,1120,9.59,107.408,408.6053097
Illinois,2015,3,1158,6.55,75.849,342.0540477
Illinois,2015,4,1153,6.93,79.9029,289.6238182
Illinois,2015,5,1030,4.65,47.895,241.2780545
Illinois,2015,6,1288,6.36,81.9168,209.4058036
Illinois,2015,7,1232,7.69,94.7408,186.4728029
Illinois,2015,8,1285,9.21,118.3485,172.8479423
Illinois,2015,9,1359,15.01,203.9859,179.0755339
Illinois,2015,10,1484,21.39,317.4276,206.7459471
Illinois,2015,11,1562,21.26,332.0812,231.8129977
Illinois,2015,12,1549,17.41,269.6809,239.3865781
Illinois,2015,13,1547,19.11,295.6317,250.6356025
Illinois,2015,14,1358,15.91,216.0578,243.720042
Illinois,2015,15,1142,10.6,121.052,219.1864336
Illinois,2015,16,922,10.24,94.4128,194.2317069
Illinois,2015,17,937,7.24,67.8388,168.9531255
Illinois,2015,18,878,6,52.68,145.6985004
Illinois,2015,19,752,0.97,7.2944,118.0176803
Illinois,2015,20,742,0.92,6.8264,95.77942426
Illinois,2015,21,562,0.57,3.2034,77.26421941
Illinois,2015,22,558,1.22,6.8076,63.17289553
Illinois,2015,23,521,0.7,3.647,51.26771642
Illinois,2015,24,435,0,0,41.01417314
Illinois,2015,25,548,0,0,32.81133851
Illinois,2015,26,448,2.54,11.3792,28.52491081
Illinois,2015,27,435,0.89,3.8715,23.59422865
Illinois,2015,28,437,1.89,8.2593,20.52724292
Illinois,2015,29,415,0,0,16.42179433
Illinois,2015,30,432,1.03,4.4496,14.02735547
Illinois,2015,31,438,1.12,4.9056,12.20300437
Illinois,2015,32,412,1.06,4.3672,10.6358435
Illinois,2015,33,384,0,0,8.508674799
Illinois,2015,34,450,0.89,4.005,7.607939839
Illinois,2015,35,428,0.64,2.7392,6.634191871
Illinois,2015,36,500,0,0,5.307353497
Illinois,2015,37,643,1.03,6.6229,5.570462798
Illinois,2015,38,609,0.45,2.7405,5.004470238
Illinois,2015,39,542,0.34,1.8428,4.372136191
Illinois,2015,40,833,1.13,9.4129,5.380288952
Illinois,2015,41,908,1.11,10.0788,6.319991162
Illinois,2015,42,806,2.18,17.5708,8.57015293
Illinois,2015,43,842,3.55,29.891,12.83432234
Illinois,2015,44,920,2.11,19.412,14.14985787
Illinois,2015,45,1020,4.8,48.96,21.1118863
Illinois,2015,46,978,3.02,29.5356,22.79662904
Illinois,2015,47,830,2,16.6,21.55730323
Illinois,2015,48,1057,1.37,14.4809,20.14202259
Illinois,2015,49,1119,0.84,9.3996,17.99353807
Illinois,2015,50,1008,1.61,16.2288,17.64059045
Illinois,2015,51,1041,1.79,18.6339,17.83925236
Illinois,2015,52,1034,1.5,15.51,17.37340189
Illinois,2016,1,1178,6.83,80.4574,29.99020151
Illinois,2016,2,1217,3.76,45.7592,33.14400121
Illinois,2016,3,1238,6.5,80.47,42.60920097
Illinois,2016,4,1402,10.66,149.4532,63.97800077
Illinois,2016,5,1551,13.03,202.0953,91.60146062
Illinois,2016,6,1699,15.09,256.3791,124.5569885
Illinois,2016,7,2003,19.21,384.7763,176.6008508
Illinois,2016,8,1989,20.88,415.3032,224.3413206
Illinois,2016,9,2162,19.73,426.5626,264.7855765
Illinois,2016,10,2093,21.3,445.809,300.9902612
Illinois,2016,11,1642,14.46,237.4332,288.278849
Illinois,2016,12,1335,11.56,154.326,261.4882792
Illinois,2016,13,1246,10.72,133.5712,235.9048633
Illinois,2016,14,1029,8.31,85.5099,205.8258707
Illinois,2016,15,955,12.4,118.42,188.3446965
Illinois,2016,16,894,8.52,76.1688,165.9095172
Illinois,2016,17,800,9.09,72.72,147.2716138
Illinois,2016,18,664,2.67,17.7288,121.363051
Illinois,2016,19,699,3.52,24.6048,102.0114008
Illinois,2016,20,636,3.21,20.4156,85.69224066
Illinois,2016,21,540,1.66,8.964,70.34659253
Illinois,2016,22,513,0.82,4.2066,57.11859402
Illinois,2016,23,395,0,0,45.69487522
Illinois,2016,24,310,1.52,4.712,37.49830017
Illinois,2016,25,346,0,0,29.99864014
Illinois,2016,26,355,0,0,23.99891211
Illinois,2016,27,289,1.1,3.179,19.83492969
Illinois,2016,28,317,0,0,15.86794375
Illinois,2016,29,307,0,0,12.694355
Illinois,2016,30,295,0,0,10.155484
Illinois,2016,31,267,0.95,2.5365,8.6316872
Illinois,2016,32,263,0,0,6.90534976
Illinois,2016,33,275,0,0,5.524279808
Illinois,2016,34,327,0,0,4.419423847
Illinois,2016,35,315,1.8,5.67,4.669539077
Illinois,2016,36,396,0,0,3.735631262
Illinois,2016,37,516,0.68,3.5088,3.690265009
Illinois,2016,38,497,1.4,6.958,4.343812008
Illinois,2016,39,623,0.58,3.6134,4.197729606
Illinois,2016,40,640,0.53,3.392,4.036583685
Illinois,2016,41,571,0,0,3.229266948
Illinois,2016,42,743,0.37,2.7491,3.133233558
Illinois,2016,43,742,0.34,2.5228,3.011146847
Illinois,2016,44,804,0,0,2.408917477
Illinois,2016,45,827,0.36,2.9772,2.522573982
Illinois,2016,46,899,2.41,21.6659,6.351239185
Illinois,2016,47,744,2.08,15.4752,8.176031348
Illinois,2016,48,860,1.58,13.588,9.258425079
Illinois,2016,49,894,1.49,13.3206,10.07086006
Illinois,2016,50,943,4.49,42.3407,16.52482805
Illinois,2016,51,978,6.18,60.4404,25.30794244
Illinois,2016,52,1234,9.72,119.9448,44.23531395
Illinois,2017,1,1267,9.27,117.4509,58.87843116
Illinois,2017,2,1350,15.84,213.84,89.87074493
Illinois,2017,3,1443,17.31,249.7833,121.8532559
Illinois,2017,4,1640,15.34,251.576,147.7978048
Illinois,2017,5,1810,24.67,446.527,207.5436438
Illinois,2017,6,2297,26.28,603.6516,286.765235
Illinois,2017,7,2435,30.89,752.1715,379.846488
Illinois,2017,8,2284,39.21,895.5564,482.9884704
Illinois,2017,9,1743,22.32,389.0376,464.1982963
Illinois,2017,10,1759,22.1,388.739,449.1064371
Illinois,2017,11,1450,19.21,278.545,414.9941497
Illinois,2017,12,1440,24.52,353.088,402.6129197
Illinois,2017,13,1348,21.28,286.8544,379.4612158
Illinois,2017,14,1169,15.92,186.1048,340.7899326
Illinois,2017,15,764,15.63,119.4132,296.5145861
Illinois,2017,16,676,9.15,61.854,249.5824689
Illinois,2017,17,681,5.34,36.3654,206.9390551
Illinois,2017,18,617,5.58,34.4286,172.4369641
Illinois,2017,19,715,5.2,37.18,145.3855713
Illinois,2017,20,576,2.74,15.7824,119.464937
Illinois,2017,21,485,1,4.85,96.54194961
Illinois,2017,22,417,1.87,7.7979,78.79313969
Illinois,2017,23,404,0.56,2.2624,63.48699175
Illinois,2017,24,339,2.88,9.7632,52.7422334
Illinois,2017,25,328,0,0,42.19378672
Illinois,2017,26,293,0,0,33.75502938
Illinois,2017,27,226,1,2.26,27.4560235
Illinois,2017,28,276,3.39,9.3564,23.8360988
Illinois,2017,29,238,0.97,2.3086,19.53059904
Illinois,2017,30,242,0,0,15.62447923
Illinois,2017,31,256,0,0,12.49958339
Illinois,2017,32,249,0,0,9.999666709
Illinois,2017,33,273,0,0,7.999733367
Illinois,2017,34,263,0.77,2.0251,6.804806694
Illinois,2017,35,299,0.84,2.5116,5.946165355
Illinois,2017,36,354,0.59,2.0886,5.174652284
Illinois,2017,37,476,1.24,5.9024,5.320201827
Illinois,2017,38,469,1.72,8.0668,5.869521462
Illinois,2017,39,473,1.52,7.1896,6.133537169
Illinois,2017,40,571,0.95,5.4245,5.991729736
Illinois,2017,41,583,0.48,2.7984,5.353063788
Illinois,2017,42,485,1.59,7.7115,5.824751031
Illinois,2017,43,535,0.46,2.461,5.152000825
Illinois,2017,44,549,3.45,18.9405,7.90970066
Illinois,2017,45,633,3.62,22.9146,10.91068053
Illinois,2017,46,610,3.25,19.825,12.69354442
Illinois,2017,47,545,6.78,36.951,17.54503554
Illinois,2017,48,906,9.35,84.711,30.97822843
Illinois,2017,49,957,12.8,122.496,49.28178274
Illinois,2017,50,1397,19.19,268.0843,93.0422862
Illinois,2017,51,1956,28.45,556.482,185.730229
Illinois,2017,52,2524,36.68,925.8032,333.7448232
Illinois,2018,1,2495,33.92,846.304,436.2566585
Illinois,2018,2,2465,31.45,775.2425,504.0538268
Illinois,2018,3,2370,39.32,931.884,589.6198615
Illinois,2018,4,2560,34.69,888.064,649.3086892
Illinois,2018,5,2720,29.56,804.032,680.2533513
Illinois,2018,6,2552,28.75,733.7,690.9426811
Illinois,2018,7,2414,28.32,683.6448,689.4831049
Illinois,2018,8,1879,22.29,418.8291,635.3523039
Illinois,2018,9,1279,18.15,232.1385,554.7095431
Illinois,2018,10,1081,18.52,200.2012,483.8078745
Illinois,2018,11,1051,17.63,185.2913,424.1045596
Illinois,2018,12,958,19.14,183.3612,375.9558877
Illinois,2018,13,811,17.35,140.7085,328.9064101
Illinois,2018,14,781,9.83,76.7723,278.4795881
Illinois,2018,15,695,11,76.45,238.0736705
Illinois,2018,16,506,10.6,53.636,201.1861364
Illinois,2018,17,578,8.75,50.575,171.0639091
Illinois,2018,18,445,9.47,42.1415,145.2794273
Illinois,2018,19,423,4.39,18.5697,119.9374818
Illinois,2018,20,387,2.72,10.5264,98.05526547
Illinois,2018,21,366,2.22,8.1252,80.06925237
Illinois,2018,22,319,0.83,2.6477,64.5849419
Illinois,2018,23,224,2.13,4.7712,52.62219352
Illinois,2018,24,209,0,0,42.09775481
Illinois,2018,25,269,0,0,33.67820385
Illinois,2018,26,239,2.67,6.3813,28.21882308
Illinois,2018,27,241,1.27,3.0607,23.18719847
Illinois,2018,28,264,0,0,18.54975877
Illinois,2018,29,221,0,0,14.83980702
Illinois,2018,30,164,0,0,11.87184561
Illinois,2018,31,177,0,0,9.497476491
Illinois,2018,32,157,0,0,7.597981193
Illinois,2018,33,172,0,0,6.078384954
Illinois,2018,34,188,0,0,4.862707964
Illinois,2018,35,269,0,0,3.890166371
Illinois,2018,36,263,0,0,3.112133097
Illinois,2018,37,292,1.63,4.7596,3.441626477
Illinois,2018,38,334,0,0,2.753301182
Illinois,2018,39,272,0.74,2.0128,2.605200945
Illinois,2018,40,394,3.09,12.1746,4.519080756
Illinois,2018,41,493,0.49,2.4157,4.098404605
Illinois,2018,42,518,0,0,3.278723684
Illinois,2018,43,579,0.8,4.632,3.549378947
Illinois,2018,44,656,1.98,12.9888,5.437263158
Illinois,2018,45,632,0.34,2.1488,4.779570526
Illinois,2018,46,649,2.01,13.0449,6.432636421
Illinois,2018,47,627,2.11,13.2297,7.792049137
Illinois,2018,48,732,2.11,15.4452,9.322679309
Illinois,2018,49,788,2.15,16.942,10.84654345
Illinois,2018,50,849,4.04,34.2996,15.53715476
Illinois,2018,51,987,7.2,71.064,26.64252381
Illinois,2018,52,1339,10.2,136.578,48.62961905
Illinois,2019,1,1262,11.79,148.7898,68.66165524
Illinois,2019,2,1019,10.78,109.8482,76.89896419
Illinois,2019,3,1057,14.66,154.9562,92.51041135
Illinois,2019,4,1046,15.15,158.469,105.7021291
Illinois,2019,5,1089,18.62,202.7718,125.1160633
Illinois,2019,6,1198,19.69,235.8862,147.2700906
Illinois,2019,7,1326,27.79,368.4954,191.5151525
Illinois,2019,8,1601,22.52,360.5452,225.321162
Illinois,2019,9,1557,22.94,357.1758,251.6920896
Illinois,2019,10,1650,26.28,433.62,288.0776717
Illinois,2019,11,1907,25.27,481.8989,326.8419173
Illinois,2019,12,1458,20.34,296.5572,320.7849739
Illinois,2019,13,1255,23.9,299.945,316.6169791
Illinois,2019,14,1062,19.51,207.1962,294.7328233
Illinois,2019,15,847,17.57,148.8179,265.5498386
Illinois,2019,16,691,10.29,71.1039,226.6606509
Illinois,2019,17,562,8.27,46.4774,190.6240007
Illinois,2019,18,479,9.5,45.505,161.6002006
Illinois,2019,19,487,4.56,22.2072,133.7216005
Illinois,2019,20,445,5.8,25.81,112.1392804
Illinois,2019,21,370,1.49,5.513,90.81402429
Illinois,2019,22,281,2.63,7.3903,74.12927944
Illinois,2019,23,243,0,0,59.30342355
Illinois,2019,24,272,0.68,1.8496,47.81265884
Illinois,2019,25,219,0.7,1.533,38.55672707
Illinois,2019,26,238,1,2.38,31.32138166
Illinois,2019,27,195,1.18,2.301,25.51730533
Illinois,2019,28,195,0,0,20.41384426
Illinois,2019,29,197,0,0,16.33107541
Illinois,2019,30,193,0,0,13.06486033
Illinois,2019,31,187,1.11,2.0757,10.86702826
Illinois,2019,32,191,0,0,8.693622609
Illinois,2019,33,161,1.12,1.8032,7.315538087
Illinois,2019,34,150,0,0,5.85243047
Illinois,2019,35,192,0,0,4.681944376
Illinois,2019,36,243,0.83,2.0169,4.148935501
Illinois,2019,37,360,1.76,6.336,4.586348401
Illinois,2019,38,331,1.06,3.5086,4.37079872
Illinois,2019,39,334,4.19,13.9946,6.295558976
Illinois,2019,40,1153,0.97,11.1841,7.273267181
Illinois,2019,41,1153,2.68,30.9004,11.99869374
Illinois,2019,42,1340,0,0,9.598954996
Illinois,2019,43,1658,0.9,14.922,10.663564
Illinois,2019,44,1523,1.58,24.0634,13.3435312
Illinois,2019,45,1579,1.55,24.4745,15.56972496
Illinois,2019,46,1649,1.93,31.8257,18.82091997
Illinois,2019,47,1784,4.76,84.9184,32.04041597
Illinois,2019,48,1984,4.1,81.344,41.90113278
Illinois,2019,49,2279,5.26,119.8754,57.49598622
Illinois,2019,50,2582,9.02,232.8964,92.57606898
Illinois,2019,51,3135,16.78,526.053,179.2714552
Illinois,2019,52,4725,23.8,1124.55,368.3271641
Illinois,2020,1,4364,21.96,958.3344,486.3286113
Illinois,2020,2,3672,21.3,782.136,545.4900891
Illinois,2020,3,3804,26.49,1007.6796,637.9279912
Illinois,2020,4,4839,30.4,1471.056,804.553593
Illinois,2020,5,6344,33.46,2122.7024,1068.183354
Illinois,2020,6,6839,39.18,2679.5202,1390.450724
Illinois,2020,7,5913,32.01,1892.7513,1490.910839
Illinois,2020,8,5545,33.61,1863.6745,1565.463571
Illinois,2020,9,4897,33.75,1652.7375,1582.918357
Illinois,2020,10,4936,28.35,1399.356,1546.205885
Illinois,2020,11,5288,18.59,983.0392,1433.572548
Illinois,2020,12,4682,5.89,275.7698,1202.011999
Illinois,2020,13,2623,1.17,30.6891,967.747419
Illinois,2020,14,1704,1.9,32.376,780.6731352
Illinois,2020,15,1286,1.46,18.7756,628.2936281
Illinois,2020,16,1076,0,0,502.6349025
Illinois,2020,17,991,1.73,17.1443,405.536782
Illinois,2020,18,893,2.89,25.8077,329.5909656
Illinois,2020,19,714,1.71,12.2094,266.1146525
Illinois,2020,20,626,1.8,11.268,215.145322
Illinois,2020,21,523,2.3,12.029,174.5220576
Illinois,2020,22,455,0,0,139.6176461
Illinois,2020,23,373,0,0,111.6941169
Illinois,2020,24,304,0,0,89.35529349
Illinois,2020,25,250,2.99,7.475,72.97923479
Illinois,2020,26,371,1.72,6.3812,59.65962783
Illinois,2020,27,368,4.08,15.0144,50.73058226
Illinois,2020,28,455,0,0,40.58446581
Illinois,2020,29,445,0,0,32.46757265
Illinois,2020,30,485,0,0,25.97405812
Illinois,2020,31,561,0,0,20.7792465
Illinois,2020,32,606,0,0,16.6233972
Illinois,2020,33,462,5.56,25.6872,18.43615776
Illinois,2020,34,567,0,0,14.74892621
Illinois,2020,35,500,0,0,11.79914096
Illinois,2020,36,429,2.63,11.2827,11.69585277
Illinois,2020,37,390,0,0,9.356682217
Illinois,2020,38,407,5.56,22.6292,12.01118577
Illinois,2020,39,499,0,0,9.608948619
Illinois,2020,40,590,3.57,21.063,11.8997589
Illinois,2020,41,739,3.26,24.0914,14.33808712
Illinois,2020,42,641,0,0,11.47046969
Illinois,2020,43,739,1.25,9.2375,11.02387575
Illinois,2020,44,874,0,0,8.819100604
Illinois,2020,45,1138,1.04,11.8352,9.422320483
Illinois,2020,46,1122,2.33,26.1426,12.76637639
Illinois,2020,47,1003,3.66,36.7098,17.55506111
Illinois,2020,48,772,0,0,14.04404889
Illinois,2020,49,689,1.33,9.1637,13.06797911
Illinois,2020,50,663,1.52,10.0776,12.46990329
Illinois,2020,51,577,0,0,9.97592263
Illinois,2020,52,470,3.08,14.476,10.8759381
Illinois,2020,53,533,1.28,6.8224,10.06523048
Illinois,2021,1,543,1.22,6.6246,9.377104387
Illinois,2021,2,501,1.67,8.3667,9.175023509
Illinois,2021,3,457,1.75,7.9975,8.939518807
Illinois,2021,4,420,0,0,7.151615046
Illinois,2021,5,425,1.69,7.1825,7.157792037
Illinois,2021,6,309,0,0,5.726233629
Illinois,2021,7,276,1.79,4.9404,5.569066904
Illinois,2021,8,325,0,0,4.455253523
Illinois,2021,9,293,4.29,12.5697,6.078142818
Illinois,2021,10,310,1.18,3.658,5.594114255
Illinois,2021,11,321,0,0,4.475291404
Illinois,2021,12,411,1.25,5.1375,4.607733123
Illinois,2021,13,409,0,0,3.686186498
Illinois,2021,14,571,0,0,2.948949199
Illinois,2021,15,502,0,0,2.359159359
Illinois,2021,16,557,0,0,1.887327487
Illinois,2021,17,549,0,0,1.50986199
Illinois,2021,18,485,0,0,1.207889592
Illinois,2021,19,557,1.61,8.9677,2.759851673
Illinois,2021,20,541,0,0,2.207881339
Illinois,2021,21,468,0,0,1.766305071
Illinois,2021,22,548,0.76,4.1648,2.246004057
Illinois,2021,23,561,1.16,6.5076,3.098323245
Illinois,2021,24,523,1.52,7.9496,4.068578596
Illinois,2021,25,564,1.79,10.0956,5.273982877
Illinois,2021,26,557,0,0,4.219186302
Illinois,2021,27,604,0,0,3.375349041
Illinois,2021,28,670,0,0,2.700279233
Illinois,2021,29,716,0,0,2.160223386
Illinois,2021,30,805,0,0,1.728178709
Illinois,2021,31,863,0,0,1.382542967
Illinois,2021,32,887,0.63,5.5881,2.223654374
Illinois,2021,33,958,0,0,1.778923499
Illinois,2021,34,999,0,0,1.423138799
Illinois,2021,35,1066,0.77,8.2082,2.780151039
Illinois,2021,36,1091,0,0,2.224120832
Illinois,2021,37,1053,0,0,1.779296665
Illinois,2021,38,936,0.37,3.4632,2.116077332
Illinois,2021,39,937,0,0,1.692861866
Illinois,2021,40,813,0.35,2.8455,1.923389493
Illinois,2021,41,797,0.93,7.4121,3.021131594
Illinois,2021,42,843,0,0,2.416905275
Illinois,2021,43,840,0.85,7.14,3.36152422
Illinois,2021,44,892,0,0,2.689219376
Illinois,2021,45,955,0.96,9.168,3.984975501
Illinois,2021,46,1094,0.38,4.1572,4.019420401
Illinois,2021,47,1169,3.47,40.5643,11.32839632
Illinois,2021,48,1487,3.39,50.4093,19.14457706
Illinois,2021,49,1580,4.68,73.944,30.10446165
Illinois,2021,50,1728,2.69,46.4832,33.38020932
Illinois,2021,51,2303,2.11,48.5933,36.42282745
Illinois,2021,52,2929,1.23,36.0267,36.34360196
Illinois,2022,1,2692,0.73,19.6516,33.00520157
Illinois,2022,2,1772,1.36,24.0992,31.22400126
Illinois,2022,3,1287,0.86,11.0682,27.192841
Illinois,2022,4,950,0.48,4.56,22.6662728
Illinois,2022,5,635,0.6,3.81,18.89501824
Illinois,2022,6,674,3.41,22.9834,19.71269459
Illinois,2022,7,768,1.16,8.9088,17.55191568
Illinois,2022,8,910,1.2,10.92,16.22553254
Illinois,2022,9,1033,5.91,61.0503,25.19048603
Illinois,2022,10,1186,7.39,87.6454,37.68146883
Illinois,2022,11,1405,8.49,119.2845,54.00207506
Illinois,2022,12,1498,6.75,101.115,63.42466005
Illinois,2022,13,1580,14,221.2,94.97972804
Illinois,2022,14,1654,14.71,243.3034,124.6444624
Illinois,2022,15,1799,12.48,224.5152,144.6186099
Illinois,2022,16,1881,14.14,265.9734,168.889568
Illinois,2022,17,1908,11.05,210.834,177.2784544
Illinois,2022,18,1845,11.65,214.9425,184.8112635
Illinois,2022,19,1983,9.9,196.317,187.1124108
Illinois,2022,20,1753,5.44,95.3632,168.7625686
Illinois,2022,21,1580,3.62,57.196,146.4492549
Illinois,2022,22,1572,2.91,45.7452,126.3084439
Illinois,2022,23,1316,1.58,20.7928,105.2053151
Illinois,2022,24,1098,1.39,15.2622,87.21669211
Illinois,2022,25,1009,0.85,8.5765,71.48865369
Illinois,2022,26,991,0.67,6.6397,58.51886295
Illinois,2022,27,1006,0,0,46.81509036
Illinois,2022,28,1034,0.33,3.4122,38.13451229
Illinois,2022,29,1107,0.32,3.5424,31.21608983
Illinois,2022,30,1058,0.96,10.1568,27.00423187
Illinois,2022,31,1063,1.11,11.7993,23.96324549
Illinois,2022,32,1066,0.39,4.1574,20.00207639
Illinois,2022,33,974,0,0,16.00166111
Illinois,2022,34,1290,1.13,14.577,15.71672889
Illinois,2022,35,1502,0.5,7.51,14.07538311
Illinois,2022,36,1575,1.12,17.64,14.78830649
Illinois,2022,37,1385,0,0,11.83064519
Illinois,2022,38,1423,0.28,3.9844,10.26139615
Illinois,2022,39,1560,0,0,8.209116923
Illinois,2022,40,1759,1.01,17.7659,10.12047354
Illinois,2022,41,2090,1.92,40.128,16.12197883
Illinois,2022,42,2422,2.95,71.449,27.18738306
Illinois,2022,43,2846,4.71,134.0466,48.55922645
Illinois,2022,44,3459,11.62,401.9358,119.2345412
Illinois,2022,45,3770,18.88,711.776,237.7428329
Illinois,2022,46,3802,26.78,1018.1756,393.8293863
Illinois,2022,47,5021,34.27,1720.6967,659.2028491
Illinois,2022,48,5396,29.14,1572.3944,841.8411593
Illinois,2022,49,4861,28.32,1376.6352,948.7999674
Illinois,2022,50,4377,22.9,1002.333,959.5065739
Illinois,2022,51,3126,17.08,533.9208,874.3894191
Illinois,2022,52,2520,11.4,287.28,756.9675353
Illinois,2023,1,1830,4.3,78.69,621.3120283
Illinois,2023,2,1440,3.37,48.528,506.7552226
Illinois,2023,3,1307,1.35,17.6445,408.9330781
Illinois,2023,4,1363,1.59,21.6717,331.4808025
Illinois,2023,5,1388,0.55,7.634,266.711442
Illinois,2023,6,1551,0.75,11.6325,215.6956536
Illinois,2023,7,1632,0.96,15.6672,175.6899629
Illinois,2023,8,1735,1.2,20.82,144.7159703
Illinois,2023,9,1731,1.19,20.5989,119.8925562
Illinois,2023,10,1695,0.84,14.238,98.76164499
Illinois,2023,11,1714,1.27,21.7678,83.36287599
Illinois,2023,12,1689,0.58,9.7962,68.64954079
Illinois,2023,13,1425,0.76,10.83,57.08563263
Illinois,2023,14,1252,1.69,21.1588,49.90026611
Illinois,2023,15,1112,1.57,17.4584,43.41189288
Illinois,2023,16,1047,0.42,4.3974,35.60899431
Illinois,2023,17,937,1.71,16.0227,31.69173545
Illinois,2023,18,944,1.5,14.16,28.18538836
Illinois,2023,19,827,2.47,20.4269,26.63369069
Illinois,2023,20,174,1.6,2.784,21.86375255
Illinois,2023,21,829,2.34,19.3986,21.37072204
Illinois,2023,22,769,1.8,13.842,19.86497763
Illinois,2023,23,613,0,0,15.8919821
Illinois,2023,24,530,1.59,8.427,14.39898568
Illinois,2023,25,468,0.92,4.3056,12.38030855
Illinois,2023,26,418,1.53,6.3954,11.18332684
Illinois,2023,27,425,0,0,8.94666147
Illinois,2023,28,383,0.27,1.0341,7.364149176
Illinois,2023,29,408,0.56,2.2848,6.348279341
Illinois,2023,30,440,0.95,4.18,5.914623473
Illinois,2023,31,566,0.96,5.4336,5.818418778
Illinois,2023,32,533,0.28,1.4924,4.953215023
Illinois,2023,33,601,2.58,15.5058,7.063732018
Illinois,2023,34,816,0,0,5.650985614
Illinois,2023,35,986,0.56,5.5216,5.625108492
Illinois,2023,36,956,0,0,4.500086793
Illinois,2023,37,1049,0.4,4.196,4.439269435
Illinois,2023,38,1102,0.2,2.204,3.992215548
Illinois,2023,39,1078,1.41,15.1998,6.233732438
Illinois,2023,40,1101,9.09,100.0809,25.00316595
Illinois,2023,41,1090,4.9,53.41,30.68453276
Illinois,2023,42,1081,3.53,38.1593,32.17948621
Illinois,2023,43,1402,5.98,83.8396,42.51150897
Illinois,2023,44,1466,3.15,46.179,43.24500717
Illinois,2023,45,1744,4.73,82.4912,51.09424574
Illinois,2023,46,2137,5.7,121.809,65.23719659
Illinois,2023,47,1976,9.38,185.3488,89.25951727
Illinois,2023,48,2337,6.17,144.1929,100.2461938
Illinois,2023,49,2391,10.47,250.3377,130.2644951
Illinois,2023,50,2475,13.76,340.56,172.323596
Illinois,2023,51,2595,15.93,413.3835,220.5355768
Illinois,2023,52,3085,15.02,463.367,269.1018615
Illinois,2024,1,2486,12.66,314.7276,278.2270092
Illinois,2024,2,1778,13.71,243.7638,271.3343673
Illinois,2024,3,1347,13.41,180.6327,253.1940339
Illinois,2024,4,1384,14.5,200.68,242.6912271
Illinois,2024,5,1665,15.63,260.2395,246.2008817
Illinois,2024,6,1959,11.98,234.6882,243.8983453
Illinois,2024,7,1878,15.82,297.0996,254.5385963
Illinois,2024,8,2259,17.59,397.3581,283.102497
Illinois,2024,9,2155,16.47,354.9285,297.4676976
Illinois,2024,10,2009,18.84,378.4956,313.6732781
Illinois,2024,11,1690,13.66,230.854,297.1094225
Illinois,2024,12,1645,12.02,197.729,277.233338
Illinois,2024,13,1557,20.37,317.1609,285.2188504
Illinois,2024,14,1390,13.8,191.82,266.5390803
Illinois,2024,15,1235,8.32,102.752,233.7816642
Illinois,2024,16,1056,10.43,110.1408,209.0534914
Illinois,2024,17,994,9.79,97.3126,186.7053131
Illinois,2024,18,960,7.18,68.928,163.1498505
Illinois,2024,19,860,3.49,30.014,136.5226804
Illinois,2024,20,859,0.67,5.7553,110.3692043
Illinois,2024,21,789,2.11,16.6479,91.62494345
Illinois,2024,22,706,0.84,5.9304,74.48603476
Illinois,2024,23,574,3.5,20.09,63.60682781
Illinois,2024,24,552,1.18,6.5136,52.18818225
Illinois,2024,25,481,4.35,20.9235,45.9352458
Illinois,2024,26,501,6.12,30.6612,42.88043664
Illinois,2024,27,462,0.98,4.5276,35.20986931
Illinois,2024,28,462,0.49,2.2638,28.62065545
Illinois,2024,29,500,0.91,4.55,23.80652436
Illinois,2024,30,556,1.95,10.842,21.21361949
Illinois,2024,31,583,1.39,8.1037,18.59163559
Illinois,2024,32,545,0.37,2.0165,15.27660847
Illinois,2024,33,668,0.36,2.4048,12.70224678
Illinois,2024,34,735,0.74,5.439,11.24959742
Illinois,2024,35,921,0.95,8.7495,10.74957794
Illinois,2024,36,822,2.33,19.1526,12.43018235
Illinois,2024,37,928,0,0,9.94414588
Illinois,2024,38,788,0.82,6.4616,9.247636704
Illinois,2024,39,819,0.27,2.2113,7.840369363
